INSERT INTO openstreetmap_schema.object_types (object_type, is_abstract, is_relation) VALUES
    ('AX_hat', false, true),
    ('AX_zeigtAuf', false, true),
    ('AX_gehoert', false, true),
    ('AX_gehoertZu', false, true),
    ('AX_zeigtAuf', false, true),
    ('AX_ist', false, true),
    ('AX_objekthoehe', false, true),

    ('AX_Strasse', false, true),
    ('AX_Wasserlauf', false, true),
    ('AX_Kanal', false, true),
    ('AX_Netzknoten', false, true),
    ('AX_BoeschungKliff', false, true),
    ('AX_SchutzgebietNachWasserrecht', false, true),
    ('AX_SchutzgebietNachNaturUmweltOderBodenschutzrecht', false, true),
    ('AX_Verwaltungsgemeinschaft', false, true),

    ('AX_KommunalesGebiet', false, true),
    ('AX_Gebiet_Bundesland', false, true),
    ('AX_Gebiet_Regierungsbezirk', false, true),
    ('AX_Gebiet_Kreis', false, true),
    ('AX_Gebiet', true, true),
    ('AX_Gebiet_Verwaltungsgemeinschaft', false, true),
    ('AX_KommunalesTeilgebiet', false, true),
    ('AX_Kondominium', false, true),

    ('AX_LagebezeichnungMitHausnummer', false, false),
    ('AX_LagebezeichnungMitPseudonummer', false, false),
    ('AX_Lage', true, false),
    ('AX_Person', false, false),
    ('AX_Anschrift', false, false),
    ('AX_Gebaeude', false, false),
    ('AX_Bauteil', false, false),
    ('AX_Gebaeude_Kerndaten', true, false),
    ('AX_TatsaechlicheNutzung', true, false),
    ('AX_Wohnbauflaeche', false, false),
    ('AX_IndustrieUndGewerbeflaeche', false, false),
    ('AX_Halde', false, false),
    ('AX_Bergbaubetrieb', false, false),
    ('AX_TagebauGrubeSteinbruch', false, false),
    ('AX_FlaecheGemischterNutzung', false, false),
    ('AX_FlaecheBesondererFunktionalerPraegung', false, false),
    ('AX_SportFreizeitUndErholungsflaeche', false, false),
    ('AX_Friedhof', false, false),
    ('AX_Strassenverkehr', false, false),
    ('AX_Strassenachse', false, false),
    ('AX_Fahrbahnachse', false, false),
    ('AX_Weg', false, false),
    ('AX_Fahrwegachse', false, false),
    ('AX_Platz', false, false),
    ('AX_Bahnverkehr', false, false),
    ('AX_Bahnstrecke', false, false),
    ('AX_Flugverkehr', false, false),
    ('AX_Schiffsverkehr', false, false),
    ('AX_Landwirtschaft', false, false),
    ('AX_Wald', false, false),
    ('AX_Gehoelz', false, false),
    ('AX_Heide', false, false),
    ('AX_Moor', false, false),
    ('AX_Sumpf', false, false),
    ('AX_UnlandVegetationsloseFlaeche', false, false),
    ('AX_Fliessgewaesser', false, false),
    ('AX_Gewaesserachse', false, false),
    ('AX_Hafenbecken', false, false),
    ('AX_StehendesGewaesser', false, false),
    ('AX_Meer', false, false),
    ('AX_BauwerkeEinrichtungenUndSonstigeAngaben', true, false),
    ('AX_Turm', false, false),
    ('AX_BauwerkOderAnlageFuerIndustrieUndGewerbe', false, false),
    ('AX_objekthoehe', false, true), -- wird als Relation (eigener object_type) geführt
    ('AX_VorratsbehaelterSpeicherbauwerk', false, false),
    ('AX_Transportanlage', false, false),
    ('AX_Leitung', false, false),
    ('AX_BauwerkOderAnlageFuerSportFreizeitUndErholung', false, false),
    ('AX_HistorischesBauwerkOderHistorischeEinrichtung', false, false),
    ('AX_SonstigesBauwerkOderSonstigeEinrichtung', false, false),
    ('AX_EinrichtungInOeffentlichenBereichen', false, false),
    ('AX_Ortslage', false, false),
    ('AX_Hafen', false, false),
    ('AX_Schleuse', false, false),
    ('AX_Grenzuebergang', false, false),
    ('AX_Testgelaende', false, false),
    ('AX_BauwerkImVerkehrsbereich', false, false),
    ('AX_Strassenverkehrsanlage', false, false),
    ('AX_WegPfadSteig', false, false),
    ('AX_Bahnverkehrsanlage', false, false),
    ('AX_SeilbahnSchwebebahn', false, false),
    ('AX_Gleis', false, false),
    ('AX_Flugverkehrsanlage', false, false),
    ('AX_EinrichtungenFuerDenSchiffsverkehr', false, false),
    ('AX_BauwerkImGewaesserbereich', false, false),
    ('AX_Vegetationsmerkmal', false, false),
    ('AX_Gewaessermerkmal', false, false),
    ('AX_Polder', false, false),
    ('AX_Nullpunkt', false, false),
    ('AX_Abschnitt', false, false),
    ('AX_Ast', false, false),
    ('AX_Wasserspiegelhoehe', false, false),
    ('AX_SchifffahrtslinieFaehrverkehr', false, false),
    ('AX_Gewaesserstationierungsachse', false, false),
    ('AX_Sickerstrecke', false, false),
    ('AX_Boeschungsflaeche', false, false),
    ('AX_DammWallDeich', false, false),
    ('AX_Einschnitt', false, false),
    ('AX_Hoehleneingang', false, false),
    ('AX_FelsenFelsblockFelsnadel', false, false),
    ('AX_Duene', false, false),
    ('AX_Hoehenlinie', false, false),
    ('AX_Soll', false, false),
    ('AX_Punkt3D', false, false),
    ('AX_Strukturlinie3D', false, false),
    ('AX_Flaeche3D', false, false),
    ('AX_AbgeleiteteHoehenlinie', false, false),
    ('AX_AndereFestlegungNachWasserrecht', false, false),
    ('AX_NaturUmweltOderBodenschutzrecht', false, false),
    ('AX_Denkmalschutzrecht', false, false),
    ('AX_SonstigesRecht', false, false),
    ('AX_Schutzzone', false, false),
    ('AX_Bundesland', false, false),
    ('AX_Regierungsbezirk', false, false),
    ('AX_KreisRegion', false, false),
    ('AX_Gemeinde', false, false),
    ('AX_Gemeindeteil', false, false),
    ('AX_Dienststelle', false, false),
    ('AX_Dienststelle_hat', false, true),
    ('AX_LagebezeichnungKatalogeintrag', false, false),
    ('AX_Katalogeintrag', true, false),
    ('AX_Landschaft', false, false),
    ('AX_Gewann', false, false),
    ('AX_Insel', false, false),
    ('AX_Wohnplatz', false, false),
    ('AX_Gebietsgrenze', false, false),
    ('AX_Benutzer', false, false),
    ('AX_Benutzergruppe', true, false),
    ('AX_BenutzergruppeMitZugriffskontrolle', false, false),
    ('AX_BenutzergruppeNBA', false, false)
ON CONFLICT (object_type) DO NOTHING;

INSERT INTO openstreetmap_schema.object_types_inheritance (object_type, extends_object_type) VALUES
    ('AX_LagebezeichnungMitHausnummer', 'AX_Lage'),
    ('AX_LagebezeichnungMitPseudonummer', 'AX_Lage'),
    ('AX_Lage', 'AA_NREO'),
    ('AX_Anschrift', 'AA_NREO'),
    ('AX_Gebaeude', 'AX_Gebaeude_Kerndaten'),
    ('AX_Gebaeude', 'AG_Objekt'),
    ('AX_Bauteil', 'AX_Gebaeude_Kerndaten'),
    ('AX_Bauteil', 'AG_Flaechenobjekt'),
    ('AX_TatsaechlicheNutzung', 'TA_SurfaceComponent'),
    ('AX_Wohnbauflaeche', 'AX_TatsaechlicheNutzung'),
    ('AX_IndustrieUndGewerbeflaeche', 'AX_TatsaechlicheNutzung'),
    ('AX_Halde', 'AX_TatsaechlicheNutzung'),
    ('AX_Bergbaubetrieb', 'AX_TatsaechlicheNutzung'),
    ('AX_TagebauGrubeSteinbruch', 'AX_TatsaechlicheNutzung'),
    ('AX_FlaecheGemischterNutzung', 'AX_TatsaechlicheNutzung'),
    ('AX_FlaecheBesondererFunktionalerPraegung', 'AX_TatsaechlicheNutzung'),
    ('AX_SportFreizeitUndErholungsflaeche', 'AX_TatsaechlicheNutzung'),
    ('AX_Strassenverkehr', 'AX_TatsaechlicheNutzung'),
    ('AX_Strasse', 'AA_ZUSO'),
    ('AX_Strassenachse', 'TA_CurveComponent'),
    ('AX_Fahrbahnachse', 'TA_CurveComponent'),
    ('AX_Weg', 'AX_TatsaechlicheNutzung'),
    ('AX_Fahrwegachse', 'TA_CurveComponent'),
    ('AX_Platz', 'AX_TatsaechlicheNutzung'),
    ('AX_Bahnverkehr', 'AX_TatsaechlicheNutzung'),
    ('AX_Bahnstrecke', 'TA_CurveComponent'),
    ('AX_Flugverkehr', 'AX_TatsaechlicheNutzung'),
    ('AX_Schiffsverkehr', 'AX_TatsaechlicheNutzung'),
    ('AX_Landwirtschaft', 'AX_TatsaechlicheNutzung'),
    ('AX_Wald', 'AX_TatsaechlicheNutzung'),
    ('AX_Gehoelz', 'AX_TatsaechlicheNutzung'),
    ('AX_Heide', 'AX_TatsaechlicheNutzung'),
    ('AX_Moor', 'AX_TatsaechlicheNutzung'),
    ('AX_Sumpf', 'AX_TatsaechlicheNutzung'),
    ('AX_UnlandVegetationsloseFlaeche', 'AX_TatsaechlicheNutzung'),
    ('AX_Fliessgewaesser', 'AX_TatsaechlicheNutzung'),
    ('AX_Wasserlauf', 'AA_ZUSO'),
    ('AX_Kanal', 'AA_ZUSO'),
    ('AX_Gewaesserachse', 'TA_CurveComponent'),
    ('AX_Hafenbecken', 'AX_TatsaechlicheNutzung'),
    ('AX_StehendesGewaesser', 'AX_TatsaechlicheNutzung'),
    ('AX_Meer', 'AX_TatsaechlicheNutzung'),
    ('AX_Turm', 'AX_BauwerkeEinrichtungenUndSonstigeAngaben'),
    ('AX_Turm', 'AG_Objekt'),
    ('AX_BauwerkOderAnlageFuerIndustrieUndGewerbe', 'AX_BauwerkeEinrichtungenUndSonstigeAngaben'),
    ('AX_BauwerkOderAnlageFuerIndustrieUndGewerbe', 'AG_Objekt'),
    ('AX_VorratsbehaelterSpeicherbauwerk', 'AX_BauwerkeEinrichtungenUndSonstigeAngaben'),
    ('AX_VorratsbehaelterSpeicherbauwerk', 'AG_Objekt'),
    ('AX_Transportanlage', 'AX_BauwerkeEinrichtungenUndSonstigeAngaben'),
    ('AX_Transportanlage', 'AU_Objekt'),
    ('AX_Leitung', 'AX_BauwerkeEinrichtungenUndSonstigeAngaben'),
    ('AX_Leitung', 'AU_KontinuierlichesLinienobjekt'),
    ('AX_BauwerkOderAnlageFuerSportFreizeitUndErholung', 'AX_BauwerkeEinrichtungenUndSonstigeAngaben'),
    ('AX_BauwerkOderAnlageFuerSportFreizeitUndErholung', 'AG_Objekt'),
    ('AX_HistorischesBauwerkOderHistorischeEinrichtung', 'AX_BauwerkeEinrichtungenUndSonstigeAngaben'),
    ('AX_HistorischesBauwerkOderHistorischeEinrichtung', 'AG_Objekt'),
    ('AX_SonstigesBauwerkOderSonstigeEinrichtung', 'AX_BauwerkeEinrichtungenUndSonstigeAngaben'),
    ('AX_SonstigesBauwerkOderSonstigeEinrichtung', 'AG_Objekt'),
    ('AX_EinrichtungInOeffentlichenBereichen', 'AX_BauwerkeEinrichtungenUndSonstigeAngaben'),
    ('AX_EinrichtungInOeffentlichenBereichen', 'AG_Objekt'),
    ('AX_Ortslage', 'AX_BauwerkeEinrichtungenUndSonstigeAngaben'),
    ('AX_Ortslage', 'AU_Objekt'),
    ('AX_Hafen', 'AX_BauwerkeEinrichtungenUndSonstigeAngaben'),
    ('AX_Hafen', 'AU_Objekt'),
    ('AX_Schleuse', 'AX_BauwerkeEinrichtungenUndSonstigeAngaben'),
    ('AX_Schleuse', 'AU_Objekt'),
    ('AX_Grenzuebergang', 'AX_BauwerkeEinrichtungenUndSonstigeAngaben'),
    ('AX_Grenzuebergang', 'AU_Objekt'),
    ('AX_Testgelaende', 'AX_BauwerkeEinrichtungenUndSonstigeAngaben'),
    ('AX_Testgelaende', 'AU_Objekt'),
    ('AX_BauwerkImVerkehrsbereich', 'AX_BauwerkeEinrichtungenUndSonstigeAngaben'),
    ('AX_BauwerkImVerkehrsbereich', 'AG_Objekt'),
    ('AX_Strassenverkehrsanlage', 'AX_BauwerkeEinrichtungenUndSonstigeAngaben'),
    ('AX_Strassenverkehrsanlage', 'AU_Objekt'),
    ('AX_WegPfadSteig', 'AX_BauwerkeEinrichtungenUndSonstigeAngaben'),
    ('AX_WegPfadSteig', 'AU_Objekt'),
    ('AX_Bahnverkehrsanlage', 'AX_BauwerkeEinrichtungenUndSonstigeAngaben'),
    ('AX_Bahnverkehrsanlage', 'AU_Objekt'),
    ('AX_SeilbahnSchwebebahn', 'AX_BauwerkeEinrichtungenUndSonstigeAngaben'),
    ('AX_SeilbahnSchwebebahn', 'AU_Linienobjekt'),
    ('AX_Gleis', 'AX_BauwerkeEinrichtungenUndSonstigeAngaben'),
    ('AX_Gleis', 'AU_Objekt'),
    ('AX_Flugverkehrsanlage', 'AX_BauwerkeEinrichtungenUndSonstigeAngaben'),
    ('AX_Flugverkehrsanlage', 'AU_Objekt'),
    ('AX_EinrichtungenFuerDenSchiffsverkehr', 'AX_BauwerkeEinrichtungenUndSonstigeAngaben'),
    ('AX_EinrichtungenFuerDenSchiffsverkehr', 'AU_Objekt'),
    ('AX_BauwerkImGewaesserbereich', 'AX_BauwerkeEinrichtungenUndSonstigeAngaben'),
    ('AX_BauwerkImGewaesserbereich', 'AG_Objekt'),
    ('AX_Vegetationsmerkmal', 'AX_BauwerkeEinrichtungenUndSonstigeAngaben'),
    ('AX_Vegetationsmerkmal', 'AU_Objekt'),
    ('AX_Gewaessermerkmal', 'AX_BauwerkeEinrichtungenUndSonstigeAngaben'),
    ('AX_Gewaessermerkmal', 'AU_Objekt'),
    ('AX_Polder', 'AX_BauwerkeEinrichtungenUndSonstigeAngaben'),
    ('AX_Polder', 'AU_Flaechenobjekt'),
    ('AX_Netzknoten', 'AX_BauwerkeEinrichtungenUndSonstigeAngaben'),
    ('AX_Netzknoten', 'AA_ZUSO'),
    ('AX_Nullpunkt', 'AX_BauwerkeEinrichtungenUndSonstigeAngaben'),
    ('AX_Nullpunkt', 'AU_Punktobjekt'),
    ('AX_Abschnitt', 'AX_BauwerkeEinrichtungenUndSonstigeAngaben'),
    ('AX_Abschnitt', 'AU_KontinuierlichesLinienobjekt'),
    ('AX_Ast', 'AX_BauwerkeEinrichtungenUndSonstigeAngaben'),
    ('AX_Ast', 'AU_KontinuierlichesLinienobjekt'),
    ('AX_Wasserspiegelhoehe', 'AX_BauwerkeEinrichtungenUndSonstigeAngaben'),
    ('AX_Wasserspiegelhoehe', 'AU_Punktobjekt'),
    ('AX_SchifffahrtslinieFaehrverkehr', 'AX_BauwerkeEinrichtungenUndSonstigeAngaben'),
    ('AX_SchifffahrtslinieFaehrverkehr', 'AG_Objekt'),
    ('AX_Gewaesserstationierungsachse', 'AX_BauwerkeEinrichtungenUndSonstigeAngaben'),
    ('AX_Gewaesserstationierungsachse', 'TA_CurveComponent'),
    ('AX_Sickerstrecke', 'AX_BauwerkeEinrichtungenUndSonstigeAngaben'),
    ('AX_Sickerstrecke', 'AG_Linienobjekt'),
    ('AX_BoeschungKliff', 'AA_ZUSO'),
    ('AX_Boeschungsflaeche', 'AG_Flaechenobjekt'),
    ('AX_DammWallDeich', 'AU_Objekt'),
    ('AX_Einschnitt', 'AU_Linienobjekt'),
    ('AX_Hoehleneingang', 'AU_Punktobjekt'),
    ('AX_FelsenFelsblockFelsnadel', 'AU_Objekt'),
    ('AX_Duene', 'AU_Flaechenobjekt'),
    ('AX_Hoehenlinie', 'AU_Linienobjekt'),
    ('AX_Soll', 'AU_Flaechenobjekt'),
    ('AX_Punkt3D', 'AU_Punktobjekt'),
    ('AX_Strukturlinie3D', 'AG_Linienobjekt'),
    ('AX_Flaeche3D', 'AU_MehrfachFlaechenObjekt_3D'),
    ('AX_AbgeleiteteHoehenlinie', 'AU_Linienobjekt'),
    ('AX_AndereFestlegungNachWasserrecht', 'AU_Flaechenobjekt'),
    ('AX_SchutzgebietNachWasserrecht', 'AA_ZUSO'),
    ('AX_NaturUmweltOderBodenschutzrecht', 'AU_Objekt'),
    ('AX_SchutzgebietNachNaturUmweltOderBodenschutzrecht', 'AA_ZUSO'),
    ('AX_Denkmalschutzrecht', 'AU_Objekt'),
    ('AX_SonstigesRecht', 'AU_Objekt'),
    ('AX_Schutzzone', 'AU_Flaechenobjekt'),
    ('AX_Bundesland', 'AX_Katalogeintrag'),
    ('AX_Bundesland', 'AA_NREO'),
    ('AX_Regierungsbezirk', 'AX_Katalogeintrag'),
    ('AX_Regierungsbezirk', 'AA_NREO'),
    ('AX_KreisRegion', 'AX_Katalogeintrag'),
    ('AX_KreisRegion', 'AA_NREO'),
    ('AX_Gemeinde', 'AX_Katalogeintrag'),
    ('AX_Gemeinde', 'AA_NREO'),
    ('AX_Gemeindeteil', 'AX_Katalogeintrag'),
    ('AX_Gemeindeteil', 'AA_NREO'),
    ('AX_Verwaltungsgemeinschaft', 'AX_Katalogeintrag'),
    ('AX_Verwaltungsgemeinschaft', 'AA_ZUSO'),
    ('AX_Dienststelle', 'AX_Katalogeintrag'),
    ('AX_Dienststelle', 'AA_NREO'),
    ('AX_LagebezeichnungKatalogeintrag', 'AX_Katalogeintrag'),
    ('AX_LagebezeichnungKatalogeintrag', 'AA_NREO'),
    ('AX_Landschaft', 'AU_Objekt'),
    ('AX_Gewann', 'AU_Objekt'),
    ('AX_Insel', 'AU_Objekt'),
    ('AX_Wohnplatz', 'AU_Punktobjekt'),
    ('AX_KommunalesGebiet', 'AX_Gebiet'),
    ('AX_Gebiet_Bundesland', 'AX_Gebiet'),
    ('AX_Gebiet_Regierungsbezirk', 'AX_Gebiet'),
    ('AX_Gebiet_Kreis', 'AX_Gebiet'),
    ('AX_Kondominium', 'AU_Flaechenobjekt'),
    ('AX_Gebietsgrenze', 'TA_CurveComponent'),
    ('AX_Gebiet', 'TA_MultiSurfaceComponent'),
    ('AX_Gebiet_Verwaltungsgemeinschaft', 'AX_Gebiet'),
    ('AX_KommunalesTeilgebiet', 'AX_Katalogeintrag'),
    ('AX_KommunalesTeilgebiet', 'AG_Flaechenobjekt'),
    ('AX_Benutzergruppe', 'AA_Benutzergruppe'),
    ('AX_BenutzergruppeMitZugriffskontrolle', 'AX_Benutzergruppe'),
    ('AX_BenutzergruppeNBA', 'AX_Benutzergruppe')
ON CONFLICT (object_type, extends_object_type) DO NOTHING;

INSERT INTO openstreetmap_schema.datatypes (datatype_id, datatype_type) VALUES
    ('AX_Lagebezeichnung', 'COMPLEX'),
    ('AX_VerschluesselteLagebezeichnung', 'COMPLEX'),
    ('AX_Anrede_Person', 'DICTIONARY'),
    ('AX_Gebaeudefunktion', 'DICTIONARY'),
    ('AX_Weitere_Gebaeudefunktion', 'DICTIONARY'),
    ('AX_Bauweise_Gebaeude', 'DICTIONARY'),
    ('AX_Zustand_Gebaeude', 'DICTIONARY'),
    ('Area', 'PRIMITIVE'),
    ('AX_Dachgeschossausbau_Gebaeude', 'DICTIONARY'),
    ('AX_Bauart_Bauteil', 'DICTIONARY'),
    ('Length', 'PRIMITIVE'),
    ('AX_Nutzung_Gebaeude', 'COMPLEX'),
    ('AX_Nutzung', 'DICTIONARY'),
    ('AX_Dachform', 'DICTIONARY'),
    ('Volume', 'PRIMITIVE'),
    ('AX_LageZurErdoberflaeche_Gebaeude', 'DICTIONARY'),
    ('AX_DQMitDatenerhebung', 'COMPLEX'),
    ('AX_ObererBezugspunkt', 'DICTIONARY'),
    ('AX_UntererBezugspunkt', 'DICTIONARY'),
    ('AX_WeitereNutzung_TatsaechlicheNutzung', 'DICTIONARY'),
    ('AX_ErgebnisDerUeberpruefung_TatsaechlicheNutzung', 'DICTIONARY'),
    ('AX_ArtDerBebauung_Wohnbauflaeche', 'DICTIONARY'),
    ('AX_Zustand_Wohnbauflaeche', 'DICTIONARY'),
    ('AX_Funktion_Wohnbauflaeche', 'DICTIONARY'),
    ('AX_Funktion_IndustrieUndGewerbeflaeche', 'DICTIONARY'),
    ('AX_Foerdergut_IndustrieUndGewerbeflaeche', 'DICTIONARY'),
    ('AX_Lagergut_IndustrieUndGewerbeflaeche', 'DICTIONARY'),
    ('AX_Primaerenergie_IndustrieUndGewerbeflaeche', 'DICTIONARY'),
    ('AX_Zustand_IndustrieUndGewerbeflaeche', 'DICTIONARY'),
    ('AX_Lagergut_Halde', 'DICTIONARY'),
    ('AX_Abbaugut_Bergbaubetrieb', 'DICTIONARY'),
    ('AX_Zustand_Bergbaubetrieb', 'DICTIONARY'),
    ('AX_Funktion_Bergbaubetrieb', 'DICTIONARY'),
    ('AX_Abbaugut_TagebauGrubeSteinbruch', 'DICTIONARY'),
    ('AX_Zustand_TagebauGrubeSteinbruch', 'DICTIONARY'),
    ('AX_Funktion_TagebauGrubeSteinbruch', 'DICTIONARY'),
    ('AX_ArtDerBebauung_FlaecheGemischterNutzung', 'DICTIONARY'),
    ('AX_Funktion_FlaecheGemischterNutzung', 'DICTIONARY'),
    ('AX_Zustand_FlaecheGemischterNutzung', 'DICTIONARY'),
    ('AX_Funktion_FlaecheBesondererFunktionalerPraegung', 'DICTIONARY'),
    ('AX_ArtDerBebauung_FlaecheBesondererFunktionalerPraegung', 'DICTIONARY'),
    ('AX_Zustand_FlaecheBesondererFunktionalerPraegung', 'DICTIONARY'),
    ('AX_Funktion_SportFreizeitUndErholungsflaeche', 'DICTIONARY'),
    ('AX_Zustand_SportFreizeitUndErholungsflaeche', 'DICTIONARY'),
    ('AX_Funktion_Friedhof', 'DICTIONARY'),
    ('AX_Funktion_Strasse', 'DICTIONARY'),
    ('AX_Zustand_Strasse', 'DICTIONARY'),
    ('AX_Fahrbahntrennung_Strasse', 'DICTIONARY'),
    ('AX_InternationaleBedeutung_Strasse', 'DICTIONARY'),
    ('AX_Widmung_Strasse', 'DICTIONARY'),
    ('AX_BesondereVerkehrsbedeutung', 'DICTIONARY'),
    ('AX_BesondereFahrstreifen', 'DICTIONARY'),
    ('AX_Funktion_Strassenachse', 'DICTIONARY'),
    ('AX_Zustand', 'DICTIONARY'),
    ('AX_Oberflaechenmaterial_Strasse', 'DICTIONARY'),
    ('AX_Funktion_Fahrbahnachse', 'DICTIONARY'),
    ('AX_Funktion_Weg', 'DICTIONARY'),
    ('AX_Befestigung_Fahrwegachse', 'DICTIONARY'),
    ('AX_Markierung_Wegachse', 'DICTIONARY'),
    ('AX_Funktion_Wegachse', 'DICTIONARY'),
    ('AX_Befahrbarkeit_Fahrwegachse', 'DICTIONARY'),
    ('AX_Funktion_Platz', 'DICTIONARY'),
    ('AX_Funktion_Bahnverkehr', 'DICTIONARY'),
    ('AX_Zustand_Bahnverkehr', 'DICTIONARY'),
    ('AX_Bahnkategorie_Bahnstrecke', 'DICTIONARY'),
    ('AX_Elektrifizierung', 'DICTIONARY'),
    ('AX_AnzahlDerStreckengleise', 'DICTIONARY'),
    ('AX_Spurweite', 'DICTIONARY'),
    ('AX_Verkehrsdienst_Bahnstrecke', 'DICTIONARY'),
    ('AX_Funktion_Flugverkehr', 'DICTIONARY'),
    ('AX_Art_Flugverkehr', 'DICTIONARY'),
    ('AX_Nutzung_Flugverkehr', 'DICTIONARY'),
    ('AX_Zustand_Flugverkehr', 'DICTIONARY'),
    ('AX_Funktion_Schiffsverkehr', 'DICTIONARY'),
    ('AX_Zustand_Schiffsverkehr', 'DICTIONARY'),
    ('AX_Vegetationsmerkmal_Landwirtschaft', 'DICTIONARY'),
    ('AX_Vegetationsmerkmal_Wald', 'DICTIONARY'),
    ('AX_Zustand_Wald', 'DICTIONARY'),
    ('AX_Nutzung_Wald', 'DICTIONARY'),
    ('AX_Oberflaechenmaterial_UnlandVegetationsloseFlaeche', 'DICTIONARY'),
    ('AX_Funktion_UnlandVegetationsloseFlaeche', 'DICTIONARY'),
    ('AX_Funktion_Fliessgewaesser', 'DICTIONARY'),
    ('AX_Zustand_Kanal', 'DICTIONARY'),
    ('AX_HydrologischesMerkmal_Fliessgewaesser', 'DICTIONARY'),
    ('AX_Schifffahrtskategorie', 'DICTIONARY'),
    ('AX_Widmung_Wasserlauf', 'DICTIONARY'),
    ('AX_Widmung_Kanal', 'DICTIONARY'),
    ('AX_Schifffahrtskategorie_Kanal', 'DICTIONARY'),
    ('AX_HydrologischesMerkmal_Gewaesserachse', 'DICTIONARY'),
    ('AX_Funktion_Gewaesserachse', 'DICTIONARY'),
    ('AX_Zustand_Gewaesserachse', 'DICTIONARY'),
    ('AX_Nutzung_Hafenbecken', 'DICTIONARY'),
    ('AX_Funktion_StehendesGewaesser', 'DICTIONARY'),
    ('AX_HydrologischesMerkmal_StehendesGewaesser', 'DICTIONARY'),
    ('AX_Widmung_StehendesGewaesser', 'DICTIONARY'),
    ('AX_Nutzung_StehendesGewaesser', 'DICTIONARY'),
    ('AX_Zustand_StehendesGewaesser', 'DICTIONARY'),
    ('AX_Tidemerkmal_Meer', 'DICTIONARY'),
    ('AX_ErgebnisDerUeberpruefung_BauwerkeEinrichtungenUndSonstigeAngaben', 'DICTIONARY'),
    ('AX_LI_ProcessStep_MitDatenerhebung', 'COMPLEX'),
    ('AX_LI_ProcessStep_MitDatenerhebung_Description', 'DICTIONARY'),
    ('TM_Primitive', 'PRIMITIVE'),
    ('CI_Responsibility', 'PRIMITIVE'),
    ('AX_Datenerhebung', 'DICTIONARY'),
    ('AX_Bauwerksfunktion_Turm', 'DICTIONARY'),
    ('AX_Zustand_Turm', 'DICTIONARY'),
    ('AX_Bauwerksfunktion_BauwerkOderAnlageFuerIndustrieUndGewerbe', 'DICTIONARY'),
    ('AX_Zustand_BauwerkOderAnlageFuerIndustrieUndGewerbe', 'DICTIONARY'),
    ('AX_Bauwerksfunktion_VorratsbehaelterSpeicherbauwerk', 'DICTIONARY'),
    ('AX_Speicherinhalt_VorratsbehaelterSpeicherbauwerk', 'DICTIONARY'),
    ('AX_LageZurErdoberflaeche_VorratsbehaelterSpeicherbauwerk', 'DICTIONARY'),
    ('AX_Bauwerksfunktion_Transportanlage', 'DICTIONARY'),
    ('AX_Produkt_Transportanlage', 'DICTIONARY'),
    ('AX_LageZurErdoberflaeche_Transportanlage', 'DICTIONARY'),
    ('AX_Bauwerksfunktion_Leitung', 'DICTIONARY'),
    ('AX_Bauwerksfunktion_BauwerkOderAnlageFuerSportFreizeitUndErholung', 'DICTIONARY'),
    ('AX_Sportart_BauwerkOderAnlageFuerSportFreizeitUndErholung', 'DICTIONARY'),
    ('AX_Zustand_BauwerkOderAnlageFuerSportFreizeitUndErholung', 'DICTIONARY'),
    ('AX_ArchaeologischerTyp_HistorischesBauwerkOderHistorischeEinrichtung', 'DICTIONARY'),
    ('AX_Bauwerksfunktion_SonstigesBauwerkOderSonstigeEinrichtung', 'DICTIONARY'),
    ('AX_HydrologischesMerkmal_SonstigesBauwerkOderSonstigeEinrichtung', 'DICTIONARY'),
    ('AX_Funktion_Bauwerk', 'DICTIONARY'),
    ('AX_Art_EinrichtungInOeffentlichenBereichen', 'DICTIONARY'),
    ('Voltage', 'PRIMITIVE'),
    ('AX_Hafenkategorie_Hafen', 'DICTIONARY'),
    ('AX_Nutzung_Hafen', 'DICTIONARY'),
    ('AX_KonstruktionsmerkmalBauart_Schleuse', 'DICTIONARY'),
    ('AX_Zustand_Schleuse', 'DICTIONARY'),
    ('AX_Bauwerksfunktion_BauwerkImVerkehrsbereich', 'DICTIONARY'),
    ('AX_Zustand_BauwerkImVerkehrsbereich', 'DICTIONARY'),
    ('AX_Art_Strassenverkehrsanlage', 'DICTIONARY'),
    ('AX_Art_WegPfadSteig', 'DICTIONARY'),
    ('AX_Markierung_WegPfadSteig', 'DICTIONARY'),
    ('AX_Befestigung_WegPfadSteig', 'DICTIONARY'),
    ('AX_Bahnhofskategorie_Bahnverkehrsanlage', 'DICTIONARY'),
    ('AX_Zustand_Bahnverkehrsanlage', 'DICTIONARY'),
    ('AX_Bahnkategorie_Bahnverkehrsanlage', 'DICTIONARY'),
    ('AX_Verkehrsdienst_Bahnverkehrsanlage', 'DICTIONARY'),
    ('AX_Bahnkategorie_SeilbahnSchwebebahn', 'DICTIONARY'),
    ('AX_Art_Flugverkehrsanlage', 'DICTIONARY'),
    ('AX_Oberflaechenmaterial_Flugverkehrsanlage', 'DICTIONARY'),
    ('AX_Art_EinrichtungenFuerDenSchiffsverkehr', 'DICTIONARY'),
    ('AX_Zustand_EinrichtungenFuerDenSchiffsverkehr', 'DICTIONARY'),
    ('AX_Bauwerksfunktion_BauwerkImGewaesserbereich', 'DICTIONARY'),
    ('AX_Zustand_BauwerkImGewaesserbereich', 'DICTIONARY'),
    ('AX_Bewuchs_Vegetationsmerkmal', 'DICTIONARY'),
    ('AX_Zustand_Vegetationsmerkmal', 'DICTIONARY'),
    ('AX_Art_Gewaessermerkmal', 'DICTIONARY'),
    ('AX_HydrologischesMerkmal_Gewaessermerkmal', 'DICTIONARY'),
    ('AX_ArtDesPolders_Polder', 'DICTIONARY'),
    ('AX_Funktion_Polder', 'DICTIONARY'),
    ('AX_ArtDesNullpunktes_Nullpunkt', 'DICTIONARY'),
    ('AX_Art_SchifffahrtslinieFaehrverkehr', 'DICTIONARY'),
    ('AX_ArtDerGewaesserstationierungsachse', 'DICTIONARY'),
    ('AX_Art_DammWallDeich', 'DICTIONARY'),
    ('AX_Funktion_DammWallDeich', 'DICTIONARY'),
    ('AX_ErgebnisDerUeberpruefung_DammWallDeich', 'DICTIONARY'),
    ('AX_Funktion_Einschnitt', 'DICTIONARY'),
    ('AX_Art_Punkt3D', 'DICTIONARY'),
    ('AX_Art_Strukturlinie3D', 'DICTIONARY'),
    ('AX_Art_Flaeche3D', 'DICTIONARY'),
    ('AX_ArtDerFestlegung_AndereFestlegungNachWasserrecht', 'DICTIONARY'),
    ('AX_ArtDerFestlegung_SchutzgebietNachWasserrecht', 'DICTIONARY'),
    ('AX_Funktion_SchutzgebietNachWasserrecht', 'DICTIONARY'),
    ('AX_ArtDerFestlegung_NaturUmweltOderBodenschutzrecht', 'DICTIONARY'),
    ('AX_Zustand_NaturUmweltOderBodenschutzrecht', 'DICTIONARY'),
    ('AX_ArtDerFestlegung_SchutzgebietNachNaturUmweltOderBodenschutzrecht', 'DICTIONARY'),
    ('AX_ArtDerFestlegung_Denkmalschutzrecht', 'DICTIONARY'),
    ('AX_ArtDerFestlegung_SonstigesRecht', 'DICTIONARY'),
    ('AX_Zone_Schutzzone', 'DICTIONARY'),
    ('AX_Rechtszustand_Schutzzone', 'DICTIONARY'),
    ('AX_Bezeichnung_Verwaltungsgemeinschaft', 'DICTIONARY'),
    ('AX_Behoerde', 'DICTIONARY'),
    ('AX_Gemeindekennzeichen', 'COMPLEX'),
    ('AX_Administrative_Funktion', 'DICTIONARY'),
    ('AX_Dienststelle_Schluessel', 'COMPLEX'),
    ('AX_Bundesland_Schluessel', 'COMPLEX'),
    ('AX_Regierungsbezirk_Schluessel', 'COMPLEX'),
    ('AX_Kreis_Schluessel', 'COMPLEX'),
    ('AX_VerschluesselteLagebezeichnung', 'COMPLEX'),
    ('AX_Verwaltungsgemeinschaft_Schluessel', 'COMPLEX'),
    ('AX_TeilVonVerwaltungsgemeinschaft', 'COMPLEX'),
    ('AX_RolleDerGemeinde', 'DICTIONARY'),
    ('AX_ArtDerGebietsgrenze_Gebietsgrenze', 'DICTIONARY'),
    ('AX_Zustand_Gebietsgrenze', 'DICTIONARY'),
    ('AX_Art_Verbandsgemeinde', 'DICTIONARY'),
    ('AX_LetzteAbgabeArt', 'DICTIONARY'),
    ('AA_Anlassart_Benutzungsauftrag', 'DICTIONARY'),
    ('AA_Anlassart', 'DICTIONARY'),
    ('AX_Abgabeversion', 'DICTIONARY'),
    ('AX_BereichZeitlich', 'COMPLEX'),
    ('AX_Art_BereichZeitlich', 'DICTIONARY'),
    ('AX_FOLGEVA', 'COMPLEX'),
    ('AX_Ausgabemedium_Benutzer', 'DICTIONARY'),
    ('AX_Datenformat_Benutzer', 'DICTIONARY'),
    ('AX_Portionierungsparameter', 'COMPLEX'),
    ('Date', 'PRIMITIVE'),
    ('TM_Duration', 'PRIMITIVE')
ON CONFLICT (datatype_id) DO NOTHING;

--INSERT INTO openstreetmap_schema.datatypes_inheritance (datatype_id, extends_datatype_id) VALUES
--    ('AA_Benutzungsauftrag', 'AA_Auftrag'),
--ON CONFLICT (datatype_id, extends_datatype_id) DO NOTHING;

INSERT INTO openstreetmap_schema.datatypes_complex (datatype_id, tag_key, multiplicity, tag_datatype_id) VALUES
    ('AX_Lagebezeichnung', 'unverschluesselt', '1', 'CharacterString'),
    ('AX_Lagebezeichnung', 'verschluesselt', '1', 'AX_VerschluesselteLagebezeichnung'),
    ('AX_Nutzung_Gebaeude', 'anteil', '0..1', 'Integer'),
    ('AX_Nutzung_Gebaeude', 'nutzung', '1', 'AX_Nutzung'),
    ('AX_DQMitDatenerhebung', 'herkunft', '1', 'AX_LI_ProcessStep_MitDatenerhebung'),
    ('AX_LI_ProcessStep_MitDatenerhebung', 'description', '1', 'AX_LI_ProcessStep_MitDatenerhebung_Description'),
    ('AX_LI_ProcessStep_MitDatenerhebung', 'stepDateTime', '0..1', 'TM_Primitive'),
    ('AX_LI_ProcessStep_MitDatenerhebung', 'processor', '0..1', 'CI_Responsibility'),
    ('AX_LI_ProcessStep_MitDatenerhebung', 'source', '0..1', 'AX_Datenerhebung'),
    ('AX_Gemeindekennzeichen', 'land', '1', 'CharacterString'),
    ('AX_Gemeindekennzeichen', 'regierungsbezirk', '0..1', 'CharacterString'),
    ('AX_Gemeindekennzeichen', 'kreis', '1', 'CharacterString'),
    ('AX_Gemeindekennzeichen', 'gemeinde', '1', 'CharacterString'),
    ('AX_Gemeindekennzeichen', 'gemeindeteil', '0..1', 'CharacterString'),
    ('AX_Dienststelle_Schluessel', 'land', '1', 'CharacterString'),
    ('AX_Dienststelle_Schluessel', 'stelle', '1', 'CharacterString'),
    ('AX_Bundesland_Schluessel', 'land', '1', 'CharacterString'),
    ('AX_Regierungsbezirk_Schluessel', 'land', '1', 'CharacterString'),
    ('AX_Regierungsbezirk_Schluessel', 'regierungsbezirk', '1', 'CharacterString'),
    ('AX_Kreis_Schluessel', 'land', '1', 'CharacterString'),
    ('AX_Kreis_Schluessel', 'regierungsbezirk', '0..1', 'CharacterString'),
    ('AX_Kreis_Schluessel', 'kreis', '1', 'CharacterString'),
    ('AX_VerschluesselteLagebezeichnung', 'land', '1', 'CharacterString'),
    ('AX_VerschluesselteLagebezeichnung', 'regierungsbezirk', '0..1', 'CharacterString'),
    ('AX_VerschluesselteLagebezeichnung', 'kreis', '1', 'CharacterString'),
    ('AX_VerschluesselteLagebezeichnung', 'gemeinde', '1', 'CharacterString'),
    ('AX_VerschluesselteLagebezeichnung', 'lage', '1', 'CharacterString'),
    ('AX_Verwaltungsgemeinschaft_Schluessel', 'land', '1', 'CharacterString'),
    ('AX_Verwaltungsgemeinschaft_Schluessel', 'regierungsbezirk', '0..1', 'CharacterString'),
    ('AX_Verwaltungsgemeinschaft_Schluessel', 'kreis', '1', 'CharacterString'),
    ('AX_Verwaltungsgemeinschaft_Schluessel', 'verwaltungsgemeinschaft', '1', 'CharacterString'),
    ('AX_TeilVonVerwaltungsgemeinschaft', 'schluessel', '1', 'AX_Verwaltungsgemeinschaft_Schluessel'),
    ('AX_TeilVonVerwaltungsgemeinschaft', 'rolle', '1', 'AX_RolleDerGemeinde'),
    ('AX_BereichZeitlich', 'art', '1', 'AX_Art_BereichZeitlich'),
    ('AX_BereichZeitlich', 'ersterStichtag', '1', 'Date'),
    ('AX_BereichZeitlich', 'intervall', '1', 'TM_Duration'),
    ('AX_FOLGEVA', 'ausgabemasstab', '0..1', 'Real'),
    ('AX_FOLGEVA', 'formatangabe', '0..1', 'CharacterString'),
    ('AX_FOLGEVA', 'ausgabemedium', '0..1', 'AX_Ausgabemedium_Benutzer'),
    ('AX_FOLGEVA', 'datenformat', '0..1', 'AX_Datenformat_Benutzer'),
    ('AX_Portionierungsparameter', 'seitenlaenge', '1', 'Integer')
ON CONFLICT (datatype_id, tag_key) DO NOTHING;

INSERT INTO openstreetmap_schema.datatypes_dictionary (datatype_id, dictionary_key, dictionary_description) VALUES
    ('AX_Anrede_Person', '1000', 'Frau'),
    ('AX_Anrede_Person', '2000', 'Herr'),
    ('AX_Anrede_Person', '3000', 'Firma'),
    ('AX_Gebaeudefunktion', '1000', 'Wohngebäude'),
    ('AX_Gebaeudefunktion', '1010', 'Wohnhaus'),
    ('AX_Gebaeudefunktion', '1020', 'Wohnheim'),
    ('AX_Gebaeudefunktion', '1021', 'Kinderheim'),
    ('AX_Gebaeudefunktion', '1022', 'Seniorenheim'),
    ('AX_Gebaeudefunktion', '1023', 'Schwesternwohnheim'),
    ('AX_Gebaeudefunktion', '1024', 'Studenten-, Schülerwohnheim'),
    ('AX_Gebaeudefunktion', '1025', 'Schullandheim'),
    ('AX_Gebaeudefunktion', '1100', 'Gemischt genutztes Gebäude mit Wohnen'),
    ('AX_Gebaeudefunktion', '1110', 'Wohngebäude mit Gemeinbedarf'),
    ('AX_Gebaeudefunktion', '1120', 'Wohngebäude mit Handel und Dienstleistungen'),
    ('AX_Gebaeudefunktion', '1121', 'Wohn- und Verwaltungsgebäude'),
    ('AX_Gebaeudefunktion', '1122', 'Wohn- und Bürogebäude'),
    ('AX_Gebaeudefunktion', '1123', 'Wohn- und Geschäftsgebäude'),
    ('AX_Gebaeudefunktion', '1130', 'Wohngebäude mit Gewerbe und Industrie'),
    ('AX_Gebaeudefunktion', '1131', 'Wohn- und Betriebsgebäude'),
    ('AX_Gebaeudefunktion', '1210', 'Land- und forstwirtschaftliches Wohngebäude'),
    ('AX_Gebaeudefunktion', '1220', 'Land- und forstwirtschaftliches Wohn- und Betriebsgebäude'),
    ('AX_Gebaeudefunktion', '1221', 'Bauernhaus'),
    ('AX_Gebaeudefunktion', '1222', 'Wohn- und Wirtschaftsgebäude'),
    ('AX_Gebaeudefunktion', '1223', 'Forsthaus'),
    ('AX_Gebaeudefunktion', '1310', 'Gebäude zur Freizeitgestaltung'),
    ('AX_Gebaeudefunktion', '1311', 'Ferienhaus'),
    ('AX_Gebaeudefunktion', '1312', 'Wochenendhaus'),
    ('AX_Gebaeudefunktion', '1313', 'Gartenhaus'),
    ('AX_Gebaeudefunktion', '2000', 'Gebäude für Wirtschaft oder Gewerbe'),
    ('AX_Gebaeudefunktion', '2010', 'Gebäude für Handel und Dienstleistungen'),
    ('AX_Gebaeudefunktion', '2020', 'Bürogebäude'),
    ('AX_Gebaeudefunktion', '2030', 'Kreditinstitut'),
    ('AX_Gebaeudefunktion', '2040', 'Versicherung'),
    ('AX_Gebaeudefunktion', '2050', 'Geschäftsgebäude'),
    ('AX_Gebaeudefunktion', '2051', 'Kaufhaus'),
    ('AX_Gebaeudefunktion', '2052', 'Einkaufszentrum'),
    ('AX_Gebaeudefunktion', '2053', 'Markthalle'),
    ('AX_Gebaeudefunktion', '2054', 'Laden'),
    ('AX_Gebaeudefunktion', '2055', 'Kiosk'),
    ('AX_Gebaeudefunktion', '2056', 'Apotheke'),
    ('AX_Gebaeudefunktion', '2060', 'Messehalle'),
    ('AX_Gebaeudefunktion', '2070', 'Gebäude für Beherbergung'),
    ('AX_Gebaeudefunktion', '2071', 'Hotel, Motel, Pension'),
    ('AX_Gebaeudefunktion', '2072', 'Jugendherberge'),
    ('AX_Gebaeudefunktion', '2073', 'Hütte (mit Übernachtungsmöglichkeit)'),
    ('AX_Gebaeudefunktion', '2074', 'Campingplatzgebäude'),
    ('AX_Gebaeudefunktion', '2080', 'Gebäude für Bewirtung'),
    ('AX_Gebaeudefunktion', '2081', 'Gaststätte, Restaurant'),
    ('AX_Gebaeudefunktion', '2082', 'Hütte (ohne Übernachtungsmöglichkeit)'),
    ('AX_Gebaeudefunktion', '2083', 'Kantine'),
    ('AX_Gebaeudefunktion', '2090', 'Freizeit- und Vergnügungsstätte'),
    ('AX_Gebaeudefunktion', '2091', 'Festsaal'),
    ('AX_Gebaeudefunktion', '2092', 'Kino'),
    ('AX_Gebaeudefunktion', '2093', 'Kegel-, Bowlinghalle'),
    ('AX_Gebaeudefunktion', '2094', 'Spielkasino'),
    ('AX_Gebaeudefunktion', '2095', 'Spielhalle'),
    ('AX_Gebaeudefunktion', '2100', 'Gebäude für Gewerbe und Industrie'),
    ('AX_Gebaeudefunktion', '2110', 'Produktionsgebäude'),
    ('AX_Gebaeudefunktion', '2111', 'Fabrik'),
    ('AX_Gebaeudefunktion', '2112', 'Betriebsgebäude'),
    ('AX_Gebaeudefunktion', '2113', 'Brauerei'),
    ('AX_Gebaeudefunktion', '2114', 'Brennerei'),
    ('AX_Gebaeudefunktion', '2120', 'Werkstatt'),
    ('AX_Gebaeudefunktion', '2121', 'Sägewerk'),
    ('AX_Gebaeudefunktion', '2130', 'Tankstelle'),
    ('AX_Gebaeudefunktion', '2131', 'Waschstraße, Waschanlage, Waschhalle'),
    ('AX_Gebaeudefunktion', '2140', 'Gebäude für Vorratshaltung'),
    ('AX_Gebaeudefunktion', '2141', 'Kühlhaus'),
    ('AX_Gebaeudefunktion', '2142', 'Speichergebäude'),
    ('AX_Gebaeudefunktion', '2143', 'Lagerhalle, Lagerschuppen, Lagerhaus'),
    ('AX_Gebaeudefunktion', '2150', 'Speditionsgebäude'),
    ('AX_Gebaeudefunktion', '2160', 'Gebäude für Forschungszwecke'),
    ('AX_Gebaeudefunktion', '2170', 'Gebäude für Grundstoffgewinnung'),
    ('AX_Gebaeudefunktion', '2171', 'Bergwerk'),
    ('AX_Gebaeudefunktion', '2172', 'Saline'),
    ('AX_Gebaeudefunktion', '2180', 'Gebäude für betriebliche Sozialeinrichtung'),
    ('AX_Gebaeudefunktion', '2200', 'Sonstiges Gebäude für Gewerbe und Industrie'),
    ('AX_Gebaeudefunktion', '2210', 'Mühle'),
    ('AX_Gebaeudefunktion', '2211', 'Windmühle'),
    ('AX_Gebaeudefunktion', '2212', 'Wassermühle'),
    ('AX_Gebaeudefunktion', '2213', 'Schöpfwerk'),
    ('AX_Gebaeudefunktion', '2220', 'Wetterstation'),
    ('AX_Gebaeudefunktion', '2310', 'Gebäude für Handel und Dienstleistung mit Wohnen'),
    ('AX_Gebaeudefunktion', '2320', 'Gebäude für Gewerbe und Industrie mit Wohnen'),
    ('AX_Gebaeudefunktion', '2400', 'Betriebsgebäude zu Verkehrsanlagen (allgemein)'),
    ('AX_Gebaeudefunktion', '2410', 'Betriebsgebäude für Straßenverkehr'),
    ('AX_Gebaeudefunktion', '2411', 'Wartungshalle'),
    ('AX_Gebaeudefunktion', '2420', 'Betriebsgebäude für Schienenverkehr'),
    ('AX_Gebaeudefunktion', '2421', 'Bahnwärterhaus'),
    ('AX_Gebaeudefunktion', '2422', 'Lokschuppen, Wagenhalle'),
    ('AX_Gebaeudefunktion', '2423', 'Stellwerk, Blockstelle'),
    ('AX_Gebaeudefunktion', '2424', 'Betriebsgebäude des Güterbahnhofs'),
    ('AX_Gebaeudefunktion', '2430', 'Betriebsgebäude für Flugverkehr'),
    ('AX_Gebaeudefunktion', '2431', 'Flugzeughalle'),
    ('AX_Gebaeudefunktion', '2440', 'Betriebsgebäude für Schiffsverkehr'),
    ('AX_Gebaeudefunktion', '2441', 'Werft (Halle)'),
    ('AX_Gebaeudefunktion', '2442', 'Dock (Halle)'),
    ('AX_Gebaeudefunktion', '2443', 'Betriebsgebäude zur Schleuse'),
    ('AX_Gebaeudefunktion', '2444', 'Bootshaus'),
    ('AX_Gebaeudefunktion', '2450', 'Betriebsgebäude zur Seilbahn'),
    ('AX_Gebaeudefunktion', '2451', 'Spannwerk zur Drahtseilbahn'),
    ('AX_Gebaeudefunktion', '2460', 'Gebäude zum Parken'),
    ('AX_Gebaeudefunktion', '2461', 'Parkhaus'),
    ('AX_Gebaeudefunktion', '2462', 'Parkdeck'),
    ('AX_Gebaeudefunktion', '2463', 'Garage'),
    ('AX_Gebaeudefunktion', '2464', 'Fahrzeughalle'),
    ('AX_Gebaeudefunktion', '2465', 'Tiefgarage'),
    ('AX_Gebaeudefunktion', '2500', 'Gebäude zur Versorgung'),
    ('AX_Gebaeudefunktion', '2501', 'Gebäude zur Energieversorgung'),
    ('AX_Gebaeudefunktion', '2510', 'Gebäude zur Wasserversorgung'),
    ('AX_Gebaeudefunktion', '2511', 'Wasserwerk'),
    ('AX_Gebaeudefunktion', '2512', 'Pumpstation'),
    ('AX_Gebaeudefunktion', '2513', 'Wasserbehälter'),
    ('AX_Gebaeudefunktion', '2520', 'Gebäude zur Elektrizitätsversorgung'),
    ('AX_Gebaeudefunktion', '2521', 'Elektrizitätswerk'),
    ('AX_Gebaeudefunktion', '2522', 'Umspannwerk'),
    ('AX_Gebaeudefunktion', '2523', 'Umformer'),
    ('AX_Gebaeudefunktion', '2527', 'Reaktorgebäude'),
    ('AX_Gebaeudefunktion', '2528', 'Turbinenhaus'),
    ('AX_Gebaeudefunktion', '2529', 'Kesselhaus'),
    ('AX_Gebaeudefunktion', '2540', 'Gebäude für Fernmeldewesen'),
    ('AX_Gebaeudefunktion', '2560', 'Gebäude an unterirdischen Leitungen'),
    ('AX_Gebaeudefunktion', '2570', 'Gebäude zur Gasversorgung'),
    ('AX_Gebaeudefunktion', '2571', 'Gaswerk'),
    ('AX_Gebaeudefunktion', '2580', 'Heizwerk'),
    ('AX_Gebaeudefunktion', '2590', 'Gebäude zur Versorgungsanlage'),
    ('AX_Gebaeudefunktion', '2591', 'Pumpwerk (nicht für Wasserversorgung)'),
    ('AX_Gebaeudefunktion', '2600', 'Gebäude zur Entsorgung'),
    ('AX_Gebaeudefunktion', '2610', 'Gebäude zur Abwasserbeseitigung'),
    ('AX_Gebaeudefunktion', '2611', 'Gebäude der Kläranlage'),
    ('AX_Gebaeudefunktion', '2612', 'Toilette'),
    ('AX_Gebaeudefunktion', '2620', 'Gebäude zur Abfallbehandlung'),
    ('AX_Gebaeudefunktion', '2621', 'Müllbunker'),
    ('AX_Gebaeudefunktion', '2622', 'Gebäude zur Müllverbrennung'),
    ('AX_Gebaeudefunktion', '2623', 'Gebäude der Abfalldeponie'),
    ('AX_Gebaeudefunktion', '2700', 'Gebäude für Land- und Forstwirtschaft'),
    ('AX_Gebaeudefunktion', '2720', 'Land- und forstwirtschaftliches Betriebsgebäude'),
    ('AX_Gebaeudefunktion', '2721', 'Scheune'),
    ('AX_Gebaeudefunktion', '2723', 'Schuppen'),
    ('AX_Gebaeudefunktion', '2724', 'Stall'),
    ('AX_Gebaeudefunktion', '2726', 'Scheune und Stall'),
    ('AX_Gebaeudefunktion', '2727', 'Stall für Tiergroßhaltung'),
    ('AX_Gebaeudefunktion', '2728', 'Reithalle'),
    ('AX_Gebaeudefunktion', '2729', 'Wirtschaftsgebäude'),
    ('AX_Gebaeudefunktion', '2732', 'Almhütte'),
    ('AX_Gebaeudefunktion', '2735', 'Jagdhaus, Jagdhütte'),
    ('AX_Gebaeudefunktion', '2740', 'Treibhaus, Gewächshaus'),
    ('AX_Gebaeudefunktion', '2741', 'Treibhaus'),
    ('AX_Gebaeudefunktion', '2742', 'Gewächshaus, verschiebbar'),
    ('AX_Gebaeudefunktion', '3000', 'Gebäude für öffentliche Zwecke'),
    ('AX_Gebaeudefunktion', '3010', 'Verwaltungsgebäude'),
    ('AX_Gebaeudefunktion', '3011', 'Parlament'),
    ('AX_Gebaeudefunktion', '3012', 'Rathaus'),
    ('AX_Gebaeudefunktion', '3013', 'Post'),
    ('AX_Gebaeudefunktion', '3014', 'Zollamt'),
    ('AX_Gebaeudefunktion', '3015', 'Gericht'),
    ('AX_Gebaeudefunktion', '3016', 'Botschaft, Konsulat'),
    ('AX_Gebaeudefunktion', '3017', 'Kreisverwaltung'),
    ('AX_Gebaeudefunktion', '3018', 'Bezirksregierung'),
    ('AX_Gebaeudefunktion', '3019', 'Finanzamt'),
    ('AX_Gebaeudefunktion', '3020', 'Gebäude für Bildung und Forschung'),
    ('AX_Gebaeudefunktion', '3021', 'Allgemein bildende Schule'),
    ('AX_Gebaeudefunktion', '3022', 'Berufsbildende Schule'),
    ('AX_Gebaeudefunktion', '3023', 'Hochschulgebäude (Fachhochschule, Universität)'),
    ('AX_Gebaeudefunktion', '3024', 'Forschungsinstitut'),
    ('AX_Gebaeudefunktion', '3030', 'Gebäude für kulturelle Zwecke'),
    ('AX_Gebaeudefunktion', '3031', 'Schloss'),
    ('AX_Gebaeudefunktion', '3032', 'Theater, Oper'),
    ('AX_Gebaeudefunktion', '3033', 'Konzertgebäude'),
    ('AX_Gebaeudefunktion', '3034', 'Museum'),
    ('AX_Gebaeudefunktion', '3035', 'Rundfunk, Fernsehen'),
    ('AX_Gebaeudefunktion', '3036', 'Veranstaltungsgebäude'),
    ('AX_Gebaeudefunktion', '3037', 'Bibliothek, Bücherei'),
    ('AX_Gebaeudefunktion', '3038', 'Burg, Festung'),
    ('AX_Gebaeudefunktion', '3040', 'Gebäude für religiöse Zwecke'),
    ('AX_Gebaeudefunktion', '3041', 'Kirche'),
    ('AX_Gebaeudefunktion', '3042', 'Synagoge'),
    ('AX_Gebaeudefunktion', '3043', 'Kapelle'),
    ('AX_Gebaeudefunktion', '3044', 'Gemeindehaus'),
    ('AX_Gebaeudefunktion', '3045', 'Gotteshaus'),
    ('AX_Gebaeudefunktion', '3046', 'Moschee'),
    ('AX_Gebaeudefunktion', '3047', 'Tempel'),
    ('AX_Gebaeudefunktion', '3048', 'Kloster'),
    ('AX_Gebaeudefunktion', '3050', 'Gebäude für Gesundheitswesen'),
    ('AX_Gebaeudefunktion', '3051', 'Krankenhaus'),
    ('AX_Gebaeudefunktion', '3052', 'Heilanstalt, Pflegeanstalt, Pflegestation'),
    ('AX_Gebaeudefunktion', '3053', 'Ärztehaus, Poliklinik'),
    ('AX_Gebaeudefunktion', '3054', 'Rettungswache'),
    ('AX_Gebaeudefunktion', '3060', 'Gebäude für soziale Zwecke'),
    ('AX_Gebaeudefunktion', '3061', 'Jugendfreizeitheim'),
    ('AX_Gebaeudefunktion', '3062', 'Freizeit-, Vereinsheim, Dorfgemeinschafts-, Bürgerhaus'),
    ('AX_Gebaeudefunktion', '3063', 'Seniorenfreizeitstätte'),
    ('AX_Gebaeudefunktion', '3064', 'Obdachlosenheim'),
    ('AX_Gebaeudefunktion', '3065', 'Kinderkrippe, Kindergarten, Kindertagesstätte'),
    ('AX_Gebaeudefunktion', '3066', 'Asylbewerberheim'),
    ('AX_Gebaeudefunktion', '3070', 'Gebäude für Sicherheit und Ordnung'),
    ('AX_Gebaeudefunktion', '3071', 'Polizei'),
    ('AX_Gebaeudefunktion', '3072', 'Feuerwehr'),
    ('AX_Gebaeudefunktion', '3073', 'Kaserne'),
    ('AX_Gebaeudefunktion', '3074', 'Schutzbunker'),
    ('AX_Gebaeudefunktion', '3075', 'Justizvollzugsanstalt'),
    ('AX_Gebaeudefunktion', '3080', 'Friedhofsgebäude'),
    ('AX_Gebaeudefunktion', '3081', 'Trauerhalle'),
    ('AX_Gebaeudefunktion', '3082', 'Krematorium'),
    ('AX_Gebaeudefunktion', '3090', 'Empfangsgebäude'),
    ('AX_Gebaeudefunktion', '3091', 'Bahnhofsgebäude'),
    ('AX_Gebaeudefunktion', '3092', 'Flughafengebäude'),
    ('AX_Gebaeudefunktion', '3094', 'Gebäude zum U-Bahnhof'),
    ('AX_Gebaeudefunktion', '3095', 'Gebäude zum S-Bahnhof'),
    ('AX_Gebaeudefunktion', '3097', 'Gebäude zum Busbahnhof'),
    ('AX_Gebaeudefunktion', '3098', 'Empfangsgebäude Schifffahrt'),
    ('AX_Gebaeudefunktion', '3100', 'Gebäude für öffentliche Zwecke mit Wohnen'),
    ('AX_Gebaeudefunktion', '3200', 'Gebäude für Erholungszwecke'),
    ('AX_Gebaeudefunktion', '3210', 'Gebäude für Sportzwecke'),
    ('AX_Gebaeudefunktion', '3211', 'Sport-, Turnhalle'),
    ('AX_Gebaeudefunktion', '3212', 'Gebäude zum Sportplatz'),
    ('AX_Gebaeudefunktion', '3220', 'Badegebäude'),
    ('AX_Gebaeudefunktion', '3221', 'Hallenbad'),
    ('AX_Gebaeudefunktion', '3222', 'Gebäude im Freibad'),
    ('AX_Gebaeudefunktion', '3230', 'Gebäude im Stadion'),
    ('AX_Gebaeudefunktion', '3240', 'Gebäude für Kurbetrieb'),
    ('AX_Gebaeudefunktion', '3241', 'Badegebäude für medizinische Zwecke'),
    ('AX_Gebaeudefunktion', '3242', 'Sanatorium'),
    ('AX_Gebaeudefunktion', '3260', 'Gebäude im Zoo'),
    ('AX_Gebaeudefunktion', '3261', 'Empfangsgebäude des Zoos'),
    ('AX_Gebaeudefunktion', '3262', 'Aquarium, Terrarium, Voliere'),
    ('AX_Gebaeudefunktion', '3263', 'Tierschauhaus'),
    ('AX_Gebaeudefunktion', '3264', 'Stall im Zoo'),
    ('AX_Gebaeudefunktion', '3270', 'Gebäude im botanischen Garten'),
    ('AX_Gebaeudefunktion', '3271', 'Empfangsgebäude des botanischen Gartens'),
    ('AX_Gebaeudefunktion', '3272', 'Gewächshaus (Botanik)'),
    ('AX_Gebaeudefunktion', '3273', 'Pflanzenschauhaus'),
    ('AX_Gebaeudefunktion', '3280', 'Gebäude für andere Erholungseinrichtung'),
    ('AX_Gebaeudefunktion', '3281', 'Schutzhütte'),
    ('AX_Gebaeudefunktion', '3290', 'Touristisches Informationszentrum'),
    ('AX_Gebaeudefunktion', '9998', 'Nach Quellenlage nicht zu spezifizieren'),
    ('AX_Weitere_Gebaeudefunktion', '1000', 'Bankfiliale'),
    ('AX_Weitere_Gebaeudefunktion', '1010', 'Hotel'),
    ('AX_Weitere_Gebaeudefunktion', '1020', 'Jugendherberge'),
    ('AX_Weitere_Gebaeudefunktion', '1030', 'Gaststätte'),
    ('AX_Weitere_Gebaeudefunktion', '1040', 'Kino'),
    ('AX_Weitere_Gebaeudefunktion', '1050', 'Spielkasino'),
    ('AX_Weitere_Gebaeudefunktion', '1051', 'Bankfiliale'),
    ('AX_Weitere_Gebaeudefunktion', '1060', 'Tiefgarage'),
    ('AX_Weitere_Gebaeudefunktion', '1070', 'Parkdeck'),
    ('AX_Weitere_Gebaeudefunktion', '1080', 'Toilette'),
    ('AX_Weitere_Gebaeudefunktion', '1090', 'Post'),
    ('AX_Weitere_Gebaeudefunktion', '1100', 'Zoll'),
    ('AX_Weitere_Gebaeudefunktion', '1110', 'Theater'),
    ('AX_Weitere_Gebaeudefunktion', '1120', 'Museum'),
    ('AX_Weitere_Gebaeudefunktion', '1130', 'Bibliothek'),
    ('AX_Weitere_Gebaeudefunktion', '1140', 'Kapelle'),
    ('AX_Weitere_Gebaeudefunktion', '1150', 'Moschee'),
    ('AX_Weitere_Gebaeudefunktion', '1160', 'Tempel'),
    ('AX_Weitere_Gebaeudefunktion', '1170', 'Apotheke'),
    ('AX_Weitere_Gebaeudefunktion', '1180', 'Polizeiwache'),
    ('AX_Weitere_Gebaeudefunktion', '1190', 'Rettungsstelle, Notaufnahme'),
    ('AX_Weitere_Gebaeudefunktion', '1200', 'Touristisches Informationszentrum'),
    ('AX_Weitere_Gebaeudefunktion', '1210', 'Kindergarten'),
    ('AX_Weitere_Gebaeudefunktion', '1220', 'Arztpraxis'),
    ('AX_Weitere_Gebaeudefunktion', '1230', 'Supermarkt'),
    ('AX_Weitere_Gebaeudefunktion', '1240', 'Geschäft'),
    ('AX_Bauweise_Gebaeude', '1100', 'Freistehendes Einzelgebäude'),
    ('AX_Bauweise_Gebaeude', '1200', 'Freistehender Gebäudeblock'),
    ('AX_Bauweise_Gebaeude', '1300', 'Einzelgarage'),
    ('AX_Bauweise_Gebaeude', '1400', 'Doppelgarage'),
    ('AX_Bauweise_Gebaeude', '1500', 'Sammelgarage'),
    ('AX_Bauweise_Gebaeude', '2100', 'Doppelhaushälfte'),
    ('AX_Bauweise_Gebaeude', '2200', 'Reihenhaus'),
    ('AX_Bauweise_Gebaeude', '2300', 'Haus in Reihe'),
    ('AX_Bauweise_Gebaeude', '2400', 'Gruppenhaus'),
    ('AX_Bauweise_Gebaeude', '2500', 'Gebäudeblock in geschlossener Bauweise'),
    ('AX_Bauweise_Gebaeude', '4000', 'Offene Halle'),
    ('AX_Bauweise_Gebaeude', '9999', 'Sonstiges'),
    ('AX_Zustand_Gebaeude', '1000', 'In behelfsmäßigem Zustand'),
    ('AX_Zustand_Gebaeude', '2000', 'In ungenutztem Zustand'),
    ('AX_Zustand_Gebaeude', '2100', 'Außer Betrieb, stillgelegt, verlassen'),
    ('AX_Zustand_Gebaeude', '2200', 'Verfallen, zerstört'),
    ('AX_Zustand_Gebaeude', '2300', 'Teilweise zerstört'),
    ('AX_Zustand_Gebaeude', '3000', 'Geplant und beantragt'),
    ('AX_Zustand_Gebaeude', '4000', 'Im Bau'),
    ('AX_Dachgeschossausbau_Gebaeude', '1000', 'Nicht ausbaufähig'),
    ('AX_Dachgeschossausbau_Gebaeude', '2000', 'Ausbaufähig'),
    ('AX_Dachgeschossausbau_Gebaeude', '3000', 'Ausgebaut'),
    ('AX_Dachgeschossausbau_Gebaeude', '4000', 'Ausbaufähigkeit unklar'),
    ('AX_Bauart_Bauteil', '2100', 'Tiefgarage'),
    ('AX_Bauart_Bauteil', '2620', 'Durchfahrt an überbautem Verkehrsweg'),
    ('AX_Bauart_Bauteil', '2710', 'Schornstein im Gebäude'),
    ('AX_Bauart_Bauteil', '2720', 'Turm im Gebäude'),
    ('AX_Nutzung', '1000', 'Zivil'),
    ('AX_Nutzung', '1100', 'Privat'),
    ('AX_Nutzung', '1200', 'Öffentlich'),
    ('AX_Nutzung', '1300', 'Religiös'),
    ('AX_Nutzung', '2000', 'Militärisch'),
    ('AX_Dachform', '1000', 'Flachdach'),
    ('AX_Dachform', '2100', 'Pultdach'),
    ('AX_Dachform', '2200', 'Versetztes Pultdach'),
    ('AX_Dachform', '3100', 'Satteldach'),
    ('AX_Dachform', '3200', 'Walmdach'),
    ('AX_Dachform', '3300', 'Krüppelwalmdach'),
    ('AX_Dachform', '3400', 'Mansardendach'),
    ('AX_Dachform', '3500', 'Zeltdach'),
    ('AX_Dachform', '3600', 'Kegeldach'),
    ('AX_Dachform', '3700', 'Kuppeldach'),
    ('AX_Dachform', '3800', 'Sheddach'),
    ('AX_Dachform', '3900', 'Bogendach'),
    ('AX_Dachform', '4000', 'Turmdach'),
    ('AX_Dachform', '5000', 'Mischform'),
    ('AX_Dachform', '9999', 'Sonstiges'),
    ('AX_LageZurErdoberflaeche_Gebaeude', '1200', 'Unter der Erdoberfläche'),
    ('AX_LageZurErdoberflaeche_Gebaeude', '1400', 'Aufgeständert'),
    ('AX_LageZurErdoberflaeche_Gebaeude', '1500', 'Beweglich, drehbar'),
    ('AX_ObererBezugspunkt', '1000', 'Mittlere Traufhöhe (Schnitt aufgehendes Mauerwerk mit Dachhaut)'),
    ('AX_ObererBezugspunkt', '1100', 'Mittlere Giebelhöhe'),
    ('AX_ObererBezugspunkt', '1200', 'Mittlere Höhe der Dachkanten'),
    ('AX_ObererBezugspunkt', '1300', 'Höchste Traufhöhe (Schnitt aufgehendes Mauerwerk mit Dachhaut)'),
    ('AX_ObererBezugspunkt', '1400', 'Höchster Punkt der Dachaufbauten'),
    ('AX_ObererBezugspunkt', '1500', 'Höchste Dachkante'),
    ('AX_ObererBezugspunkt', '1600', 'Niedrigste Traufhöhe (Schnitt aufgehendes Mauerwerk mit Dachhaut)'),
    ('AX_ObererBezugspunkt', '1700', 'Niedrigste Dachkante'),
    ('AX_ObererBezugspunkt', '1800', 'First'),
    ('AX_ObererBezugspunkt', '1900', 'Höchster Punkt'),
    ('AX_ObererBezugspunkt', '2000', 'Mittlere Höhe'),
    ('AX_ObererBezugspunkt', '2100', 'Niedrigster Punkt'),
    ('AX_UntererBezugspunkt', '1000', 'Hauseingang/ Eingangstür'),
    ('AX_UntererBezugspunkt', '2000', 'Mittlere Höhe Schnittpunkt mit Gelände'),
    ('AX_UntererBezugspunkt', '3000', 'Höchster Punkt Schnittpunkt mit Gelände'),
    ('AX_UntererBezugspunkt', '4000', 'Niedrigster Punkt Schnittpunkt mit Gelände'),
    ('AX_WeitereNutzung_TatsaechlicheNutzung', '1000', 'Überlagernd'),
    ('AX_ErgebnisDerUeberpruefung_TatsaechlicheNutzung', '1000', 'Fehlerkorrektur'),
    ('AX_ErgebnisDerUeberpruefung_TatsaechlicheNutzung', '2000', 'Bestätigung des Ist-Zustandes'),
    ('AX_ErgebnisDerUeberpruefung_TatsaechlicheNutzung', '3000', 'Erfassung eines neuen Objektes'),
    ('AX_ErgebnisDerUeberpruefung_TatsaechlicheNutzung', '4000', 'Geometrieveränderung eines bestehenden Objektes'),
    ('AX_ArtDerBebauung_Wohnbauflaeche', '1000', 'Offen'),
    ('AX_ArtDerBebauung_Wohnbauflaeche', '2000', 'Geschlossen'),
    ('AX_Zustand_Wohnbauflaeche', '2100', 'Außer Betrieb, stillgelegt, verlassen'),
    ('AX_Funktion_Wohnbauflaeche', '1200', 'Parken'),
    ('AX_Funktion_IndustrieUndGewerbeflaeche', '1200', 'Parken'),
    ('AX_Funktion_IndustrieUndGewerbeflaeche', '1400', 'Handel und Dienstleistung'),
    ('AX_Funktion_IndustrieUndGewerbeflaeche', '1410', 'Freie Berufe und weitere Dienstleistungen'),
    ('AX_Funktion_IndustrieUndGewerbeflaeche', '1420', 'Bank, Kredit'),
    ('AX_Funktion_IndustrieUndGewerbeflaeche', '1430', 'Versicherung'),
    ('AX_Funktion_IndustrieUndGewerbeflaeche', '1440', 'Handel'),
    ('AX_Funktion_IndustrieUndGewerbeflaeche', '1450', 'Ausstellung, Messe'),
    ('AX_Funktion_IndustrieUndGewerbeflaeche', '1460', 'Beherbergung'),
    ('AX_Funktion_IndustrieUndGewerbeflaeche', '1470', 'Restauration'),
    ('AX_Funktion_IndustrieUndGewerbeflaeche', '1480', 'Vergnügung'),
    ('AX_Funktion_IndustrieUndGewerbeflaeche', '1490', 'Gärtnerei'),
    ('AX_Funktion_IndustrieUndGewerbeflaeche', '1510', 'Handwerk'),
    ('AX_Funktion_IndustrieUndGewerbeflaeche', '1520', 'Tankstelle'),
    ('AX_Funktion_IndustrieUndGewerbeflaeche', '1530', 'Logistik und Transport'),
    ('AX_Funktion_IndustrieUndGewerbeflaeche', '1540', 'Forschung und Entwicklung'),
    ('AX_Funktion_IndustrieUndGewerbeflaeche', '1700', 'Industrie und Gewerbe'),
    ('AX_Funktion_IndustrieUndGewerbeflaeche', '1710', 'Produktion'),
    ('AX_Funktion_IndustrieUndGewerbeflaeche', '1740', 'Lagerfläche'),
    ('AX_Funktion_IndustrieUndGewerbeflaeche', '1770', 'Grundstoff'),
    ('AX_Funktion_IndustrieUndGewerbeflaeche', '1780', 'Betriebliche Sozialeinrichtung'),
    ('AX_Funktion_IndustrieUndGewerbeflaeche', '1790', 'Werft'),
    ('AX_Funktion_IndustrieUndGewerbeflaeche', '1801', 'Nahrungs-, Futter-, Genussmittel'),
    ('AX_Funktion_IndustrieUndGewerbeflaeche', '1802', 'Textil, Bekleidung, Lederwaren'),
    ('AX_Funktion_IndustrieUndGewerbeflaeche', '1803', 'Holz-, Naturfaser-, Verpackungsprodukte'),
    ('AX_Funktion_IndustrieUndGewerbeflaeche', '1804', 'Print-, Audio-, Videoprodukte'),
    ('AX_Funktion_IndustrieUndGewerbeflaeche', '1805', 'Mineralölverarbeitung, Kokerei'),
    ('AX_Funktion_IndustrieUndGewerbeflaeche', '1806', 'Chemie-, Pharma-, Kunststoffprodukte'),
    ('AX_Funktion_IndustrieUndGewerbeflaeche', '1807', 'Mineralische Bau- und Werkstoffe'),
    ('AX_Funktion_IndustrieUndGewerbeflaeche', '1808', 'Metallerzeugung und -verarbeitung'),
    ('AX_Funktion_IndustrieUndGewerbeflaeche', '1809', 'Technik, Elektrik, Elektronik'),
    ('AX_Funktion_IndustrieUndGewerbeflaeche', '1810', 'Maschinenbau'),
    ('AX_Funktion_IndustrieUndGewerbeflaeche', '1811', 'Fahrzeugbau'),
    ('AX_Funktion_IndustrieUndGewerbeflaeche', '1812', 'Möbel und sonstige Konsumgüter'),
    ('AX_Funktion_IndustrieUndGewerbeflaeche', '2500', 'Versorgungsanlage'),
    ('AX_Funktion_IndustrieUndGewerbeflaeche', '2520', 'Wasserwerk'),
    ('AX_Funktion_IndustrieUndGewerbeflaeche', '2530', 'Kraftwerk'),
    ('AX_Funktion_IndustrieUndGewerbeflaeche', '2540', 'Umspannstation'),
    ('AX_Funktion_IndustrieUndGewerbeflaeche', '2550', 'Raffinerie'),
    ('AX_Funktion_IndustrieUndGewerbeflaeche', '2560', 'Gaswerk'),
    ('AX_Funktion_IndustrieUndGewerbeflaeche', '2570', 'Heizwerk'),
    ('AX_Funktion_IndustrieUndGewerbeflaeche', '2580', 'Funk- und Fernmeldeanlage'),
    ('AX_Funktion_IndustrieUndGewerbeflaeche', '2600', 'Entsorgung'),
    ('AX_Funktion_IndustrieUndGewerbeflaeche', '2610', 'Kläranlage, Klärwerk'),
    ('AX_Funktion_IndustrieUndGewerbeflaeche', '2620', 'Abfallbehandlungsanlage'),
    ('AX_Funktion_IndustrieUndGewerbeflaeche', '2630', 'Deponie (oberirdisch)'),
    ('AX_Funktion_IndustrieUndGewerbeflaeche', '2640', 'Deponie (untertägig)'),
    ('AX_Funktion_IndustrieUndGewerbeflaeche', '2700', 'Förderanlage'),
    ('AX_Foerdergut_IndustrieUndGewerbeflaeche', '1000', 'Erdöl'),
    ('AX_Foerdergut_IndustrieUndGewerbeflaeche', '2000', 'Erdgas'),
    ('AX_Foerdergut_IndustrieUndGewerbeflaeche', '3000', 'Sole, Lauge'),
    ('AX_Foerdergut_IndustrieUndGewerbeflaeche', '4000', 'Kohlensäure'),
    ('AX_Foerdergut_IndustrieUndGewerbeflaeche', '5000', 'Erdwärme'),
    ('AX_Lagergut_IndustrieUndGewerbeflaeche', '2000', 'Kohle, Erz und Salz'),
    ('AX_Lagergut_IndustrieUndGewerbeflaeche', '4000', 'Erdreich'),
    ('AX_Lagergut_IndustrieUndGewerbeflaeche', '9000', 'Gas'),
    ('AX_Primaerenergie_IndustrieUndGewerbeflaeche', '1000', 'Wasser'),
    ('AX_Primaerenergie_IndustrieUndGewerbeflaeche', '2000', 'Kernkraft'),
    ('AX_Primaerenergie_IndustrieUndGewerbeflaeche', '3000', 'Sonne'),
    ('AX_Primaerenergie_IndustrieUndGewerbeflaeche', '4000', 'Wind'),
    ('AX_Primaerenergie_IndustrieUndGewerbeflaeche', '5000', 'Gezeiten'),
    ('AX_Primaerenergie_IndustrieUndGewerbeflaeche', '6000', 'Erdwärme'),
    ('AX_Primaerenergie_IndustrieUndGewerbeflaeche', '7000', 'Verbrennung'),
    ('AX_Primaerenergie_IndustrieUndGewerbeflaeche', '7100', 'Kohle'),
    ('AX_Primaerenergie_IndustrieUndGewerbeflaeche', '7200', 'Öl'),
    ('AX_Primaerenergie_IndustrieUndGewerbeflaeche', '7300', 'Gas'),
    ('AX_Primaerenergie_IndustrieUndGewerbeflaeche', '7400', 'Müll, Abfall'),
    ('AX_Primaerenergie_IndustrieUndGewerbeflaeche', '7500', 'Biomasse'),
    ('AX_Zustand_IndustrieUndGewerbeflaeche', '2100', 'Außer Betrieb, stillgelegt, verlassen'),
    ('AX_Zustand_IndustrieUndGewerbeflaeche', '4000', 'Im Bau'),
    ('AX_Lagergut_Halde', '1000', 'Baustoffe'),
    ('AX_Lagergut_Halde', '2000', 'Kohle'),
    ('AX_Lagergut_Halde', '4000', 'Erdreich'),
    ('AX_Lagergut_Halde', '5000', 'Schutt'),
    ('AX_Lagergut_Halde', '6000', 'Schlacke'),
    ('AX_Lagergut_Halde', '7000', 'Abraum'),
    ('AX_Lagergut_Halde', '8000', 'Schrott, Altmaterial'),
    ('AX_Abbaugut_Bergbaubetrieb', '1000', 'Erden, Lockergestein'),
    ('AX_Abbaugut_Bergbaubetrieb', '1001', 'Ton'),
    ('AX_Abbaugut_Bergbaubetrieb', '1003', 'Kaolin'),
    ('AX_Abbaugut_Bergbaubetrieb', '1007', 'Kalk, Kalktuff, Kreide'),
    ('AX_Abbaugut_Bergbaubetrieb', '2000', 'Steine, Gestein, Festgestein'),
    ('AX_Abbaugut_Bergbaubetrieb', '2002', 'Schiefer, Dachschiefer'),
    ('AX_Abbaugut_Bergbaubetrieb', '2003', 'Metamorpher Schiefer'),
    ('AX_Abbaugut_Bergbaubetrieb', '2005', 'Kalkstein'),
    ('AX_Abbaugut_Bergbaubetrieb', '2006', 'Dolomitstein'),
    ('AX_Abbaugut_Bergbaubetrieb', '2013', 'Basalt, Diabas'),
    ('AX_Abbaugut_Bergbaubetrieb', '2021', 'Talkschiefer, Speckstein'),
    ('AX_Abbaugut_Bergbaubetrieb', '3000', 'Erze'),
    ('AX_Abbaugut_Bergbaubetrieb', '3001', 'Eisen'),
    ('AX_Abbaugut_Bergbaubetrieb', '3002', 'Buntmetallerze'),
    ('AX_Abbaugut_Bergbaubetrieb', '3003', 'Kupfer'),
    ('AX_Abbaugut_Bergbaubetrieb', '3005', 'Zink'),
    ('AX_Abbaugut_Bergbaubetrieb', '3006', 'Zinn'),
    ('AX_Abbaugut_Bergbaubetrieb', '3007', 'Wismut, Kobalt, Nickel'),
    ('AX_Abbaugut_Bergbaubetrieb', '3008', 'Uran'),
    ('AX_Abbaugut_Bergbaubetrieb', '3009', 'Mangan'),
    ('AX_Abbaugut_Bergbaubetrieb', '3011', 'Edelmetallerze'),
    ('AX_Abbaugut_Bergbaubetrieb', '4000', 'Treib- und Brennstoffe'),
    ('AX_Abbaugut_Bergbaubetrieb', '4020', 'Kohle'),
    ('AX_Abbaugut_Bergbaubetrieb', '4021', 'Braunkohle'),
    ('AX_Abbaugut_Bergbaubetrieb', '4022', 'Steinkohle'),
    ('AX_Abbaugut_Bergbaubetrieb', '4030', 'Ölschiefer'),
    ('AX_Abbaugut_Bergbaubetrieb', '5000', 'Industrieminerale, Salze'),
    ('AX_Abbaugut_Bergbaubetrieb', '5001', 'Gipsstein'),
    ('AX_Abbaugut_Bergbaubetrieb', '5002', 'Anhydritstein'),
    ('AX_Abbaugut_Bergbaubetrieb', '5003', 'Steinsalz'),
    ('AX_Abbaugut_Bergbaubetrieb', '5004', 'Kalisalz'),
    ('AX_Abbaugut_Bergbaubetrieb', '5005', 'Kalkspat'),
    ('AX_Abbaugut_Bergbaubetrieb', '5006', 'Flussspat'),
    ('AX_Abbaugut_Bergbaubetrieb', '5007', 'Schwerspat'),
    ('AX_Abbaugut_Bergbaubetrieb', '5011', 'Graphit'),
    ('AX_Zustand_Bergbaubetrieb', '2100', 'Außer Betrieb, stillgelegt, verlassen'),
    ('AX_Funktion_Bergbaubetrieb', '1200', 'Parken'),
    ('AX_Abbaugut_TagebauGrubeSteinbruch', '1000', 'Erden, Lockergestein'),
    ('AX_Abbaugut_TagebauGrubeSteinbruch', '1001', 'Ton'),
    ('AX_Abbaugut_TagebauGrubeSteinbruch', '1002', 'Bentonit'),
    ('AX_Abbaugut_TagebauGrubeSteinbruch', '1003', 'Kaolin'),
    ('AX_Abbaugut_TagebauGrubeSteinbruch', '1004', 'Lehm'),
    ('AX_Abbaugut_TagebauGrubeSteinbruch', '1005', 'Löß, Lößlehm'),
    ('AX_Abbaugut_TagebauGrubeSteinbruch', '1007', 'Kalk, Kalktuff, Kreide'),
    ('AX_Abbaugut_TagebauGrubeSteinbruch', '1008', 'Sand'),
    ('AX_Abbaugut_TagebauGrubeSteinbruch', '1009', 'Kies, Kiessand'),
    ('AX_Abbaugut_TagebauGrubeSteinbruch', '1011', 'Farberden'),
    ('AX_Abbaugut_TagebauGrubeSteinbruch', '1012', 'Quarzsand'),
    ('AX_Abbaugut_TagebauGrubeSteinbruch', '2000', 'Steine, Gestein, Festgestein'),
    ('AX_Abbaugut_TagebauGrubeSteinbruch', '2001', 'Tonstein'),
    ('AX_Abbaugut_TagebauGrubeSteinbruch', '2002', 'Schiefer, Dachschiefer'),
    ('AX_Abbaugut_TagebauGrubeSteinbruch', '2003', 'Metamorpher Schiefer'),
    ('AX_Abbaugut_TagebauGrubeSteinbruch', '2004', 'Mergelstein'),
    ('AX_Abbaugut_TagebauGrubeSteinbruch', '2005', 'Kalkstein'),
    ('AX_Abbaugut_TagebauGrubeSteinbruch', '2006', 'Dolomitstein'),
    ('AX_Abbaugut_TagebauGrubeSteinbruch', '2007', 'Travertin'),
    ('AX_Abbaugut_TagebauGrubeSteinbruch', '2008', 'Marmor'),
    ('AX_Abbaugut_TagebauGrubeSteinbruch', '2009', 'Sandstein'),
    ('AX_Abbaugut_TagebauGrubeSteinbruch', '2010', 'Grauwacke'),
    ('AX_Abbaugut_TagebauGrubeSteinbruch', '2012', 'Gneis'),
    ('AX_Abbaugut_TagebauGrubeSteinbruch', '2013', 'Basalt, Diabas'),
    ('AX_Abbaugut_TagebauGrubeSteinbruch', '2015', 'Porphyr, Quarzporphyr'),
    ('AX_Abbaugut_TagebauGrubeSteinbruch', '2016', 'Granit'),
    ('AX_Abbaugut_TagebauGrubeSteinbruch', '2017', 'Granodiorit'),
    ('AX_Abbaugut_TagebauGrubeSteinbruch', '2018', 'Tuff-, Bimsstein'),
    ('AX_Abbaugut_TagebauGrubeSteinbruch', '2019', 'Trass'),
    ('AX_Abbaugut_TagebauGrubeSteinbruch', '2020', 'Trass'),
    ('AX_Abbaugut_TagebauGrubeSteinbruch', '2021', 'Talkschiefer, Speckstein'),
    ('AX_Abbaugut_TagebauGrubeSteinbruch', '4000', 'Treib- und Brennstoffe'),
    ('AX_Abbaugut_TagebauGrubeSteinbruch', '4010', 'Torf'),
    ('AX_Abbaugut_TagebauGrubeSteinbruch', '4020', 'Kohle'),
    ('AX_Abbaugut_TagebauGrubeSteinbruch', '4021', 'Braunkohle'),
    ('AX_Abbaugut_TagebauGrubeSteinbruch', '4022', 'Steinkohle'),
    ('AX_Abbaugut_TagebauGrubeSteinbruch', '4030', 'Ölschiefer'),
    ('AX_Abbaugut_TagebauGrubeSteinbruch', '5000', 'Industrieminerale, Salze'),
    ('AX_Abbaugut_TagebauGrubeSteinbruch', '5001', 'Gipsstein'),
    ('AX_Abbaugut_TagebauGrubeSteinbruch', '5002', 'Anhydritstein'),
    ('AX_Abbaugut_TagebauGrubeSteinbruch', '5005', 'Kalkspat'),
    ('AX_Abbaugut_TagebauGrubeSteinbruch', '5008', 'Quarz'),
    ('AX_Abbaugut_TagebauGrubeSteinbruch', '5009', 'Feldspat'),
    ('AX_Abbaugut_TagebauGrubeSteinbruch', '5010', 'Pegmatitsand'),
    ('AX_Zustand_TagebauGrubeSteinbruch', '2100', 'Außer Betrieb, stillgelegt, verlassen'),
    ('AX_Funktion_TagebauGrubeSteinbruch', '1200', 'Parken'),
    ('AX_ArtDerBebauung_FlaecheGemischterNutzung', '1000', 'Offen'),
    ('AX_ArtDerBebauung_FlaecheGemischterNutzung', '2000', 'Geschlossen'),
    ('AX_Funktion_FlaecheGemischterNutzung', '1200', 'Parken'),
    ('AX_Funktion_FlaecheGemischterNutzung', '2700', 'Gebäude- und Freifläche Land- und Forstwirtschaft'),
    ('AX_Funktion_FlaecheGemischterNutzung', '2710', 'Wohnen'),
    ('AX_Funktion_FlaecheGemischterNutzung', '2730', 'Wohnen und Betrieb'),
    ('AX_Funktion_FlaecheGemischterNutzung', '3000', 'Fischereiwirtschaftsfläche'),
    ('AX_Funktion_FlaecheGemischterNutzung', '3001', 'Fischereiwirtschaftsfläche mit Fischzucht, Muschelzucht'),
    ('AX_Funktion_FlaecheGemischterNutzung', '3002', 'Fischereiwirtschaftsfläche mit Algenzucht'),
    ('AX_Funktion_FlaecheGemischterNutzung', '3003', 'Fischereiwirtschaftsfläche mit Fischzucht, Muschelzucht und Algenzucht'),
    ('AX_Funktion_FlaecheGemischterNutzung', '6800', 'Landwirtschaftliche Betriebsfläche'),
    ('AX_Funktion_FlaecheGemischterNutzung', '6810', 'Landwirtschaftliche Betriebsfläche für Tierhaltung'),
    ('AX_Funktion_FlaecheGemischterNutzung', '6820', 'Landwirtschaftliche Betriebsfläche für pflanzliche Produktion'),
    ('AX_Funktion_FlaecheGemischterNutzung', '6830', 'Landwirtschaftliche Betriebsfläche für Tierhaltung und pflanzliche Produktion'),
    ('AX_Funktion_FlaecheGemischterNutzung', '7600', 'Forstwirtschaftliche Betriebsfläche'),
    ('AX_Zustand_FlaecheGemischterNutzung', '2100', 'Außer Betrieb, stillgelegt, verlassen'),
    ('AX_Funktion_FlaecheBesondererFunktionalerPraegung', '1100', 'Öffentliche Zwecke'),
    ('AX_Funktion_FlaecheBesondererFunktionalerPraegung', '1110', 'Regierung und Verwaltung'),
    ('AX_Funktion_FlaecheBesondererFunktionalerPraegung', '1120', 'Bildung und Wissenschaft'),
    ('AX_Funktion_FlaecheBesondererFunktionalerPraegung', '1130', 'Kultur'),
    ('AX_Funktion_FlaecheBesondererFunktionalerPraegung', '1140', 'Religiöse Einrichtung'),
    ('AX_Funktion_FlaecheBesondererFunktionalerPraegung', '1150', 'Gesundheit, Kur'),
    ('AX_Funktion_FlaecheBesondererFunktionalerPraegung', '1160', 'Soziales'),
    ('AX_Funktion_FlaecheBesondererFunktionalerPraegung', '1170', 'Sicherheit und Ordnung'),
    ('AX_Funktion_FlaecheBesondererFunktionalerPraegung', '1180', 'Medien und Kommunikation'),
    ('AX_Funktion_FlaecheBesondererFunktionalerPraegung', '1200', 'Parken'),
    ('AX_ArtDerBebauung_FlaecheBesondererFunktionalerPraegung', '1000', 'Offen'),
    ('AX_ArtDerBebauung_FlaecheBesondererFunktionalerPraegung', '2000', 'Geschlossen'),
    ('AX_Zustand_FlaecheBesondererFunktionalerPraegung', '2100', 'Außer Betrieb, stillgelegt, verlassen'),
    ('AX_Funktion_SportFreizeitUndErholungsflaeche', '1200', 'Parken'),
    ('AX_Funktion_SportFreizeitUndErholungsflaeche', '4100', 'Sportanlage'),
    ('AX_Funktion_SportFreizeitUndErholungsflaeche', '4110', 'Golf'),
    ('AX_Funktion_SportFreizeitUndErholungsflaeche', '4140', 'Reitsport'),
    ('AX_Funktion_SportFreizeitUndErholungsflaeche', '4170', 'Tennis'),
    ('AX_Funktion_SportFreizeitUndErholungsflaeche', '4200', 'Freizeitanlage'),
    ('AX_Funktion_SportFreizeitUndErholungsflaeche', '4210', 'Zoo'),
    ('AX_Funktion_SportFreizeitUndErholungsflaeche', '4220', 'Safaripark, Wildpark'),
    ('AX_Funktion_SportFreizeitUndErholungsflaeche', '4230', 'Freizeitpark'),
    ('AX_Funktion_SportFreizeitUndErholungsflaeche', '4235', 'Kletteranlage'),
    ('AX_Funktion_SportFreizeitUndErholungsflaeche', '4240', 'Freilichtbühne'),
    ('AX_Funktion_SportFreizeitUndErholungsflaeche', '4250', 'Freilichtmuseum'),
    ('AX_Funktion_SportFreizeitUndErholungsflaeche', '4260', 'Autokino, Freilichtkino'),
    ('AX_Funktion_SportFreizeitUndErholungsflaeche', '4270', 'Verkehrsübungsplatz, Testgelände, Fahrsicherheit'),
    ('AX_Funktion_SportFreizeitUndErholungsflaeche', '4275', 'Go-Kart-Bahn'),
    ('AX_Funktion_SportFreizeitUndErholungsflaeche', '4280', 'Hundeübungsplatz'),
    ('AX_Funktion_SportFreizeitUndErholungsflaeche', '4290', 'Modellfluggelände'),
    ('AX_Funktion_SportFreizeitUndErholungsflaeche', '4295', 'Gelände für Luftsportgeräte'),
    ('AX_Funktion_SportFreizeitUndErholungsflaeche', '4300', 'Erholungsfläche'),
    ('AX_Funktion_SportFreizeitUndErholungsflaeche', '4310', 'Wochenend- und Ferienhausfläche'),
    ('AX_Funktion_SportFreizeitUndErholungsflaeche', '4320', 'Schwimmen'),
    ('AX_Funktion_SportFreizeitUndErholungsflaeche', '4330', 'Campingplatz'),
    ('AX_Funktion_SportFreizeitUndErholungsflaeche', '4400', 'Grünanlage'),
    ('AX_Funktion_SportFreizeitUndErholungsflaeche', '4410', 'Siedlungsgrünfläche'),
    ('AX_Funktion_SportFreizeitUndErholungsflaeche', '4420', 'Park'),
    ('AX_Funktion_SportFreizeitUndErholungsflaeche', '4430', 'Botanischer Garten'),
    ('AX_Funktion_SportFreizeitUndErholungsflaeche', '4440', 'Kleingarten'),
    ('AX_Funktion_SportFreizeitUndErholungsflaeche', '4450', 'Wochenendplatz'),
    ('AX_Funktion_SportFreizeitUndErholungsflaeche', '4460', 'Garten'),
    ('AX_Funktion_SportFreizeitUndErholungsflaeche', '4470', 'Spielplatz, Bolzplatz'),
    ('AX_Zustand_SportFreizeitUndErholungsflaeche', '2100', 'Außer Betrieb, stillgelegt, verlassen'),
    ('AX_Funktion_Friedhof', '1200', 'Parken'),
    ('AX_Funktion_Friedhof', '9403', 'Parkfriedhof'),
    ('AX_Funktion_Strasse', '2312', 'Begleitfläche Straßenverkehr'),
    ('AX_Funktion_Strasse', '2314', 'Betriebsfläche Straßenverkehr'),
    ('AX_Funktion_Strasse', '2315', 'Fahrbahn'),
    ('AX_Zustand_Strasse', '2100', 'Außer Betrieb, stillgelegt, verlassen'),
    ('AX_Zustand_Strasse', '4000', 'Im Bau'),
    ('AX_Zustand_Strasse', '8000', 'Erweiterung, Neuansiedlung'),
    ('AX_Fahrbahntrennung_Strasse', '2000', 'Getrennt'),
    ('AX_InternationaleBedeutung_Strasse', '2001', 'Europastraße'),
    ('AX_Widmung_Strasse', '1301', 'Bundesautobahn'),
    ('AX_Widmung_Strasse', '1303', 'Bundesstraße'),
    ('AX_Widmung_Strasse', '1305', 'Landesstraße, Staatsstraße'),
    ('AX_Widmung_Strasse', '1306', 'Kreisstraße'),
    ('AX_Widmung_Strasse', '1307', 'Gemeindestraße'),
    ('AX_Widmung_Strasse', '9997', 'Nicht öffentliche Straße'),
    ('AX_Widmung_Strasse', '9999', 'Sonstige öffentliche Straße'),
    ('AX_BesondereVerkehrsbedeutung', '1000', 'Überörtlicher Verkehr'),
    ('AX_BesondereVerkehrsbedeutung', '1003', 'Nahverkehr'),
    ('AX_BesondereVerkehrsbedeutung', '2000', 'Ortsverkehr'),
    ('AX_BesondereVerkehrsbedeutung', '2001', 'Sammelverkehr'),
    ('AX_BesondereVerkehrsbedeutung', '2002', 'Anliegerverkehr'),
    ('AX_BesondereFahrstreifen', '1000', 'Mit Radweg'),
    ('AX_BesondereFahrstreifen', '2000', 'Mit Fußweg'),
    ('AX_BesondereFahrstreifen', '3000', 'Mit Rad- und Fußweg'),
    ('AX_Funktion_Strassenachse', '1808', 'Fußgängerzone'),
    ('AX_Zustand', '2100', 'Außer Betrieb, stillgelegt, verlassen'),
    ('AX_Zustand', '4000', 'Im Bau'),
    ('AX_Oberflaechenmaterial_Strasse', '1220', 'Beton'),
    ('AX_Oberflaechenmaterial_Strasse', '1230', 'Bitumen, Asphalt'),
    ('AX_Oberflaechenmaterial_Strasse', '1240', 'Pflaster'),
    ('AX_Oberflaechenmaterial_Strasse', '1250', 'Gestein, zerkleinert'),
    ('AX_Funktion_Fahrbahnachse', '1808', 'Fußgängerzone'),
    ('AX_Funktion_Weg', '5210', 'Fahrweg'),
    ('AX_Funktion_Weg', '5210', 'Fahrweg'),
    ('AX_Funktion_Weg', '5211', 'Hauptwirtschaftsweg'),
    ('AX_Funktion_Weg', '5212', 'Wirtschaftsweg'),
    ('AX_Funktion_Weg', '5220', 'Fußweg'),
    ('AX_Funktion_Weg', '5230', 'Gang'),
    ('AX_Funktion_Weg', '5240', 'Radweg'),
    ('AX_Funktion_Weg', '5250', 'Rad- und Fußweg'),
    ('AX_Funktion_Weg', '5260', 'Reitweg'),
    ('AX_Funktion_Weg', '5270', 'Begleitfläche Weg'),
    ('AX_Funktion_Weg', '9999', 'Sonstiges'),
    ('AX_Befestigung_Fahrwegachse', '1000', 'Leicht befestigt'),
    ('AX_Befestigung_Fahrwegachse', '2000', 'Unbefestigt'),
    ('AX_Markierung_Wegachse', '1401', 'Gekennzeichneter Wanderweg'),
    ('AX_Markierung_Wegachse', '1402', 'Gekennzeichneter Rad(wander)weg'),
    ('AX_Funktion_Wegachse', '5211', 'Hauptwirtschaftsweg'),
    ('AX_Funktion_Wegachse', '5212', 'Wirtschaftsweg'),
    ('AX_Funktion_Wegachse', '5240', 'Radweg'),
    ('AX_Funktion_Wegachse', '5250', 'Rad- und Fußweg'),
    ('AX_Befahrbarkeit_Fahrwegachse', '1000', 'Ganzjährig befahrbar'),
    ('AX_Befahrbarkeit_Fahrwegachse', '2000', 'Eingeschränkt befahrbar'),
    ('AX_Funktion_Platz', '5130', 'Fußgängerzone'),
    ('AX_Funktion_Platz', '5310', 'Parkplatz'),
    ('AX_Funktion_Platz', '5320', 'Rastplatz'),
    ('AX_Funktion_Platz', '5330', 'Raststätte, Autohof'),
    ('AX_Funktion_Platz', '5340', 'Marktplatz'),
    ('AX_Funktion_Platz', '5350', 'Festplatz'),
    ('AX_Funktion_Platz', '5360', 'Busbahnhof'),
    ('AX_Funktion_Platz', '5370', 'Caravan-, Wohnmobilstellplatz'),
    ('AX_Funktion_Bahnverkehr', '1200', 'Parken'),
    ('AX_Funktion_Bahnverkehr', '2322', 'Begleitfläche Bahnverkehr'),
    ('AX_Funktion_Bahnverkehr', '2323', 'Betriebsfläche Bahnverkehr'),
    ('AX_Funktion_Bahnverkehr', '2324', 'Trasse, Streckengleisbett'),
    ('AX_Zustand_Bahnverkehr', '2100', 'Außer Betrieb, stillgelegt, verlassen'),
    ('AX_Zustand_Bahnverkehr', '4000', 'Im Bau'),
    ('AX_Zustand_Bahnverkehr', '8000', 'Erweiterung, Neuansiedlung'),
    ('AX_Bahnkategorie_Bahnstrecke', '1100', 'Eisenbahn'),
    ('AX_Bahnkategorie_Bahnstrecke', '1101', 'Personenverkehr'),
    ('AX_Bahnkategorie_Bahnstrecke', '1102', 'Güterverkehr'),
    ('AX_Bahnkategorie_Bahnstrecke', '1104', 'S-Bahn'),
    ('AX_Bahnkategorie_Bahnstrecke', '1200', 'Stadtbahn'),
    ('AX_Bahnkategorie_Bahnstrecke', '1201', 'Straßenbahn'),
    ('AX_Bahnkategorie_Bahnstrecke', '1202', 'U-Bahn'),
    ('AX_Bahnkategorie_Bahnstrecke', '1300', 'Seilbahn, Bergbahn'),
    ('AX_Bahnkategorie_Bahnstrecke', '1301', 'Zahnradbahn'),
    ('AX_Bahnkategorie_Bahnstrecke', '1302', 'Standseilbahn'),
    ('AX_Bahnkategorie_Bahnstrecke', '1400', 'Museumsbahn'),
    ('AX_Bahnkategorie_Bahnstrecke', '1500', 'Bahn im Freizeitpark'),
    ('AX_Bahnkategorie_Bahnstrecke', '1600', 'Magnetschwebebahn'),
    ('AX_Elektrifizierung', '1000', 'Elektrifiziert'),
    ('AX_Elektrifizierung', '2000', 'Nicht elektrifiziert'),
    ('AX_AnzahlDerStreckengleise', '1000', 'Eingleisig'),
    ('AX_AnzahlDerStreckengleise', '2000', 'Zweigleisig'),
    ('AX_Spurweite', '1000', 'Normalspur (Regelspur, Vollspur)'),
    ('AX_Spurweite', '2000', 'Schmalspur'),
    ('AX_Spurweite', '3000', 'Breitspur'),
    ('AX_Spurweite', '9997', 'Attribut trifft nicht zu'),
    ('AX_Verkehrsdienst_Bahnstrecke', '1000', 'Fernverkehr'),
    ('AX_Funktion_Flugverkehr', '1200', 'Parken'),
    ('AX_Funktion_Flugverkehr', '5502', 'Begleitfläche Flugverkehr'),
    ('AX_Funktion_Flugverkehr', '5503', 'Betriebsfläche Flugverkehr'),
    ('AX_Art_Flugverkehr', '5511', 'Internationaler Flughafen'),
    ('AX_Art_Flugverkehr', '5512', 'Regionalflughafen'),
    ('AX_Art_Flugverkehr', '5513', 'Sonderflughafen'),
    ('AX_Art_Flugverkehr', '5521', 'Verkehrslandeplatz'),
    ('AX_Art_Flugverkehr', '5522', 'Sonderlandeplatz'),
    ('AX_Art_Flugverkehr', '5530', 'Hubschrauberlandeplatz'),
    ('AX_Art_Flugverkehr', '5550', 'Segelfluggelände'),
    ('AX_Nutzung_Flugverkehr', '1000', 'Zivil'),
    ('AX_Nutzung_Flugverkehr', '2000', 'Militärisch'),
    ('AX_Nutzung_Flugverkehr', '3000', 'Teils zivil, teils militärisch'),
    ('AX_Zustand_Flugverkehr', '2100', 'Außer Betrieb, stillgelegt, verlassen'),
    ('AX_Zustand_Flugverkehr', '4000', 'Im Bau'),
    ('AX_Zustand_Flugverkehr', '8000', 'Erweiterung, Neuansiedlung'),
    ('AX_Funktion_Schiffsverkehr', '1200', 'Parken'),
    ('AX_Funktion_Schiffsverkehr', '2342', 'Begleitfläche Schiffsverkehr'),
    ('AX_Funktion_Schiffsverkehr', '5600', 'Betriebsfläche Schiffsverkehr'),
    ('AX_Funktion_Schiffsverkehr', '5610', 'Hafenanlage (Landfläche)'),
    ('AX_Funktion_Schiffsverkehr', '5620', 'Schleuse (Landfläche)'),
    ('AX_Zustand_Schiffsverkehr', '2100', 'Außer Betrieb, stillgelegt, verlassen'),
    ('AX_Zustand_Schiffsverkehr', '4000', 'Im Bau'),
    ('AX_Zustand_Schiffsverkehr', '8000', 'Erweiterung, Neuansiedlung'),
    ('AX_Vegetationsmerkmal_Landwirtschaft', '1010', 'Ackerland'),
    ('AX_Vegetationsmerkmal_Landwirtschaft', '1011', 'Streuobstacker'),
    ('AX_Vegetationsmerkmal_Landwirtschaft', '1012', 'Hopfen'),
    ('AX_Vegetationsmerkmal_Landwirtschaft', '1013', 'Spargel'),
    ('AX_Vegetationsmerkmal_Landwirtschaft', '1014', 'Hanf'),
    ('AX_Vegetationsmerkmal_Landwirtschaft', '1020', 'Grünland'),
    ('AX_Vegetationsmerkmal_Landwirtschaft', '1021', 'Streuobstwiese'),
    ('AX_Vegetationsmerkmal_Landwirtschaft', '1022', 'Salzweide'),
    ('AX_Vegetationsmerkmal_Landwirtschaft', '1030', 'Gartenbauland'),
    ('AX_Vegetationsmerkmal_Landwirtschaft', '1031', 'Baumschule'),
    ('AX_Vegetationsmerkmal_Landwirtschaft', '1040', 'Rebfläche'),
    ('AX_Vegetationsmerkmal_Landwirtschaft', '1050', 'Obst- und Nussplantage'),
    ('AX_Vegetationsmerkmal_Landwirtschaft', '1051', 'Obst- und Nussbaumplantage'),
    ('AX_Vegetationsmerkmal_Landwirtschaft', '1052', 'Obst- und Nussstrauchplantage'),
    ('AX_Vegetationsmerkmal_Landwirtschaft', '1060', 'Weihnachtsbaumkultur'),
    ('AX_Vegetationsmerkmal_Landwirtschaft', '1100', 'Kurzumtriebsplantage'),
    ('AX_Vegetationsmerkmal_Landwirtschaft', '1200', 'Brachland'),
    ('AX_Vegetationsmerkmal_Wald', '1100', 'Laubholz'),
    ('AX_Vegetationsmerkmal_Wald', '1200', 'Nadelholz'),
    ('AX_Vegetationsmerkmal_Wald', '1300', 'Laub- und Nadelholz'),
    ('AX_Zustand_Wald', '6100', 'Verjüngungs-, Neuanpflanzungsfläche'),
    ('AX_Zustand_Wald', '7100', 'Dauerhaft unbestockt'),
    ('AX_Nutzung_Wald', '1000', 'Forstwirtschaftsfläche'),
    ('AX_Nutzung_Wald', '2000', 'Unbewirtschaftet'),
    ('AX_Nutzung_Wald', '3000', 'Waldbestattungsfläche'),
    ('AX_Oberflaechenmaterial_UnlandVegetationsloseFlaeche', '1010', 'Fels'),
    ('AX_Oberflaechenmaterial_UnlandVegetationsloseFlaeche', '1020', 'Steine, Schotter'),
    ('AX_Oberflaechenmaterial_UnlandVegetationsloseFlaeche', '1030', 'Geröll'),
    ('AX_Oberflaechenmaterial_UnlandVegetationsloseFlaeche', '1040', 'Sand'),
    ('AX_Oberflaechenmaterial_UnlandVegetationsloseFlaeche', '1110', 'Schnee'),
    ('AX_Oberflaechenmaterial_UnlandVegetationsloseFlaeche', '1120', 'Eis, Firn'),
    ('AX_Funktion_UnlandVegetationsloseFlaeche', '1000', 'Vegetationslose Fläche'),
    ('AX_Funktion_UnlandVegetationsloseFlaeche', '1100', 'Gewässerbegleitfläche'),
    ('AX_Funktion_UnlandVegetationsloseFlaeche', '1110', 'Bebaute Gewässerbegleitfläche'),
    ('AX_Funktion_UnlandVegetationsloseFlaeche', '1120', 'Unbebaute Gewässerbegleitfläche'),
    ('AX_Funktion_UnlandVegetationsloseFlaeche', '1200', 'Sukzessionsfläche'),
    ('AX_Funktion_UnlandVegetationsloseFlaeche', '1300', 'Naturnahe Fläche'),
    ('AX_Funktion_Fliessgewaesser', '8230', 'Flussmündungstrichter'),
    ('AX_Funktion_Fliessgewaesser', '8300', 'Kanal'),
    ('AX_Zustand_Kanal', '2100', 'Außer Betrieb, stillgelegt, verlassen'),
    ('AX_Zustand_Kanal', '4000', 'Im Bau'),
    ('AX_HydrologischesMerkmal_Fliessgewaesser', '2000', 'Nicht ständig Wasser führend'),
    ('AX_Schifffahrtskategorie', '1000', 'Binnenwasserstraße'),
    ('AX_Schifffahrtskategorie', '2000', 'Seewasserstraße'),
    ('AX_Schifffahrtskategorie', '3000', 'Landesgewässer mit Verkehrsordnung'),
    ('AX_Widmung_Wasserlauf', '1310', 'Gewässer I. Ordnung - Bundeswasserstraße'),
    ('AX_Widmung_Wasserlauf', '1320', 'Gewässer I. Ordnung - nach Landesrecht'),
    ('AX_Widmung_Wasserlauf', '1330', 'Gewässer II. Ordnung'),
    ('AX_Widmung_Wasserlauf', '1340', 'Gewässer III. Ordnung'),
    ('AX_Widmung_Kanal', '1310', 'Gewässer I. Ordnung _ Bundeswasserstraße'),
    ('AX_Widmung_Kanal', '1320', 'Gewässer I. Ordnung - nach Landesrecht'),
    ('AX_Widmung_Kanal', '1330', 'Gewässer II. Ordnung'),
    ('AX_Widmung_Kanal', '1340', 'Gewässer III. Ordnung'),
    ('AX_Schifffahrtskategorie_Kanal', '1000', 'Binnenwasserstraße'),
    ('AX_Schifffahrtskategorie_Kanal', '2000', 'Seewasserstraße'),
    ('AX_Schifffahrtskategorie_Kanal', '3000', 'Landesgewässer mit Verkehrsordnung'),
    ('AX_HydrologischesMerkmal_Gewaesserachse', '2000', 'Nicht ständig Wasser führend'),
    ('AX_HydrologischesMerkmal_Gewaesserachse', '3000', 'Trocken, versiegt'),
    ('AX_Funktion_Gewaesserachse', '8300', 'Kanal'),
    ('AX_Zustand_Gewaesserachse', '2100', 'Außer Betrieb, stillgelegt, verlassen'),
    ('AX_Zustand_Gewaesserachse', '4000', 'Im Bau'),
    ('AX_Nutzung_Hafenbecken', '1000', 'Zivil'),
    ('AX_Nutzung_Hafenbecken', '2000', 'Militärisch'),
    ('AX_Nutzung_Hafenbecken', '3000', 'Teils zivil, teils militärisch'),
    ('AX_Funktion_StehendesGewaesser', '8630', 'Stausee'),
    ('AX_Funktion_StehendesGewaesser', '8631', 'Speicherbecken'),
    ('AX_Funktion_StehendesGewaesser', '8640', 'Baggersee'),
    ('AX_HydrologischesMerkmal_StehendesGewaesser', '2000', 'Nicht ständig Wasser führend'),
    ('AX_Widmung_StehendesGewaesser', '1310', 'Gewässer I. Ordnung - Bundeswasserstraße'),
    ('AX_Widmung_StehendesGewaesser', '1320', 'Gewässer I. Ordnung - nach Landesrecht'),
    ('AX_Widmung_StehendesGewaesser', '1330', 'Gewässer II. Ordnung'),
    ('AX_Widmung_StehendesGewaesser', '1340', 'Gewässer III. Ordnung'),
    ('AX_Nutzung_StehendesGewaesser', '1000', 'Trinkwasser'),
    ('AX_Nutzung_StehendesGewaesser', '2000', 'Energie'),
    ('AX_Nutzung_StehendesGewaesser', '3000', 'Brauchwasser'),
    ('AX_Zustand_StehendesGewaesser', '2100', 'Außer Betrieb, stillgelegt, verlassen'),
    ('AX_Zustand_StehendesGewaesser', '8000', 'Erweiterung, Neuansiedlung'),
    ('AX_Tidemerkmal_Meer', '1000', 'Mit Tideeinfluss'),
    ('AX_ErgebnisDerUeberpruefung_BauwerkeEinrichtungenUndSonstigeAngaben', '1000', 'Fehlerkorrektur'),
    ('AX_ErgebnisDerUeberpruefung_BauwerkeEinrichtungenUndSonstigeAngaben', '2000', 'Bestätigung des Ist-Zustandes'),
    ('AX_ErgebnisDerUeberpruefung_BauwerkeEinrichtungenUndSonstigeAngaben', '3000', 'Erfassung eines neuen Objektes'),
    ('AX_ErgebnisDerUeberpruefung_BauwerkeEinrichtungenUndSonstigeAngaben', '4000', 'Geometrieveränderung eines bestehenden Objektes'),
    ('AX_LI_ProcessStep_MitDatenerhebung_Description', 'Erhebung', 'Erhebung'),
    ('AX_Datenerhebung', '1000', 'Aus Katastervermessung ermittelt'),
    ('AX_Datenerhebung', '1100', 'Aufgrund Anforderungen mit Netzanschluss ermittelt'),
    ('AX_Datenerhebung', '1200', 'Aufgrund Anforderungen mit Bezug zur Flurstücksgrenze ermittelt'),
    ('AX_Datenerhebung', '1900', 'Aus sonstiger Vermessung ermittelt'),
    ('AX_Datenerhebung', '2000', 'Aus Luftbildmessung oder Fernerkundungsdaten ermittelt'),
    ('AX_Datenerhebung', '4000', 'Aus Katasterunterlagen und Karten für graphische Zwecke ermittelt'),
    ('AX_Datenerhebung', '4100', 'Aus Katasterzahlen für graphische Zwecke ermittelt'),
    ('AX_Datenerhebung', '4200', 'Aus Katasterkarten digitalisiert'),
    ('AX_Datenerhebung', '4210', 'Aus Katasterkarten digitalisiert, Kartenmaßstab M größer gleich 1 zu 1000'),
    ('AX_Datenerhebung', '4220', 'Aus Katasterkarten digitalisiert, Kartenmaßstab 1 zu 1000 größer M größer gleich 1 zu 2000'),
    ('AX_Datenerhebung', '4230', 'Aus Katasterkarten digitalisiert, Kartenmaßstab 1 zu 2000 größer M größer gleich 1 zu 3000'),
    ('AX_Datenerhebung', '4240', 'Aus Katasterkarten digitalisiert, Kartenmaßstab 1 zu 3000 größer M größer gleich 1 zu 5000'),
    ('AX_Datenerhebung', '4250', 'Aus Katasterkarten digitalisiert, Kartenmaßstab 1 zu 5000 größer M'),
    ('AX_Datenerhebung', '4300', 'Aus sonstigen Unterlagen digitalisiert'),
    ('AX_Datenerhebung', '4310', 'Aus sonstigen Unterlagen digitalisiert, Kartenmaßstab M größer gleich 1 zu 1000'),
    ('AX_Datenerhebung', '4320', 'Aus sonstigen Unterlagen digitalisiert, Kartenmaßstab 1 zu 1000 größer M größer gleich 1 zu 2000'),
    ('AX_Datenerhebung', '4330', 'Aus sonstigen Unterlagen digitalisiert, Kartenmaßstab 1 zu 2000 größer M größer gleich 1 zu 3000'),
    ('AX_Datenerhebung', '4340', 'Aus sonstigen Unterlagen digitalisiert, Kartenmaßstab 1 zu 3000 größer M größer gleich 1 zu 5000'),
    ('AX_Datenerhebung', '4350', 'Aus sonstigen Unterlagen digitalisiert, Kartenmaßstab 1 zu 5000 größer M'),
    ('AX_Datenerhebung', '4360', 'Aus sonstigen Unterlagen digitalisiert, mit sonstigen geometrischen Bedingungen und bzw. oder Homogenisierung (M größer gleich 1 zu 1000)'),
    ('AX_Datenerhebung', '4370', 'Aus sonstigen Unterlagen digitalisiert, mit Berechnung oder Abstandsbedingung (M größer gleich 1 zu 1000)'),
    ('AX_Datenerhebung', '4380', 'Aus sonstigen Unterlagen digitalisiert, mit sonstigen geometrischen Bedingungen und bzw. oder Homogenisierung (M kleiner 1 zu 1000)'),
    ('AX_Datenerhebung', '4390', 'Aus sonstigen Unterlagen digitalisiert, mit Berechnung oder Abstandsbedingungen (M kleiner 1 zu 1000)'),
    ('AX_Datenerhebung', '9998', 'Nach Quellenlage nicht zu spezifizieren'),
    ('AX_Datenerhebung', '9999', 'Sonstiges'),
    ('AX_Bauwerksfunktion_Turm', '1001', 'Wasserturm'),
    ('AX_Bauwerksfunktion_Turm', '1002', 'Kirchturm, Glockenturm'),
    ('AX_Bauwerksfunktion_Turm', '1003', 'Aussichtsturm'),
    ('AX_Bauwerksfunktion_Turm', '1004', 'Kontrollturm'),
    ('AX_Bauwerksfunktion_Turm', '1005', 'Kühlturm'),
    ('AX_Bauwerksfunktion_Turm', '1006', 'Leuchtturm'),
    ('AX_Bauwerksfunktion_Turm', '1007', 'Feuerwachturm'),
    ('AX_Bauwerksfunktion_Turm', '1008', 'Sende-, Funkturm, Fernmeldeturm'),
    ('AX_Bauwerksfunktion_Turm', '1009', 'Stadt-, Torturm'),
    ('AX_Bauwerksfunktion_Turm', '1010', 'Förderturm'),
    ('AX_Bauwerksfunktion_Turm', '1011', 'Bohrturm'),
    ('AX_Bauwerksfunktion_Turm', '1012', 'Schloss-, Burgturm'),
    ('AX_Bauwerksfunktion_Turm', '9998', 'Nach Quellenlage nicht zu spezifizieren'),
    ('AX_Bauwerksfunktion_Turm', '9999', 'Sonstiges'),
    ('AX_Zustand_Turm', '2100', 'Außer Betrieb, stillgelegt, verlassen'),
    ('AX_Zustand_Turm', '2200', 'Verfallen, zerstört'),
    ('AX_Bauwerksfunktion_BauwerkOderAnlageFuerIndustrieUndGewerbe', '1210', 'Klärbecken'),
    ('AX_Bauwerksfunktion_BauwerkOderAnlageFuerIndustrieUndGewerbe', '1215', 'Biogasanlage'),
    ('AX_Bauwerksfunktion_BauwerkOderAnlageFuerIndustrieUndGewerbe', '1220', 'Windrad'),
    ('AX_Bauwerksfunktion_BauwerkOderAnlageFuerIndustrieUndGewerbe', '1230', 'Solarzellen'),
    ('AX_Bauwerksfunktion_BauwerkOderAnlageFuerIndustrieUndGewerbe', '1240', 'Wasserrad'),
    ('AX_Bauwerksfunktion_BauwerkOderAnlageFuerIndustrieUndGewerbe', '1250', 'Mast'),
    ('AX_Bauwerksfunktion_BauwerkOderAnlageFuerIndustrieUndGewerbe', '1251', 'Freileitungsmast'),
    ('AX_Bauwerksfunktion_BauwerkOderAnlageFuerIndustrieUndGewerbe', '1260', 'Funkmast'),
    ('AX_Bauwerksfunktion_BauwerkOderAnlageFuerIndustrieUndGewerbe', '1270', 'Antenne'),
    ('AX_Bauwerksfunktion_BauwerkOderAnlageFuerIndustrieUndGewerbe', '1275', 'Funknavigationsanlage'),
    ('AX_Bauwerksfunktion_BauwerkOderAnlageFuerIndustrieUndGewerbe', '1280', 'Radioteleskop'),
    ('AX_Bauwerksfunktion_BauwerkOderAnlageFuerIndustrieUndGewerbe', '1290', 'Schornstein'),
    ('AX_Bauwerksfunktion_BauwerkOderAnlageFuerIndustrieUndGewerbe', '1310', 'Grunddatenbestand'),
    ('AX_Bauwerksfunktion_BauwerkOderAnlageFuerIndustrieUndGewerbe', '1320', 'Schachtöffnung'),
    ('AX_Bauwerksfunktion_BauwerkOderAnlageFuerIndustrieUndGewerbe', '1330', 'Kran'),
    ('AX_Bauwerksfunktion_BauwerkOderAnlageFuerIndustrieUndGewerbe', '1340', 'Trockendock'),
    ('AX_Bauwerksfunktion_BauwerkOderAnlageFuerIndustrieUndGewerbe', '1350', 'Hochofen'),
    ('AX_Zustand_BauwerkOderAnlageFuerIndustrieUndGewerbe', '2100', 'Außer Betrieb, stillgelegt, verlassen'),
    ('AX_Zustand_BauwerkOderAnlageFuerIndustrieUndGewerbe', '2200', 'Verfallen, zerstört'),
    ('AX_Bauwerksfunktion_VorratsbehaelterSpeicherbauwerk', '1201', 'Silo'),
    ('AX_Bauwerksfunktion_VorratsbehaelterSpeicherbauwerk', '1205', 'Tank'),
    ('AX_Bauwerksfunktion_VorratsbehaelterSpeicherbauwerk', '1206', 'Gasometer'),
    ('AX_Speicherinhalt_VorratsbehaelterSpeicherbauwerk', '1000', 'Erze'),
    ('AX_Speicherinhalt_VorratsbehaelterSpeicherbauwerk', '1100', 'Treib- und Brennstoffe'),
    ('AX_Speicherinhalt_VorratsbehaelterSpeicherbauwerk', '1110', 'Erdöl'),
    ('AX_Speicherinhalt_VorratsbehaelterSpeicherbauwerk', '1120', 'Gas'),
    ('AX_Speicherinhalt_VorratsbehaelterSpeicherbauwerk', '1130', 'Wasser'),
    ('AX_Speicherinhalt_VorratsbehaelterSpeicherbauwerk', '1140', 'Gülle'),
    ('AX_Speicherinhalt_VorratsbehaelterSpeicherbauwerk', '1200', 'Baustoffe'),
    ('AX_Speicherinhalt_VorratsbehaelterSpeicherbauwerk', '1300', 'Chemikalien'),
    ('AX_Speicherinhalt_VorratsbehaelterSpeicherbauwerk', '1500', 'Lebensmittel'),
    ('AX_Speicherinhalt_VorratsbehaelterSpeicherbauwerk', '1501', 'Getreide'),
    ('AX_Speicherinhalt_VorratsbehaelterSpeicherbauwerk', '1510', 'Futtermittel'),
    ('AX_LageZurErdoberflaeche_VorratsbehaelterSpeicherbauwerk', '1200', 'Unter der Erdoberfläche'),
    ('AX_LageZurErdoberflaeche_VorratsbehaelterSpeicherbauwerk', '1400', 'Aufgeständert'),
    ('AX_Bauwerksfunktion_Transportanlage', '1101', 'Rohrleitung, Pipeline'),
    ('AX_Bauwerksfunktion_Transportanlage', '1102', 'Förderband, Bandstraße'),
    ('AX_Bauwerksfunktion_Transportanlage', '1103', 'Pumpe'),
    ('AX_Produkt_Transportanlage', '1110', 'Erdöl'),
    ('AX_Produkt_Transportanlage', '1120', 'Gas'),
    ('AX_Produkt_Transportanlage', '1130', 'Wasser'),
    ('AX_Produkt_Transportanlage', '1131', 'Trinkwasser'),
    ('AX_Produkt_Transportanlage', '1133', 'Abwasser'),
    ('AX_Produkt_Transportanlage', '1140', 'Fernwärme'),
    ('AX_LageZurErdoberflaeche_Transportanlage', '1200', 'Unter der Erdoberfläche'),
    ('AX_LageZurErdoberflaeche_Transportanlage', '1400', 'Aufgeständert'),
    ('AX_Bauwerksfunktion_Leitung', '1110', 'Freileitung'),
    ('AX_Bauwerksfunktion_Leitung', '1111', 'Erdkabel'),
    ('AX_Bauwerksfunktion_BauwerkOderAnlageFuerSportFreizeitUndErholung', '1410', 'Spielfeld'),
    ('AX_Bauwerksfunktion_BauwerkOderAnlageFuerSportFreizeitUndErholung', '1420', 'Rennbahn, Laufbahn, Geläuf'),
    ('AX_Bauwerksfunktion_BauwerkOderAnlageFuerSportFreizeitUndErholung', '1431', 'Zuschauertribüne, überdacht'),
    ('AX_Bauwerksfunktion_BauwerkOderAnlageFuerSportFreizeitUndErholung', '1432', 'Zuschauertribüne, nicht überdacht'),
    ('AX_Bauwerksfunktion_BauwerkOderAnlageFuerSportFreizeitUndErholung', '1441', 'Stadion, überdacht'),
    ('AX_Bauwerksfunktion_BauwerkOderAnlageFuerSportFreizeitUndErholung', '1442', 'Stadion, nicht überdacht'),
    ('AX_Bauwerksfunktion_BauwerkOderAnlageFuerSportFreizeitUndErholung', '1450', 'Schwimmbecken'),
    ('AX_Bauwerksfunktion_BauwerkOderAnlageFuerSportFreizeitUndErholung', '1470', 'Sprungschanze (Anlauf)'),
    ('AX_Bauwerksfunktion_BauwerkOderAnlageFuerSportFreizeitUndErholung', '1480', 'Schießanlage'),
    ('AX_Bauwerksfunktion_BauwerkOderAnlageFuerSportFreizeitUndErholung', '1490', 'Gradierwerk'),
    ('AX_Bauwerksfunktion_BauwerkOderAnlageFuerSportFreizeitUndErholung', '1510', 'Wildgehege'),
    ('AX_Bauwerksfunktion_BauwerkOderAnlageFuerSportFreizeitUndErholung', '1650', 'Wassersportanlage'),
    ('AX_Sportart_BauwerkOderAnlageFuerSportFreizeitUndErholung', '1010', 'Ballsport'),
    ('AX_Sportart_BauwerkOderAnlageFuerSportFreizeitUndErholung', '1011', 'Fußball'),
    ('AX_Sportart_BauwerkOderAnlageFuerSportFreizeitUndErholung', '1020', 'Leichtathletik'),
    ('AX_Sportart_BauwerkOderAnlageFuerSportFreizeitUndErholung', '1030', 'Tennis'),
    ('AX_Sportart_BauwerkOderAnlageFuerSportFreizeitUndErholung', '1040', 'Reiten'),
    ('AX_Sportart_BauwerkOderAnlageFuerSportFreizeitUndErholung', '1050', 'Schwimmen'),
    ('AX_Sportart_BauwerkOderAnlageFuerSportFreizeitUndErholung', '1060', 'Ski'),
    ('AX_Sportart_BauwerkOderAnlageFuerSportFreizeitUndErholung', '1070', 'Eissport, Rollschuhlaufen'),
    ('AX_Sportart_BauwerkOderAnlageFuerSportFreizeitUndErholung', '1071', 'Eislauf, Eishockey'),
    ('AX_Sportart_BauwerkOderAnlageFuerSportFreizeitUndErholung', '1080', 'Skating'),
    ('AX_Sportart_BauwerkOderAnlageFuerSportFreizeitUndErholung', '1090', 'Motorrennsport'),
    ('AX_Sportart_BauwerkOderAnlageFuerSportFreizeitUndErholung', '1100', 'Radsport'),
    ('AX_Sportart_BauwerkOderAnlageFuerSportFreizeitUndErholung', '1110', 'Pferderennsport'),
    ('AX_Sportart_BauwerkOderAnlageFuerSportFreizeitUndErholung', '1115', 'Hunderennsport'),
    ('AX_Zustand_BauwerkOderAnlageFuerSportFreizeitUndErholung', '2100', 'Außer Betrieb, stillgelegt, verlassen'),
    ('AX_ArchaeologischerTyp_HistorischesBauwerkOderHistorischeEinrichtung', '1000', 'Grab'),
    ('AX_ArchaeologischerTyp_HistorischesBauwerkOderHistorischeEinrichtung', '1010', 'Großsteingrab (Dolmen, Hünenbett)'),
    ('AX_ArchaeologischerTyp_HistorischesBauwerkOderHistorischeEinrichtung', '1020', 'Grabhügel (Hügelgrab)'),
    ('AX_ArchaeologischerTyp_HistorischesBauwerkOderHistorischeEinrichtung', '1100', 'Historische Wasserleitung'),
    ('AX_ArchaeologischerTyp_HistorischesBauwerkOderHistorischeEinrichtung', '1110', 'Aquädukt'),
    ('AX_ArchaeologischerTyp_HistorischesBauwerkOderHistorischeEinrichtung', '1200', 'Befestigung (Wall, Graben)'),
    ('AX_ArchaeologischerTyp_HistorischesBauwerkOderHistorischeEinrichtung', '1210', 'Wachturm (römisch), Warte'),
    ('AX_ArchaeologischerTyp_HistorischesBauwerkOderHistorischeEinrichtung', '1300', 'Steinmal'),
    ('AX_ArchaeologischerTyp_HistorischesBauwerkOderHistorischeEinrichtung', '1400', 'Befestigung (Burgruine)'),
    ('AX_ArchaeologischerTyp_HistorischesBauwerkOderHistorischeEinrichtung', '1410', 'Burg (Fliehburg, Ringwall)'),
    ('AX_ArchaeologischerTyp_HistorischesBauwerkOderHistorischeEinrichtung', '1420', 'Schanze'),
    ('AX_ArchaeologischerTyp_HistorischesBauwerkOderHistorischeEinrichtung', '1430', 'Lager'),
    ('AX_ArchaeologischerTyp_HistorischesBauwerkOderHistorischeEinrichtung', '1500', 'Historische'),
    ('AX_ArchaeologischerTyp_HistorischesBauwerkOderHistorischeEinrichtung', '9999', 'Sonstiges'),
    ('AX_Bauwerksfunktion_SonstigesBauwerkOderSonstigeEinrichtung', '1620', 'Treppe'),
    ('AX_Bauwerksfunktion_SonstigesBauwerkOderSonstigeEinrichtung', '1640', 'Kellereingang'),
    ('AX_Bauwerksfunktion_SonstigesBauwerkOderSonstigeEinrichtung', '1641', 'Kellereingang, offen'),
    ('AX_Bauwerksfunktion_SonstigesBauwerkOderSonstigeEinrichtung', '1642', 'Kellereingang, geschlossen'),
    ('AX_Bauwerksfunktion_SonstigesBauwerkOderSonstigeEinrichtung', '1700', 'Mauer'),
    ('AX_Bauwerksfunktion_SonstigesBauwerkOderSonstigeEinrichtung', '1700', 'Lärmschutzmauer'),
    ('AX_Bauwerksfunktion_SonstigesBauwerkOderSonstigeEinrichtung', '1720', 'Stützmauer'),
    ('AX_Bauwerksfunktion_SonstigesBauwerkOderSonstigeEinrichtung', '1740', 'Zaun'),
    ('AX_Bauwerksfunktion_SonstigesBauwerkOderSonstigeEinrichtung', '1750', 'Gedenkstätte, Denkmal, Denkstein, Standbild '),
    ('AX_Bauwerksfunktion_SonstigesBauwerkOderSonstigeEinrichtung', '1760', 'Bildstock, Wegekreuz, Gipfelkreuz'),
    ('AX_Bauwerksfunktion_SonstigesBauwerkOderSonstigeEinrichtung', '1770', 'Meilenstein, historischer Grenzstein'),
    ('AX_Bauwerksfunktion_SonstigesBauwerkOderSonstigeEinrichtung', '1780', 'Brunnen'),
    ('AX_Bauwerksfunktion_SonstigesBauwerkOderSonstigeEinrichtung', '1781', 'Brunnen (Trinkwasserversorgung)'),
    ('AX_Bauwerksfunktion_SonstigesBauwerkOderSonstigeEinrichtung', '1790', 'Spundwand'),
    ('AX_Bauwerksfunktion_SonstigesBauwerkOderSonstigeEinrichtung', '1791', 'Höckerlinie'),
    ('AX_HydrologischesMerkmal_SonstigesBauwerkOderSonstigeEinrichtung', '1000', 'Ständig Wasser führend'),
    ('AX_HydrologischesMerkmal_SonstigesBauwerkOderSonstigeEinrichtung', '2000', 'Nicht ständig Wasser führend'),
    ('AX_HydrologischesMerkmal_SonstigesBauwerkOderSonstigeEinrichtung', '3000', 'Trocken, versiegt'),
    ('AX_Funktion_Bauwerk', '1000', 'Hochwasser-, Sturmflutschutz'),
    ('AX_Funktion_Bauwerk', '2000', 'Lärmschutz'),
    ('AX_Art_EinrichtungInOeffentlichenBereichen', '1410', 'Kilometerstein, -tafel'),
    ('AX_Hafenkategorie_Hafen', '1010', 'Containerhafen'),
    ('AX_Hafenkategorie_Hafen', '1020', 'Ölhafen'),
    ('AX_Hafenkategorie_Hafen', '1030', 'Fischereihafen'),
    ('AX_Hafenkategorie_Hafen', '1040', 'Sporthafen, Yachthafen'),
    ('AX_Hafenkategorie_Hafen', '1050', 'Fährhafen'),
    ('AX_Hafenkategorie_Hafen', '1060', 'Stückguthafen'),
    ('AX_Hafenkategorie_Hafen', '1070', 'Hafen für Massengüter'),
    ('AX_Nutzung_Hafen', '1000', 'Zivil'),
    ('AX_Nutzung_Hafen', '2000', 'Militärisch'),
    ('AX_Nutzung_Hafen', '3000', 'Teils zivil, teils militärisch'),
    ('AX_KonstruktionsmerkmalBauart_Schleuse', '1010', 'Schiffshebewerk'),
    ('AX_KonstruktionsmerkmalBauart_Schleuse', '1020', 'Kammerschleuse'),
    ('AX_Zustand_Schleuse', '2100', 'Außer Betrieb, stillgelegt, verlassen'),
    ('AX_Bauwerksfunktion_BauwerkImVerkehrsbereich', '1800', 'Brücke'),
    ('AX_Bauwerksfunktion_BauwerkImVerkehrsbereich', '1801', 'Mehrstöckige Brücke'),
    ('AX_Bauwerksfunktion_BauwerkImVerkehrsbereich', '1802', 'Bogenbrücke'),
    ('AX_Bauwerksfunktion_BauwerkImVerkehrsbereich', '1803', 'Fachwerkbrücke'),
    ('AX_Bauwerksfunktion_BauwerkImVerkehrsbereich', '1804', 'Hängebrücke'),
    ('AX_Bauwerksfunktion_BauwerkImVerkehrsbereich', '1805', 'Pontonbrücke'),
    ('AX_Bauwerksfunktion_BauwerkImVerkehrsbereich', '1806', 'Drehbrücke'),
    ('AX_Bauwerksfunktion_BauwerkImVerkehrsbereich', '1807', 'Hebebrücke'),
    ('AX_Bauwerksfunktion_BauwerkImVerkehrsbereich', '1808', 'Zugbrücke'),
    ('AX_Bauwerksfunktion_BauwerkImVerkehrsbereich', '1820', 'Steg'),
    ('AX_Bauwerksfunktion_BauwerkImVerkehrsbereich', '1830', 'Hochbahn, Hochstraße'),
    ('AX_Bauwerksfunktion_BauwerkImVerkehrsbereich', '1870', 'Tunnel, Unterführung'),
    ('AX_Bauwerksfunktion_BauwerkImVerkehrsbereich', '1880', 'Schutzgalerie, Einhausung'),
    ('AX_Bauwerksfunktion_BauwerkImVerkehrsbereich', '1890', 'Schleusenkammer'),
    ('AX_Bauwerksfunktion_BauwerkImVerkehrsbereich', '1900', 'Durchfahrt'),
    ('AX_Zustand_BauwerkImVerkehrsbereich', '2100', 'Außer Betrieb, stillgelegt, verlassen'),
    ('AX_Zustand_BauwerkImVerkehrsbereich', '4000', 'Im Bau'),
    ('AX_Art_Strassenverkehrsanlage', '2000', 'Furt'),
    ('AX_Art_Strassenverkehrsanlage', '3001', 'Kreuz'),
    ('AX_Art_Strassenverkehrsanlage', '3002', 'Dreieck'),
    ('AX_Art_Strassenverkehrsanlage', '3003', 'Anschlussstelle, Anschluss'),
    ('AX_Art_Strassenverkehrsanlage', '4000', 'Platz'),
    ('AX_Art_WegPfadSteig', '1103', 'Fußweg'),
    ('AX_Art_WegPfadSteig', '1105', 'Karren- und Ziehweg'),
    ('AX_Art_WegPfadSteig', '1106', 'Radweg'),
    ('AX_Art_WegPfadSteig', '1107', 'Reitweg'),
    ('AX_Art_WegPfadSteig', '1109', '(Kletter-)Steig im Gebirge'),
    ('AX_Art_WegPfadSteig', '1110', 'Rad- und Fußweg'),
    ('AX_Art_WegPfadSteig', '1111', 'Skaterstrecke'),
    ('AX_Markierung_WegPfadSteig', '1401', 'Gekennzeichneter Wanderweg'),
    ('AX_Markierung_WegPfadSteig', '1402', 'Gekennzeichneter Radwanderweg'),
    ('AX_Befestigung_WegPfadSteig', '1000', 'Befestigt'),
    ('AX_Befestigung_WegPfadSteig', '2000', 'Unbefestigt'),
    ('AX_Bahnhofskategorie_Bahnverkehrsanlage', '1010', 'Bahnhof'),
    ('AX_Bahnhofskategorie_Bahnverkehrsanlage', '1020', 'Haltestelle'),
    ('AX_Bahnhofskategorie_Bahnverkehrsanlage', '1030', 'Haltepunkt'),
    ('AX_Zustand_Bahnverkehrsanlage', '2100', 'Außer Betrieb, stillgelegt, verlassen'),
    ('AX_Zustand_Bahnverkehrsanlage', '4000', 'Im Bau'),
    ('AX_Bahnkategorie_Bahnverkehrsanlage', '1100', 'Eisenbahn'),
    ('AX_Bahnkategorie_Bahnverkehrsanlage', '1101', 'Personenverkehr'),
    ('AX_Bahnkategorie_Bahnverkehrsanlage', '1102', 'Güterverkehr'),
    ('AX_Bahnkategorie_Bahnverkehrsanlage', '1103', 'Betriebsverkehr'),
    ('AX_Verkehrsdienst_Bahnverkehrsanlage', '1000', 'Fernverkehrshalt'),
    ('AX_Bahnkategorie_SeilbahnSchwebebahn', '2100', 'Luftseilbahn, Großkabinenbahn'),
    ('AX_Bahnkategorie_SeilbahnSchwebebahn', '2200', 'Kabinenbahn, Umlaufseilbahn'),
    ('AX_Bahnkategorie_SeilbahnSchwebebahn', '2300', 'Sessellift'),
    ('AX_Bahnkategorie_SeilbahnSchwebebahn', '2400', 'Ski-, Schlepplift'),
    ('AX_Bahnkategorie_SeilbahnSchwebebahn', '2500', 'Schwebebahn'),
    ('AX_Bahnkategorie_SeilbahnSchwebebahn', '2600', 'Materialseilbahn'),
    ('AX_Art_Flugverkehrsanlage', '1310', 'Startbahn, Landebahn'),
    ('AX_Art_Flugverkehrsanlage', '1320', 'Zurollbahn, Taxiway'),
    ('AX_Art_Flugverkehrsanlage', '1330', 'Vorfeld'),
    ('AX_Art_Flugverkehrsanlage', '5530', 'Hubschrauberlandeplatz'),
    ('AX_Art_Flugverkehrsanlage', '5560', 'Wasserlandeplatz'),
    ('AX_Oberflaechenmaterial_Flugverkehrsanlage', '1210', 'Gras, Rasen'),
    ('AX_Oberflaechenmaterial_Flugverkehrsanlage', '1220', 'Beton'),
    ('AX_Oberflaechenmaterial_Flugverkehrsanlage', '1230', 'Bitumen, Asphalt'),
    ('AX_Art_EinrichtungenFuerDenSchiffsverkehr', '1410', 'Bake'),
    ('AX_Art_EinrichtungenFuerDenSchiffsverkehr', '1420', 'Leuchtfeuer'),
    ('AX_Art_EinrichtungenFuerDenSchiffsverkehr', '1430', 'Kilometerstein'),
    ('AX_Art_EinrichtungenFuerDenSchiffsverkehr', '1460', 'Anleger'),
    ('AX_Art_EinrichtungenFuerDenSchiffsverkehr', '1470', 'Wasserliegeplatz'),
    ('AX_Zustand_EinrichtungenFuerDenSchiffsverkehr', '2100', 'Außer Betrieb, stillgelegt, verlassen'),
    ('AX_Bauwerksfunktion_BauwerkImGewaesserbereich', '2010', 'Durchlass'),
    ('AX_Bauwerksfunktion_BauwerkImGewaesserbereich', '2011', 'Rohrdurchlass'),
    ('AX_Bauwerksfunktion_BauwerkImGewaesserbereich', '2012', 'Düker'),
    ('AX_Bauwerksfunktion_BauwerkImGewaesserbereich', '2013', 'Wassertunnel, Wasserstollen, Druckstollen'),
    ('AX_Bauwerksfunktion_BauwerkImGewaesserbereich', '2020', 'Rückhaltebecken'),
    ('AX_Bauwerksfunktion_BauwerkImGewaesserbereich', '2030', 'Staumauer'),
    ('AX_Bauwerksfunktion_BauwerkImGewaesserbereich', '2040', 'Staudamm'),
    ('AX_Bauwerksfunktion_BauwerkImGewaesserbereich', '2050', 'Wehr'),
    ('AX_Bauwerksfunktion_BauwerkImGewaesserbereich', '2060', 'Sicherheitstor'),
    ('AX_Bauwerksfunktion_BauwerkImGewaesserbereich', '2070', 'Siel'),
    ('AX_Bauwerksfunktion_BauwerkImGewaesserbereich', '2080', 'Sperrwerk'),
    ('AX_Bauwerksfunktion_BauwerkImGewaesserbereich', '2085', 'Verschlussbauwerk'),
    ('AX_Bauwerksfunktion_BauwerkImGewaesserbereich', '2090', 'Schöpfwerk'),
    ('AX_Bauwerksfunktion_BauwerkImGewaesserbereich', '2110', 'Fischtreppe'),
    ('AX_Bauwerksfunktion_BauwerkImGewaesserbereich', '2120', 'Pegel'),
    ('AX_Bauwerksfunktion_BauwerkImGewaesserbereich', '2130', 'Uferbefestigung'),
    ('AX_Bauwerksfunktion_BauwerkImGewaesserbereich', '2131', 'Wellenbrecher, Buhne'),
    ('AX_Bauwerksfunktion_BauwerkImGewaesserbereich', '2132', 'Lahnung'),
    ('AX_Bauwerksfunktion_BauwerkImGewaesserbereich', '2133', 'Hafendamm, Mole'),
    ('AX_Bauwerksfunktion_BauwerkImGewaesserbereich', '2134', 'Höft'),
    ('AX_Bauwerksfunktion_BauwerkImGewaesserbereich', '2135', 'Deckwerk'),
    ('AX_Bauwerksfunktion_BauwerkImGewaesserbereich', '2136', 'Ufermauer, Kaimauer'),
    ('AX_Zustand_BauwerkImGewaesserbereich', '2100', 'Außer Betrieb, stillgelegt, verlassen'),
    ('AX_Zustand_BauwerkImGewaesserbereich', '4000', 'Im Bau'),
    ('AX_Bewuchs_Vegetationsmerkmal', '1011', 'Nadelbaum'),
    ('AX_Bewuchs_Vegetationsmerkmal', '1012', 'Laubbaum'),
    ('AX_Bewuchs_Vegetationsmerkmal', '1021', 'Baumbestand, Laubholz'),
    ('AX_Bewuchs_Vegetationsmerkmal', '1022', 'Baumbestand, Nadelholz'),
    ('AX_Bewuchs_Vegetationsmerkmal', '1023', 'Baumbestand, Laub- und Nadelholz'),
    ('AX_Bewuchs_Vegetationsmerkmal', '1100', 'Hecke'),
    ('AX_Bewuchs_Vegetationsmerkmal', '1210', 'Baumreihe, Laubholz'),
    ('AX_Bewuchs_Vegetationsmerkmal', '1220', 'Baumreihe, Nadelholz'),
    ('AX_Bewuchs_Vegetationsmerkmal', '1230', 'Baumreihe, Laub- und Nadelholz'),
    ('AX_Bewuchs_Vegetationsmerkmal', '1250', 'Gehölz'),
    ('AX_Bewuchs_Vegetationsmerkmal', '1260', 'Gebüsch'),
    ('AX_Bewuchs_Vegetationsmerkmal', '1300', 'Schneise'),
    ('AX_Bewuchs_Vegetationsmerkmal', '1400', 'Röhricht, Schilf'),
    ('AX_Bewuchs_Vegetationsmerkmal', '1500', 'Gras'),
    ('AX_Bewuchs_Vegetationsmerkmal', '1900', 'Streuobst'),
    ('AX_Zustand_Vegetationsmerkmal', '5000', 'Nass'),
    ('AX_Zustand_Vegetationsmerkmal', '6100', 'Waldverjüngungs-, Neuanpflanzungsfläche'),
    ('AX_Art_Gewaessermerkmal', '1610', 'Quelle'),
    ('AX_Art_Gewaessermerkmal', '1620', 'Wasserfall'),
    ('AX_Art_Gewaessermerkmal', '1630', 'Stromschnelle'),
    ('AX_Art_Gewaessermerkmal', '1640', 'Sandbank'),
    ('AX_Art_Gewaessermerkmal', '1650', 'Watt'),
    ('AX_Art_Gewaessermerkmal', '1660', 'Priel'),
    ('AX_Art_Gewaessermerkmal', '1700', 'Bodden, Haff'),
    ('AX_HydrologischesMerkmal_Gewaessermerkmal', '2000', 'Nicht ständig Wasser führend'),
    ('AX_ArtDesPolders_Polder', '1000', 'Sommerpolder'),
    ('AX_ArtDesPolders_Polder', '2000', 'Entlastungspolder'),
    ('AX_ArtDesPolders_Polder', '3000', 'Flutungspolder'),
    ('AX_Funktion_Polder', '7410', 'Gesteuert'),
    ('AX_Funktion_Polder', '7420', 'Ungesteuert'),
    ('AX_ArtDesNullpunktes_Nullpunkt', '1000', 'Zentraler Nullpunkt'),
    ('AX_ArtDesNullpunktes_Nullpunkt', '2000', 'Nullpunkt'),
    ('AX_ArtDesNullpunktes_Nullpunkt', '3000', 'Fiktiver Nullpunkt'),
    ('AX_Art_SchifffahrtslinieFaehrverkehr', '1710', 'Autofährverkehr'),
    ('AX_Art_SchifffahrtslinieFaehrverkehr', '1720', 'Eisenbahnfährverkehr'),
    ('AX_Art_SchifffahrtslinieFaehrverkehr', '1730', 'Personenfährverkehr'),
    ('AX_Art_SchifffahrtslinieFaehrverkehr', '1740', 'Linienverkehr'),
    ('AX_ArtDerGewaesserstationierungsachse', '1000', 'Gewässerstationierungsachse der WSV'),
    ('AX_ArtDerGewaesserstationierungsachse', '2000', 'Genäherte Mittellinie in Gewässern'),
    ('AX_ArtDerGewaesserstationierungsachse', '3001', 'Fiktive Verbindung in Fließgewässern'),
    ('AX_ArtDerGewaesserstationierungsachse', '3002', 'Fiktive Verbindung in Seen und Teichen'),
    ('AX_Art_DammWallDeich', '1910', 'Hochwasserdeich'),
    ('AX_Art_DammWallDeich', '1920', 'Hauptdeich, Landesschutzdeich'),
    ('AX_Art_DammWallDeich', '1930', 'Überlaufdeich'),
    ('AX_Art_DammWallDeich', '1940', 'Leitdeich'),
    ('AX_Art_DammWallDeich', '1950', 'Polderdeich'),
    ('AX_Art_DammWallDeich', '1960', 'Schlafdeich'),
    ('AX_Art_DammWallDeich', '1970', 'Mitteldeich'),
    ('AX_Art_DammWallDeich', '1980', 'Binnendeich'),
    ('AX_Art_DammWallDeich', '1990', 'Wall'),
    ('AX_Art_DammWallDeich', '2000', 'Knick'),
    ('AX_Funktion_DammWallDeich', '3001', 'Hochwasserschutz, Sturmflutschutz'),
    ('AX_Funktion_DammWallDeich', '3002', 'Verkehrsführung'),
    ('AX_Funktion_DammWallDeich', '3003', 'Hochwasserschutz, Sturmflutschutz zugleich Verkehrsführung'),
    ('AX_Funktion_DammWallDeich', '3004', 'Lärmschutz'),
    ('AX_ErgebnisDerUeberpruefung_DammWallDeich', '1000', 'Fehlerkorrektur'),
    ('AX_ErgebnisDerUeberpruefung_DammWallDeich', '2000', 'Bestätigung des Ist-Zustandes'),
    ('AX_ErgebnisDerUeberpruefung_DammWallDeich', '3000', 'Erfassung eines neuen Objektes'),
    ('AX_ErgebnisDerUeberpruefung_DammWallDeich', '4000', 'Geometrieveränderung eines bestehenden Objektes'),
    ('AX_Funktion_Einschnitt', '3002', 'Verkehrsführung'),
    ('AX_Funktion_Einschnitt', '3004', 'Lärmschutz'),
    ('AX_Art_Punkt3D', '1010', 'Markanter Geländepunkt'),
    ('AX_Art_Punkt3D', '1020', 'Kuppenpunkt'),
    ('AX_Art_Punkt3D', '1030', 'Kesselpunkt'),
    ('AX_Art_Punkt3D', '1040', 'Sattelpunkt'),
    ('AX_Art_Punkt3D', '1100', 'Besonderer Höhenpunkt'),
    ('AX_Art_Punkt3D', '1120', 'Wegepunkt'),
    ('AX_Art_Punkt3D', '1220', 'Gemessener Höhenlinienpunkt'),
    ('AX_Art_Punkt3D', '1230', 'Dynamisch gemessener Höhenprofilpunkt'),
    ('AX_Art_Strukturlinie3D', '1210', 'Steilrand, Kliffkante'),
    ('AX_Art_Strukturlinie3D', '1220', 'Oberkante'),
    ('AX_Art_Strukturlinie3D', '1230', 'Unterkante'),
    ('AX_Art_Strukturlinie3D', '1240', 'Sonstige Begrenzungskante'),
    ('AX_Art_Strukturlinie3D', '1250', 'Oberkante zugleich Unterkante'),
    ('AX_Art_Strukturlinie3D', '1300', 'Geripplinie'),
    ('AX_Art_Strukturlinie3D', '1310', 'Muldenlinie'),
    ('AX_Art_Strukturlinie3D', '1311', 'Wasserführende Muldenlinie'),
    ('AX_Art_Strukturlinie3D', '1320', 'Rückenlinie'),
    ('AX_Art_Strukturlinie3D', '1400', 'Bauwerksbegrenzungslinie'),
    ('AX_Art_Strukturlinie3D', '1410', 'Brückenbegrenzungslinie'),
    ('AX_Art_Strukturlinie3D', '1420', 'Tunnelbegrenzungslinie'),
    ('AX_Art_Flaeche3D', '1030', 'Kartographische Aussparungsfläche'),
    ('AX_Art_Flaeche3D', '1040', 'Brückenbegrenzungsfläche'),
    ('AX_ArtDerFestlegung_AndereFestlegungNachWasserrecht', '1440', 'Überschwemmungsgebiet'),
    ('AX_ArtDerFestlegung_AndereFestlegungNachWasserrecht', '1441', 'Festgesetztes Überschwemmungsgebiet'),
    ('AX_ArtDerFestlegung_AndereFestlegungNachWasserrecht', '1442', 'Natürliches Überschwemmungsgebiet'),
    ('AX_ArtDerFestlegung_AndereFestlegungNachWasserrecht', '1443', 'Vorläufig gesichertes Überschwemmungsgebiet'),
    ('AX_ArtDerFestlegung_SchutzgebietNachWasserrecht', '1510', 'Wasserschutzgebiet'),
    ('AX_ArtDerFestlegung_SchutzgebietNachWasserrecht', '1520', 'Heilquellenschutzgebiet'),
    ('AX_Funktion_SchutzgebietNachWasserrecht', '2111', 'Öffentliche Wasserversorgung'),
    ('AX_Funktion_SchutzgebietNachWasserrecht', '2112', 'Grundwasseranreicherung'),
    ('AX_Funktion_SchutzgebietNachWasserrecht', '2112', 'Verhütung von schädlichem Abfluss'),
    ('AX_ArtDerFestlegung_NaturUmweltOderBodenschutzrecht', '1611', 'Flora-Fauna-Habitat-Gebiet'),
    ('AX_ArtDerFestlegung_NaturUmweltOderBodenschutzrecht', '1612', 'Vogelschutzgebiet'),
    ('AX_ArtDerFestlegung_NaturUmweltOderBodenschutzrecht', '1615', 'Nationales Naturmonument'),
    ('AX_ArtDerFestlegung_NaturUmweltOderBodenschutzrecht', '1621', 'Naturschutzgebiet'),
    ('AX_ArtDerFestlegung_NaturUmweltOderBodenschutzrecht', '1622', 'Geschützter Landschaftsbestandteil'),
    ('AX_ArtDerFestlegung_NaturUmweltOderBodenschutzrecht', '1623', 'Landschaftsschutzgebiet'),
    ('AX_ArtDerFestlegung_NaturUmweltOderBodenschutzrecht', '1624', 'Naturpark'),
    ('AX_ArtDerFestlegung_NaturUmweltOderBodenschutzrecht', '1653', 'Naturdenkmal'),
    ('AX_Zustand_NaturUmweltOderBodenschutzrecht', '1000', 'Amtlich festgestellt'),
    ('AX_Zustand_NaturUmweltOderBodenschutzrecht', '2000', 'Einstweilig sicher gestellt'),
    ('AX_ArtDerFestlegung_SchutzgebietNachNaturUmweltOderBodenschutzrecht', '1670', 'Nationalpark'),
    ('AX_ArtDerFestlegung_SchutzgebietNachNaturUmweltOderBodenschutzrecht', '1690', 'Biosphärenreservat'),
    ('AX_ArtDerFestlegung_Denkmalschutzrecht', '2711', 'Baudenkmal'),
    ('AX_ArtDerFestlegung_Denkmalschutzrecht', '2810', 'Archäologisches Denkmal'),
    ('AX_ArtDerFestlegung_Denkmalschutzrecht', '3110', 'Befestigung (Burg)'),
    ('AX_ArtDerFestlegung_Denkmalschutzrecht', '3111', 'Burg (Fliehburg, Ringwall)'),
    ('AX_ArtDerFestlegung_Denkmalschutzrecht', '3117', 'Schanze'),
    ('AX_ArtDerFestlegung_Denkmalschutzrecht', '3118', 'Lager'),
    ('AX_ArtDerFestlegung_Denkmalschutzrecht', '3120', 'Wachturm (römisch), Warte'),
    ('AX_ArtDerFestlegung_Denkmalschutzrecht', '3130', 'Befestigung (Wall, Graben)'),
    ('AX_ArtDerFestlegung_Denkmalschutzrecht', '3200', 'Historische Siedlung'),
    ('AX_ArtDerFestlegung_Denkmalschutzrecht', '3210', 'Pfahlbau'),
    ('AX_ArtDerFestlegung_Denkmalschutzrecht', '3310', 'Großsteingrab (Dolmen, Hünenbett)'),
    ('AX_ArtDerFestlegung_Denkmalschutzrecht', '3320', 'Grabhügel (Hügelgrab)'),
    ('AX_ArtDerFestlegung_Denkmalschutzrecht', '3330', 'Grabhügelfeld'),
    ('AX_ArtDerFestlegung_Denkmalschutzrecht', '3710', 'Historische Wasserleitung'),
    ('AX_ArtDerFestlegung_Denkmalschutzrecht', '3720', 'Aquädukt'),
    ('AX_ArtDerFestlegung_Denkmalschutzrecht', '3800', 'Steinmal'),
    ('AX_ArtDerFestlegung_SonstigesRecht', '4302', 'Bruchfeld'),
    ('AX_ArtDerFestlegung_SonstigesRecht', '4720', 'Truppenübungsplatz, Standortübungsplatz'),
    ('AX_ArtDerFestlegung_SonstigesRecht', '4730', 'Militärbrache'),
    ('AX_ArtDerFestlegung_SonstigesRecht', '5400', 'Rieselfeld'),
    ('AX_ArtDerFestlegung_SonstigesRecht', '5700', 'Hochwasserdeich'),
    ('AX_ArtDerFestlegung_SonstigesRecht', '5710', 'Hauptdeich, 1. Deichlinie'),
    ('AX_ArtDerFestlegung_SonstigesRecht', '5720', '2. Deichlinie'),
    ('AX_ArtDerFestlegung_SonstigesRecht', '9450', 'Hafenbecken'),
    ('AX_Zone_Schutzzone', '1010', 'Zone I'),
    ('AX_Zone_Schutzzone', '1020', 'Zone II'),
    ('AX_Zone_Schutzzone', '1030', 'Zone III'),
    ('AX_Zone_Schutzzone', '1031', 'Zone IIIa'),
    ('AX_Zone_Schutzzone', '1032', 'Zone IIIb'),
    ('AX_Zone_Schutzzone', '1040', 'Zone IV'),
    ('AX_Zone_Schutzzone', '1060', 'Kernzone'),
    ('AX_Zone_Schutzzone', '1070', 'Pflegezone'),
    ('AX_Zone_Schutzzone', '1080', 'Entwicklungszone'),
    ('AX_Zone_Schutzzone', '1090', 'Regenerationszone'),
    ('AX_Zone_Schutzzone', '9997', 'Attribut trifft nicht zu'),
    ('AX_Rechtszustand_Schutzzone', '1000', 'Amtlich festgestellt'),
    ('AX_Rechtszustand_Schutzzone', '2000', 'Im Verfahren befindlich'),
    ('AX_Rechtszustand_Schutzzone', '3000', 'In Planung'),
    ('AX_Bezeichnung_Verwaltungsgemeinschaft', '1000', 'Samtgemeinde'),
    ('AX_Bezeichnung_Verwaltungsgemeinschaft', '2000', 'Verbandsgemeinde'),
    ('AX_Bezeichnung_Verwaltungsgemeinschaft', '3000', 'Amt'),
    ('AX_Behoerde', '2200', 'Landesvermessungsverwaltung'),
    ('AX_Administrative_Funktion', '1001', 'Bundesrepublik'),
    ('AX_Administrative_Funktion', '1001', 'Bundesrepublik'),
    ('AX_Administrative_Funktion', '2001', 'Land'),
    ('AX_Administrative_Funktion', '2002', 'Freistaat'),
    ('AX_Administrative_Funktion', '2003', 'Freie und Hansestadt'),
    ('AX_Administrative_Funktion', '3001', 'Regierungsbezirk'),
    ('AX_Administrative_Funktion', '3003', 'Bezirk'),
    ('AX_Administrative_Funktion', '4001', 'Kreis'),
    ('AX_Administrative_Funktion', '4002', 'Landkreis'),
    ('AX_Administrative_Funktion', '4003', 'Kreisfreie Stadt'),
    ('AX_Administrative_Funktion', '4008', 'Ortsteil'),
    ('AX_Administrative_Funktion', '5001', 'Verbandsgemeinde'),
    ('AX_Administrative_Funktion', '5002', 'Verbandsfreie Gemeinde'),
    ('AX_Administrative_Funktion', '5003', 'Verwaltungsverband'),
    ('AX_Administrative_Funktion', '5004', 'Große kreisangehörige Stadt'),
    ('AX_Administrative_Funktion', '5006', 'Verwaltungsgemeinschaft'),
    ('AX_Administrative_Funktion', '5007', 'Amt'),
    ('AX_Administrative_Funktion', '5008', 'Samtgemeinde'),
    ('AX_Administrative_Funktion', '5009', 'Gemeindeverwaltungsverband'),
    ('AX_Administrative_Funktion', '5012', 'Gemeinde, die sich einer erfüllenden Gemeinde bedient'),
    ('AX_Administrative_Funktion', '5013', 'Erfüllende Gemeinde'),
    ('AX_Administrative_Funktion', '5014', 'Einheitsgemeinde'),
    ('AX_Administrative_Funktion', '6001', 'Gemeinde'),
    ('AX_Administrative_Funktion', '6002', 'Ortsgemeinde'),
    ('AX_Administrative_Funktion', '6003', 'Stadt'),
    ('AX_Administrative_Funktion', '6004', 'Kreisangehörige Stadt'),
    ('AX_Administrative_Funktion', '6005', 'Große Kreisstadt'),
    ('AX_Administrative_Funktion', '6006', 'Amtsangehörige Stadt'),
    ('AX_Administrative_Funktion', '6008', 'Amtsangehörige Gemeinde'),
    ('AX_Administrative_Funktion', '6009', 'Kreisangehörige Gemeinde'),
    ('AX_Administrative_Funktion', '6010', 'Mitgliedsgemeinde einer Verwaltungsgemeinschaft'),
    ('AX_Administrative_Funktion', '6012', 'Markt'),
    ('AX_Administrative_Funktion', '6013', 'Große kreisangehoerige Stadt'),
    ('AX_Administrative_Funktion', '6014', 'Kreisangehörige Gemeinde, die die Bezeichnung Stadt führt'),
    ('AX_Administrative_Funktion', '6015', 'Gemeindefreies Gebiet'),
    ('AX_Administrative_Funktion', '7001', 'Gemeindeteil'),
    ('AX_Administrative_Funktion', '7004', 'Stadtteil'),
    ('AX_Administrative_Funktion', '7005', 'Stadtbezirk'),
    ('AX_Administrative_Funktion', '7007', 'Ortsteil (Gemeinde)'),
    ('AX_Administrative_Funktion', '8001', 'Kondominium'),
    ('AX_RolleDerGemeinde', '5000', 'Gemeinde, die sich einer erfüllenden Gemeinde bedient'),
    ('AX_RolleDerGemeinde', '6000', 'Erfüllende Gemeinde'),
    ('AX_ArtDerGebietsgrenze_Gebietsgrenze', '7100', 'Grenze eines Staates'),
    ('AX_ArtDerGebietsgrenze_Gebietsgrenze', '7101', 'Grenze der Bundesrepublik Deutschland'),
    ('AX_ArtDerGebietsgrenze_Gebietsgrenze', '7102', 'Grenze des Bundeslandes'),
    ('AX_ArtDerGebietsgrenze_Gebietsgrenze', '7103', 'Grenze des Regierungsbezirks'),
    ('AX_ArtDerGebietsgrenze_Gebietsgrenze', '7104', 'Grenze des Kreises / Kreisfreien Stadt / Region'),
    ('AX_ArtDerGebietsgrenze_Gebietsgrenze', '7105', 'Grenze der Verwaltungsgemeinschaft'),
    ('AX_ArtDerGebietsgrenze_Gebietsgrenze', '7106', 'Grenze der Gemeinde'),
    ('AX_ArtDerGebietsgrenze_Gebietsgrenze', '7107', 'Grenze des Gemeindeteils'),
    ('AX_ArtDerGebietsgrenze_Gebietsgrenze', '7108', 'Grenze eines Kondominiums'),
    ('AX_Zustand_Gebietsgrenze', '4100', 'Streitig/strittig'),
    ('AX_Zustand_Gebietsgrenze', '4200', 'Grenzverlauf, fiktiv'),
    ('AX_Art_Verbandsgemeinde', '1000', 'Samtgemeinde'),
    ('AX_Art_Verbandsgemeinde', '2000', 'Verbandsgemeinde'),
    ('AX_Art_Verbandsgemeinde', '3000', 'Amt'),
    ('AX_LetzteAbgabeArt', '1000', 'Zeitintervall'),
    ('AX_LetzteAbgabeArt', '1100', 'NBA auf Abruf'),
    ('AX_LetzteAbgabeArt', '2000', 'Wiederholungslauf'),
    ('AX_LetzteAbgabeArt', '2100', 'Aufholungslauf auf Abruf'),
    ('AX_LetzteAbgabeArt', '2200', 'Aufholungslauf bis Intervallende'),
    ('AA_Anlassart_Benutzungsauftrag', '0010', 'Bestandsdatenauszug bis Intervallende'),
    ('AA_Anlassart_Benutzungsauftrag', '0060', 'Bestandsdatenauszug Basis-DLM'),
    ('AA_Anlassart_Benutzungsauftrag', '0065', 'Bestandsdatenauszug - Grunddatenbestand - BasisDLM'),
    ('AA_Anlassart_Benutzungsauftrag', '0040', 'Nutzerbezogene Bestandsdatenaktualisierung (NBA)'),
    ('AA_Anlassart_Benutzungsauftrag', '0070', 'Nutzerbezogener Bestandsdatenaktualisierung (NBA) Basis-DLM'),
    ('AA_Anlassart_Benutzungsauftrag', '0072', 'Nutzerbezogener Bestandsdatenaktualisierung (NBA) - Grundatenbestand - Basis-DLM'),
    ('AA_Anlassart', '200100', 'Eintragen eines Gebäudes'),
    ('AA_Anlassart', '000000', 'Ersteinrichtung'),
    ('AA_Anlassart', '1000', 'Grundaktualisierung'),
    ('AA_Anlassart', '5000', 'Interaktive Kartographische Generalisierung'),
    ('AA_Anlassart', '200300', 'Löschen eines Gebäudes'),
    ('AA_Anlassart', '300000', 'Sonstige Daten fortführen'),
    ('AA_Anlassart', '2000', 'Spitzenaktualisierung'),
    ('AA_Anlassart', '6000', 'Veränderung an der Landesgrenze und des Gebietes'),
    ('AA_Anlassart', '300501', 'Veränderung aufgrund der Kartenanpassung'),
    ('AA_Anlassart', '300500', 'Veränderung aufgrund der Homogenisierung'),
    ('AA_Anlassart', '200200', 'Veränderung der Gebäudeeigenschaften'),
    ('AA_Anlassart', '300900', 'Veränderung der Geometrie durch Implizitbehandlung'),
    ('AA_Anlassart', '300300', 'Veränderung der tatsächlichen Nutzung'),
    ('AA_Anlassart', '300200', 'Veränderung von Bauwerken, Einrichtungen und sonstigen Angaben'),
    ('AA_Anlassart', '200000', 'Veränderung von Gebäudedaten'),
    ('AX_Abgabeversion', '6.0.0', '6.0.0'),
    ('AX_Abgabeversion', '6.0.1', '6.0.1'),
    ('AX_Abgabeversion', '7.1.2', '7.1.2'),
    ('AX_Art_BereichZeitlich', '1000', 'Stichtagsbezogen ohne Historie'),
    ('AX_Art_BereichZeitlich', '1100', 'Stichtagsbezogen mit Historie'),
    ('AX_Art_BereichZeitlich', '3000', 'Fallbezogen ohne Historie'),
    ('AX_Art_BereichZeitlich', '3100', 'Fallbezogen mit Historie'),
    ('AX_Ausgabemedium_Benutzer', '1000', 'Analog'),
    ('AX_Ausgabemedium_Benutzer', '2000', 'CD-R'),
    ('AX_Ausgabemedium_Benutzer', '3000', 'DVD'),
    ('AX_Ausgabemedium_Benutzer', '4000', 'E-Mail'),
    ('AX_Datenformat_Benutzer', '1000', 'NAS'),
    ('AX_Datenformat_Benutzer', '2000', 'DXF'),
    ('AX_Datenformat_Benutzer', '3000', 'TIFF'),
    ('AX_Datenformat_Benutzer', '4000', 'GeoTIFF'),
    ('AX_Datenformat_Benutzer', '5000', 'PDF'),
    ('AX_Datenformat_Benutzer', '6000', 'Shape')
ON CONFLICT (datatype_id, dictionary_key) DO NOTHING;

INSERT INTO openstreetmap_schema.tags (object_type, tag_key, multiplicity, tag_datatype_id) VALUES
    ('AX_LagebezeichnungMitHausnummer', 'hausnummer', '1', 'CharacterString'),
    ('AX_LagebezeichnungMitPseudonummer', 'pseudonummer', '1', 'CharacterString'),
    ('AX_LagebezeichnungMitPseudonummer', 'laufendeNummer', '0..1', 'CharacterString'),
    ('AX_Lage', 'lagebezeichnung', '1', 'AX_Lagebezeichnung'),
    ('AX_Person', 'nachnameOderFirma', '1', 'CharacterString'),
    ('AX_Person', 'anrede', '0..1', 'AX_Anrede_Person'),
    ('AX_Person', 'vorname', '0..1', 'CharacterString'),
    ('AX_Anschrift', 'ort_Post', '1', 'CharacterString'),
    ('AX_Anschrift', 'postleitzahlPostzustellung', '0..1', 'CharacterString'),
    ('AX_Anschrift', 'postleitzahlPostfach', '0..1', 'CharacterString'),
    ('AX_Anschrift', 'bestimmungsland', '0..1', 'CharacterString'),
    ('AX_Anschrift', 'ortsteil', '0..1', 'CharacterString'),
    ('AX_Anschrift', 'strasse', '0..1', 'CharacterString'),
    ('AX_Anschrift', 'hausnummer', '0..1', 'CharacterString'),
    ('AX_Anschrift', 'ort_AmtlichesOrtsnamensverzeichnis', '0..1', 'CharacterString'),
    ('AX_Anschrift', 'postfach', '0..1', 'CharacterString'),
    ('AX_Anschrift', 'fax', '0..*', 'CharacterString'),
    ('AX_Anschrift', 'telefon', '0..*', 'CharacterString'),
    ('AX_Anschrift', 'weitereAdressen', '0..*', 'CharacterString'),
    ('AX_Gebaeude', 'gebaeudefunktion', '1', 'AX_Gebaeudefunktion'),
    ('AX_Gebaeude', 'weitereGebaeudefunktion', '0..*', 'AX_Weitere_Gebaeudefunktion'),
    ('AX_Gebaeude', 'name', '0..*', 'CharacterString'),
    ('AX_Gebaeude', 'nutzung', '0..*', 'AX_Nutzung_Gebaeude'),
    ('AX_Gebaeude', 'bauweise', '0..1', 'AX_Bauweise_Gebaeude'),
    ('AX_Gebaeude', 'hochhaus', '0..1', 'Boolean'),
    ('AX_Gebaeude', 'zustand', '0..1', 'AX_Zustand_Gebaeude'),
    ('AX_Gebaeude', 'geschossflaeche', '0..1', 'Area'),
    ('AX_Gebaeude', 'grundflaeche', '0..1', 'Area'),
    ('AX_Gebaeude', 'dachgeschossausbau', '0..1', 'AX_Dachgeschossausbau_Gebaeude'),
    ('AX_Gebaeude', 'gebaeudekennzeichen', '0..1', 'CharacterString'),
    ('AX_Gebaeude', 'regionalsprache', '0..2', 'CharacterString'),
    ('AX_Gebaeude', 'zweitname', '0..*', 'CharacterString'),
    ('AX_Bauteil', 'bauart', '1', 'AX_Bauart_Bauteil'),
    ('AX_Bauteil', 'durchfahrtshoehe', '0..1', 'Length'),
    ('AX_Gebaeude_Kerndaten', 'anzahlDerOberirdischenGeschosse', '0..1', 'Integer'),
    ('AX_Gebaeude_Kerndaten', 'anzahlDerUnterirdischenGeschosse', '0..1', 'Integer'),
    /* ('AX_Gebaeude_Kerndaten', 'objekthoehe', '0..*', 'AX_RelativeHoehe'), -- wird als Relation (eigener object_type) geführt */
    ('AX_Gebaeude_Kerndaten', 'dachform', '0..1', 'AX_Dachform'),
    ('AX_Gebaeude_Kerndaten', 'umbauterRaum', '0..1', 'Volume'),
    ('AX_Gebaeude_Kerndaten', 'baujahr', '0..*', 'Integer'),
    ('AX_Gebaeude_Kerndaten', 'lageZurErdoberflaeche', '0..1', 'AX_LageZurErdoberflaeche_Gebaeude'),
    ('AX_Gebaeude_Kerndaten', 'dachart', '0..1', 'CharacterString'),
    ('AX_Gebaeude_Kerndaten', 'qualitaetsangaben', '0..1', 'AX_DQMitDatenerhebung'),
    ('AX_TatsaechlicheNutzung', 'datumDerLetztenUeberpruefung', '0..1', 'DateTime'),
    ('AX_TatsaechlicheNutzung', 'istWeitereNutzung', '0..1', 'AX_WeitereNutzung_TatsaechlicheNutzung'),
    ('AX_TatsaechlicheNutzung', 'ergebnisDerUeberpruefung', '0..1', 'AX_ErgebnisDerUeberpruefung_TatsaechlicheNutzung'),
    ('AX_Wohnbauflaeche', 'artDerBebauung', '0..1', 'AX_ArtDerBebauung_Wohnbauflaeche'),
    ('AX_Wohnbauflaeche', 'name', '0..1', 'CharacterString'),
    ('AX_Wohnbauflaeche', 'zustand', '0..1', 'AX_Zustand_Wohnbauflaeche'),
    ('AX_Wohnbauflaeche', 'zweitname', '0..*', 'CharacterString'),
    ('AX_Wohnbauflaeche', 'funktion', '0..1', 'AX_Funktion_Wohnbauflaeche'),
    ('AX_IndustrieUndGewerbeflaeche', 'funktion', '0..1', 'AX_Funktion_IndustrieUndGewerbeflaeche'),
    ('AX_IndustrieUndGewerbeflaeche', 'name', '0..1', 'CharacterString'),
    ('AX_IndustrieUndGewerbeflaeche', 'bezeichnung', '0..1', 'CharacterString'),
    ('AX_IndustrieUndGewerbeflaeche', 'foerdergut', '0..1', 'AX_Foerdergut_IndustrieUndGewerbeflaeche'),
    ('AX_IndustrieUndGewerbeflaeche', 'lagergut', '0..1', 'AX_Lagergut_IndustrieUndGewerbeflaeche'),
    ('AX_IndustrieUndGewerbeflaeche', 'primaerenergie', '0..1', 'AX_Primaerenergie_IndustrieUndGewerbeflaeche'),
    ('AX_IndustrieUndGewerbeflaeche', 'zustand', '0..1', 'AX_Zustand_IndustrieUndGewerbeflaeche'),
    ('AX_Halde', 'name', '0..1', 'CharacterString'),
    ('AX_Halde', 'lagergut', '0..1', 'AX_Lagergut_Halde'),
    ('AX_Bergbaubetrieb', 'name', '0..1', 'CharacterString'),
    ('AX_Bergbaubetrieb', 'bezeichnung', '0..1', 'CharacterString'),
    ('AX_Bergbaubetrieb', 'abbaugut', '0..1', 'AX_Abbaugut_Bergbaubetrieb'),
    ('AX_Bergbaubetrieb', 'zustand', '0..1', 'AX_Zustand_Bergbaubetrieb'),
    ('AX_Bergbaubetrieb', 'funktion', '0..1', 'AX_Funktion_Bergbaubetrieb'),
    ('AX_TagebauGrubeSteinbruch', 'name', '0..1', 'CharacterString'),
    ('AX_TagebauGrubeSteinbruch', 'abbaugut', '0..1', 'AX_Abbaugut_TagebauGrubeSteinbruch'),
    ('AX_TagebauGrubeSteinbruch', 'zustand', '0..1', 'AX_Zustand_TagebauGrubeSteinbruch'),
    ('AX_TagebauGrubeSteinbruch', 'bezeichnung', '0..1', 'CharacterString'),
    ('AX_TagebauGrubeSteinbruch', 'funktion', '0..1', 'AX_Funktion_TagebauGrubeSteinbruch'),
    ('AX_FlaecheGemischterNutzung', 'artDerBebauung', '0..1', 'AX_ArtDerBebauung_FlaecheGemischterNutzung'),
    ('AX_FlaecheGemischterNutzung', 'funktion', '0..1', 'AX_Funktion_FlaecheGemischterNutzung'),
    ('AX_FlaecheGemischterNutzung', 'name', '0..1', 'CharacterString'),
    ('AX_FlaecheGemischterNutzung', 'zustand', '0..1', 'AX_Zustand_FlaecheGemischterNutzung'),
    ('AX_FlaecheBesondererFunktionalerPraegung', 'funktion', '0..1', 'AX_Funktion_FlaecheBesondererFunktionalerPraegung'),
    ('AX_FlaecheBesondererFunktionalerPraegung', 'artDerBebauung', '0..1', 'AX_ArtDerBebauung_FlaecheBesondererFunktionalerPraegung'),
    ('AX_FlaecheBesondererFunktionalerPraegung', 'name', '0..1', 'CharacterString'),
    ('AX_FlaecheBesondererFunktionalerPraegung', 'zustand', '0..1', 'AX_Zustand_FlaecheBesondererFunktionalerPraegung'),
    ('AX_SportFreizeitUndErholungsflaeche', 'funktion', '0..1', 'AX_Funktion_SportFreizeitUndErholungsflaeche'),
    ('AX_SportFreizeitUndErholungsflaeche', 'name', '0..1', 'CharacterString'),
    ('AX_SportFreizeitUndErholungsflaeche', 'zustand', '0..1', 'AX_Zustand_SportFreizeitUndErholungsflaeche'),
    ('AX_SportFreizeitUndErholungsflaeche', 'bezeichnung', '0..*', 'CharacterString'),
    ('AX_Friedhof', 'funktion', '0..1', 'AX_Funktion_Friedhof'),
    ('AX_Friedhof', 'name', '0..1', 'CharacterString'),
    ('AX_Strassenverkehr', 'funktion', '0..1', 'AX_Funktion_Strasse'),
    ('AX_Strassenverkehr', 'zustand', '0..1', 'AX_Zustand_Strasse'),
    ('AX_Strasse', 'fahrbahntrennung', '0..1', 'AX_Fahrbahntrennung_Strasse'),
    ('AX_Strasse', 'internationaleBedeutung', '0..1', 'AX_InternationaleBedeutung_Strasse'),
    ('AX_Strasse', 'bezeichnung', '0..*', 'CharacterString'),
    ('AX_Strasse', 'name', '0..1', 'CharacterString'),
    ('AX_Strasse', 'widmung', '1', 'AX_Widmung_Strasse'),
    ('AX_Strasse', 'strassenschluessel', '0..2', 'CharacterString'),
    ('AX_Strasse', 'zweitname', '0..*', 'CharacterString'),
    ('AX_Strasse', 'regionalsprache', '0..2', 'CharacterString'),
    ('AX_Strassenachse', 'besondereVerkehrsbedeutung', '0..1', 'AX_BesondereVerkehrsbedeutung'),
    ('AX_Strassenachse', 'besondereFahrstreifen', '0..1', 'AX_BesondereFahrstreifen'),
    ('AX_Strassenachse', 'breiteDerFahrbahn', '0..1', 'Length'),
    ('AX_Strassenachse', 'breiteDesVerkehrsweges', '0..1', 'Integer'),
    ('AX_Strassenachse', 'funktion', '0..1', 'AX_Funktion_Strassenachse'),
    ('AX_Strassenachse', 'anzahlDerFahrstreifen', '0..1', 'Integer'),
    ('AX_Strassenachse', 'zustand', '0..1', 'AX_Zustand'),
    ('AX_Strassenachse', 'oberflaechenmaterial', '0..1', 'AX_Oberflaechenmaterial_Strasse'),
    ('AX_Strassenachse', 'fahrtrichtung', '0..1', 'Boolean'),
    ('AX_Fahrbahnachse', 'besondereFahrstreifen', '0..1', 'AX_BesondereFahrstreifen'),
    ('AX_Fahrbahnachse', 'breiteDerFahrbahn', '0..1', 'Length'),
    ('AX_Fahrbahnachse', 'funktion', '0..1', 'AX_Funktion_Fahrbahnachse'),
    ('AX_Fahrbahnachse', 'anzahlDerFahrstreifen', '0..1', 'Integer'),
    ('AX_Fahrbahnachse', 'zustand', '0..1', 'AX_Zustand'),
    ('AX_Fahrbahnachse', 'oberflaechenmaterial', '0..1', 'AX_Oberflaechenmaterial_Strasse'),
    ('AX_Fahrbahnachse', 'fahrtrichtung', '0..1', 'Boolean'),
    ('AX_Weg', 'funktion', '0..1', 'AX_Funktion_Weg'),
    ('AX_Fahrwegachse', 'befestigung', '0..1', 'AX_Befestigung_Fahrwegachse'),
    ('AX_Fahrwegachse', 'breiteDesVerkehrsweges', '0..1', 'Integer'),
    ('AX_Fahrwegachse', 'markierung', '0..1', 'AX_Markierung_Wegachse'),
    ('AX_Fahrwegachse', 'name', '0..1', 'CharacterString'),
    ('AX_Fahrwegachse', 'funktion', '1', 'AX_Funktion_Wegachse'),
    ('AX_Fahrwegachse', 'strassenschluessel', '0..1', 'CharacterString'),
    ('AX_Fahrwegachse', 'zweitname', '0..*', 'CharacterString'),
    ('AX_Fahrwegachse', 'befahrbarkeit', '0..1', 'AX_Befahrbarkeit_Fahrwegachse'),
    ('AX_Fahrwegachse', 'fahrtrichtung', '0..1', 'Boolean'),
    ('AX_Fahrwegachse', 'regionalsprache', '0..2', 'CharacterString'),
    ('AX_Platz', 'funktion', '0..1', 'AX_Funktion_Platz'),
    ('AX_Platz', 'name', '0..1', 'AX_Lagebezeichnung'),
    ('AX_Platz', 'strassenschluessel', '0..1', 'CharacterString'),
    ('AX_Platz', 'zweitname', '0..*', 'CharacterString'),
    ('AX_Platz', 'regionalsprache', '0..2', 'CharacterString'),
    ('AX_Bahnverkehr', 'funktion', '0..1', 'AX_Funktion_Bahnverkehr'),
    ('AX_Bahnverkehr', 'zustand', '0..1', 'AX_Zustand_Bahnverkehr'),
    ('AX_Bahnstrecke', 'bahnkategorie', '1..*', 'AX_Bahnkategorie_Bahnstrecke'),
    ('AX_Bahnstrecke', 'elektrifizierung', '1', 'AX_Elektrifizierung'),
    ('AX_Bahnstrecke', 'anzahlDerStreckengleise', '1', 'AX_AnzahlDerStreckengleise'),
    ('AX_Bahnstrecke', 'nummerDerBahnstrecke', '0..*', 'CharacterString'),
    ('AX_Bahnstrecke', 'name', '0..1', 'CharacterString'),
    ('AX_Bahnstrecke', 'zweitname', '0..*', 'CharacterString'),
    ('AX_Bahnstrecke', 'spurweite', '1..2', 'AX_Spurweite'),
    ('AX_Bahnstrecke', 'zustand', '0..1', 'AX_Zustand'),
    ('AX_Bahnstrecke', 'nummerDerLinie', '0..*', 'CharacterString'),
    ('AX_Bahnstrecke', 'verkehrsdienst', '0..1', 'AX_Verkehrsdienst_Bahnstrecke'),
    ('AX_Flugverkehr', 'funktion', '0..1', 'AX_Funktion_Flugverkehr'),
    ('AX_Flugverkehr', 'art', '0..1', 'AX_Art_Flugverkehr'),
    ('AX_Flugverkehr', 'name', '0..1', 'AX_Lagebezeichnung'),
    ('AX_Flugverkehr', 'bezeichnung', '0..1', 'CharacterString'),
    ('AX_Flugverkehr', 'nutzung', '0..1', 'AX_Nutzung_Flugverkehr'),
    ('AX_Flugverkehr', 'zustand', '0..1', 'AX_Zustand_Flugverkehr'),
    ('AX_Flugverkehr', 'zweitname', '0..*', 'CharacterString'),
    ('AX_Schiffsverkehr', 'funktion', '0..1', 'AX_Funktion_Schiffsverkehr'),
    ('AX_Schiffsverkehr', 'zustand', '0..1', 'AX_Zustand_Schiffsverkehr'),
    ('AX_Landwirtschaft', 'vegetationsmerkmal', '0..1', 'AX_Vegetationsmerkmal_Landwirtschaft'),
    ('AX_Landwirtschaft', 'name', '0..1', 'CharacterString'),
    ('AX_Wald', 'vegetationsmerkmal', '0..1', 'AX_Vegetationsmerkmal_Wald'),
    ('AX_Wald', 'name', '0..1', 'CharacterString'),
    ('AX_Wald', 'zustand', '0..1', 'AX_Zustand_Wald'),
    ('AX_Wald', 'nutzung', '0..1', 'AX_Nutzung_Wald'),
    ('AX_Wald', 'regionalsprache', '0..2', 'CharacterString'),
    ('AX_Gehoelz', 'name', '0..1', 'CharacterString'),
    ('AX_Heide', 'name', '0..1', 'CharacterString'),
    ('AX_Moor', 'name', '0..1', 'CharacterString'),
    ('AX_Sumpf', 'name', '0..1', 'CharacterString'),
    ('AX_UnlandVegetationsloseFlaeche', 'oberflaechenmaterial', '0..1', 'AX_Oberflaechenmaterial_UnlandVegetationsloseFlaeche'),
    ('AX_UnlandVegetationsloseFlaeche', 'name', '0..1', 'CharacterString'),
    ('AX_UnlandVegetationsloseFlaeche', 'funktion', '0..1', 'AX_Funktion_UnlandVegetationsloseFlaeche'),
    ('AX_Fliessgewaesser', 'funktion', '0..1', 'AX_Funktion_Fliessgewaesser'),
    ('AX_Fliessgewaesser', 'zustand', '0..1', 'AX_Zustand_Kanal'),
    ('AX_Fliessgewaesser', 'hydrologischesMerkmal', '0..1', 'AX_HydrologischesMerkmal_Fliessgewaesser'),
    ('AX_Wasserlauf', 'name', '0..1', 'CharacterString'),
    ('AX_Wasserlauf', 'gewaesserkennzahl', '0..1', 'CharacterString'),
    ('AX_Wasserlauf', 'identnummer', '0..1', 'CharacterString'),
    ('AX_Wasserlauf', 'schifffahrtskategorie', '0..1', 'AX_Schifffahrtskategorie'),
    ('AX_Wasserlauf', 'widmung', '0..1', 'AX_Widmung_Wasserlauf'),
    ('AX_Wasserlauf', 'zweitname', '0..*', 'CharacterString'),
    ('AX_Wasserlauf', 'regionalsprache', '0..2', 'CharacterString'),
    ('AX_Kanal', 'name', '0..1', 'CharacterString'),
    ('AX_Kanal', 'widmung', '0..1', 'AX_Widmung_Kanal'),
    ('AX_Kanal', 'gewaesserkennzahl', '0..1', 'CharacterString'),
    ('AX_Kanal', 'identnummer', '0..1', 'CharacterString'),
    ('AX_Kanal', 'schifffahrtskategorie', '0..1', 'AX_Schifffahrtskategorie_Kanal'),
    ('AX_Kanal', 'zweitname', '0..*', 'CharacterString'),
    ('AX_Kanal', 'regionalsprache', '0..2', 'CharacterString'),
    ('AX_Gewaesserachse', 'breiteDesGewaessers', '1', 'Integer'),
    ('AX_Gewaesserachse', 'hydrologischesMerkmal', '0..1', 'AX_HydrologischesMerkmal_Gewaesserachse'),
    ('AX_Gewaesserachse', 'funktion', '0..1', 'AX_Funktion_Gewaesserachse'),
    ('AX_Gewaesserachse', 'zustand', '0..1', 'AX_Zustand_Gewaesserachse'),
    ('AX_Gewaesserachse', 'fliessrichtung', '1', 'Boolean'),
    ('AX_Hafenbecken', 'name', '0..1', 'AX_Lagebezeichnung'),
    ('AX_Hafenbecken', 'nutzung', '0..1', 'AX_Nutzung_Hafenbecken'),
    ('AX_Hafenbecken', 'seekennzahl', '0..1', 'CharacterString'),
    ('AX_StehendesGewaesser', 'funktion', '0..1', 'AX_Funktion_StehendesGewaesser'),
    ('AX_StehendesGewaesser', 'name', '0..1', 'AX_Lagebezeichnung'),
    ('AX_StehendesGewaesser', 'seekennzahl', '0..1', 'CharacterString'),
    ('AX_StehendesGewaesser', 'hydrologischesMerkmal', '0..1', 'AX_HydrologischesMerkmal_StehendesGewaesser'),
    ('AX_StehendesGewaesser', 'widmung', '0..1', 'AX_Widmung_StehendesGewaesser'),
    ('AX_StehendesGewaesser', 'schifffahrtskategorie', '0..1', 'AX_Schifffahrtskategorie'),
    ('AX_StehendesGewaesser', 'bezeichnung', '0..1', 'CharacterString'),
    ('AX_StehendesGewaesser', 'regionalsprache', '0..2', 'CharacterString'),
    ('AX_StehendesGewaesser', 'zweitname', '0..*', 'CharacterString'),
    ('AX_StehendesGewaesser', 'wasserspiegelhoeheInStehendemGewaesser', '0..1', 'Length'),
    ('AX_StehendesGewaesser', 'nutzung', '0..2', 'AX_Nutzung_StehendesGewaesser'),
    ('AX_StehendesGewaesser', 'zustand', '0..1', 'AX_Zustand_StehendesGewaesser'),
    ('AX_Meer', 'name', '1', 'AX_Lagebezeichnung'),
    ('AX_Meer', 'tidemerkmal', '0..1', 'AX_Tidemerkmal_Meer'),
    ('AX_Meer', 'zweitname', '0..*', 'CharacterString'),
    ('AX_Meer', 'regionalsprache', '0..2', 'CharacterString'),
    ('AX_BauwerkeEinrichtungenUndSonstigeAngaben', 'ergebnisDerUeberpruefung', '0..1', 'AX_ErgebnisDerUeberpruefung_BauwerkeEinrichtungenUndSonstigeAngaben'),
    ('AX_Turm', 'dachform', '0..1', 'AX_Dachform'),
    ('AX_Turm', 'bauwerksfunktion', '1..2', 'AX_Bauwerksfunktion_Turm'),
    /* ('AX_Turm', 'objekthoehe', '0..*', 'AX_RelativeHoehe'), -- wird als Relation (eigener object_type) geführt */
    ('AX_Turm', 'name', '0..1', 'CharacterString'),
    ('AX_Turm', 'zustand', '0..1', 'AX_Zustand_Turm'),
    ('AX_BauwerkOderAnlageFuerIndustrieUndGewerbe', 'bauwerksfunktion', '1', 'AX_Bauwerksfunktion_BauwerkOderAnlageFuerIndustrieUndGewerbe'),
    ('AX_BauwerkOderAnlageFuerIndustrieUndGewerbe', 'name', '0..1', 'CharacterString'),
    ('AX_BauwerkOderAnlageFuerIndustrieUndGewerbe', 'bezeichnung', '0..1', 'CharacterString'),
    /* ('AX_BauwerkOderAnlageFuerIndustrieUndGewerbe', 'objekthoehe', '0..*', 'AX_RelativeHoehe'), -- wird als Relation (eigener object_type) geführt */
    ('AX_BauwerkOderAnlageFuerIndustrieUndGewerbe', 'zustand', '0..1', 'AX_Zustand_BauwerkOderAnlageFuerIndustrieUndGewerbe'),
    ('AX_objekthoehe', 'hoehe', '1', 'Length'),
    ('AX_objekthoehe', 'obererBezugspunkt', '0..1', 'AX_ObererBezugspunkt'),
    ('AX_objekthoehe', 'untererBezugspunkt', '0..1', 'AX_UntererBezugspunkt'),
    ('AX_VorratsbehaelterSpeicherbauwerk', 'bauwerksfunktion', '0..1', 'AX_Bauwerksfunktion_VorratsbehaelterSpeicherbauwerk'),
    /* ('AX_VorratsbehaelterSpeicherbauwerk', 'objekthoehe', '0..*', 'AX_RelativeHoehe'), -- wird als Relation (eigener object_type) geführt */
    ('AX_VorratsbehaelterSpeicherbauwerk', 'speicherinhalt', '0..1', 'AX_Speicherinhalt_VorratsbehaelterSpeicherbauwerk'),
    ('AX_VorratsbehaelterSpeicherbauwerk', 'lageZurErdoberflaeche', '0..1', 'AX_LageZurErdoberflaeche_VorratsbehaelterSpeicherbauwerk'),
    ('AX_Transportanlage', 'bauwerksfunktion', '1', 'AX_Bauwerksfunktion_Transportanlage'),
    ('AX_Transportanlage', 'produkt', '0..1', 'AX_Produkt_Transportanlage'),
    ('AX_Transportanlage', 'lageZurErdoberflaeche', '0..1', 'AX_LageZurErdoberflaeche_Transportanlage'),
    ('AX_Leitung', 'bauwerksfunktion', '1', 'AX_Bauwerksfunktion_Leitung'),
    ('AX_Leitung', 'spannungsebene', '0..1', 'Voltage'),
    ('AX_Leitung', 'name', '0..1', 'CharacterString'),
    ('AX_BauwerkOderAnlageFuerSportFreizeitUndErholung', 'bauwerksfunktion', '1', 'AX_Bauwerksfunktion_BauwerkOderAnlageFuerSportFreizeitUndErholung'),
    ('AX_BauwerkOderAnlageFuerSportFreizeitUndErholung', 'name', '0..1', 'CharacterString'),
    ('AX_BauwerkOderAnlageFuerSportFreizeitUndErholung', 'sportart', '0..*', 'AX_Sportart_BauwerkOderAnlageFuerSportFreizeitUndErholung'),
    ('AX_BauwerkOderAnlageFuerSportFreizeitUndErholung', 'breiteDesObjekts', '0..1', 'Length'),
    ('AX_BauwerkOderAnlageFuerSportFreizeitUndErholung', 'zustand', '0..1', 'AX_Zustand_BauwerkOderAnlageFuerSportFreizeitUndErholung'),
    /* ('AX_BauwerkOderAnlageFuerSportFreizeitUndErholung', 'objekthoehe', '0..*', 'AX_RelativeHoehe'), -- wird als Relation (eigener object_type) geführt */
    ('AX_HistorischesBauwerkOderHistorischeEinrichtung', 'archaeologischerTyp', '1', 'AX_ArchaeologischerTyp_HistorischesBauwerkOderHistorischeEinrichtung'),
    ('AX_HistorischesBauwerkOderHistorischeEinrichtung', 'name', '0..1', 'CharacterString'),
    /* ('AX_HistorischesBauwerkOderHistorischeEinrichtung', 'objekthoehe', '0..*', 'AX_RelativeHoehe'), -- wird als Relation (eigener object_type) geführt */
    ('AX_SonstigesBauwerkOderSonstigeEinrichtung', 'bauwerksfunktion', '1', 'AX_Bauwerksfunktion_SonstigesBauwerkOderSonstigeEinrichtung'),
    ('AX_SonstigesBauwerkOderSonstigeEinrichtung', 'name', '0..1', 'CharacterString'),
    /* ('AX_SonstigesBauwerkOderSonstigeEinrichtung', 'objekthoehe', '0..*', 'AX_RelativeHoehe'), -- wird als Relation (eigener object_type) geführt */
    ('AX_SonstigesBauwerkOderSonstigeEinrichtung', 'hydrologischesMerkmal', '0..1', 'AX_HydrologischesMerkmal_SonstigesBauwerkOderSonstigeEinrichtung'),
    ('AX_SonstigesBauwerkOderSonstigeEinrichtung', 'funktion', '0..1', 'AX_Funktion_Bauwerk'),
    ('AX_SonstigesBauwerkOderSonstigeEinrichtung', 'bezeichnung', '0..1', 'CharacterString'),
    ('AX_SonstigesBauwerkOderSonstigeEinrichtung', 'dachform', '0..1', 'AX_Dachform'),
    ('AX_EinrichtungInOeffentlichenBereichen', 'art', '1', 'AX_Art_EinrichtungInOeffentlichenBereichen'),
    ('AX_EinrichtungInOeffentlichenBereichen', 'kilometerangabe', '0..1', 'Length'),
    ('AX_Ortslage', 'name', '1', 'CharacterString'), /* DE.52001.F.b.002 */
    ('AX_Ortslage', 'zweitname', '0..1', 'CharacterString'),
    ('AX_Ortslage', 'regionalsprache', '0..2', 'CharacterString'),
    ('AX_Hafen', 'hafenkategorie', '0..1', 'AX_Hafenkategorie_Hafen'),
    ('AX_Hafen', 'name', '0..1', 'CharacterString'),
    ('AX_Hafen', 'nutzung', '0..1', 'AX_Nutzung_Hafen'),
    ('AX_Schleuse', 'bezeichnung', '0..1', 'CharacterString'),
    ('AX_Schleuse', 'konstruktionsmerkmalBauart', '0..1', 'AX_KonstruktionsmerkmalBauart_Schleuse'),
    ('AX_Schleuse', 'name', '0..1', 'CharacterString'),
    ('AX_Schleuse', 'zustand', '0..1', 'AX_Zustand_Schleuse'),
    /* ('AX_Schleuse', 'objekthoehe', '0..*', 'AX_RelativeHoehe'), -- wird als Relation (eigener object_type) geführt */
    ('AX_Grenzuebergang', 'name', '0..1', 'CharacterString'),
    ('AX_Testgelaende', 'name', '0..1', 'CharacterString'),
    ('AX_BauwerkImVerkehrsbereich', 'bauwerksfunktion', '1', 'AX_Bauwerksfunktion_BauwerkImVerkehrsbereich'),
    ('AX_BauwerkImVerkehrsbereich', 'name', '0..1', 'CharacterString'),
    ('AX_BauwerkImVerkehrsbereich', 'bezeichnung', '0..1', 'CharacterString'),
    ('AX_BauwerkImVerkehrsbereich', 'zustand', '0..1', 'AX_Zustand_BauwerkImVerkehrsbereich'),
    ('AX_BauwerkImVerkehrsbereich', 'durchfahrtshoehe', '0..1', 'Length'),
    ('AX_BauwerkImVerkehrsbereich', 'breiteDesObjekts', '0..1', 'Length'),
    /* ('AX_BauwerkImVerkehrsbereich', 'objekthoehe', '0..1', 'AX_RelativeHoehe'), -- wird als Relation (eigener object_type) geführt */
    ('AX_Strassenverkehrsanlage', 'art', '1', 'AX_Art_Strassenverkehrsanlage'),
    ('AX_Strassenverkehrsanlage', 'bezeichnung', '0..*', 'CharacterString'),
    ('AX_Strassenverkehrsanlage', 'name', '0..1', 'CharacterString'),
    ('AX_Strassenverkehrsanlage', 'strassenschluessel', '0..1', 'CharacterString'),
    ('AX_Strassenverkehrsanlage', 'zweitname', '0..*', 'CharacterString'),
    ('AX_WegPfadSteig', 'art', '0..1', 'AX_Art_WegPfadSteig'),
    ('AX_WegPfadSteig', 'name', '0..1', 'CharacterString'),
    ('AX_WegPfadSteig', 'markierung', '0..2', 'AX_Markierung_WegPfadSteig'),
    ('AX_WegPfadSteig', 'zweitname', '0..*', 'CharacterString'),
    ('AX_WegPfadSteig', 'befestigung', '0..1', 'AX_Befestigung_WegPfadSteig'),
    ('AX_WegPfadSteig', 'breiteDesVerkehrsweges', '0..1', 'Integer'),
    ('AX_WegPfadSteig', 'bezeichnung', '0..1', 'CharacterString'),
    ('AX_WegPfadSteig', 'strassenschluessel', '0..1', 'CharacterString'),
    ('AX_WegPfadSteig', 'regionalsprache', '0..2', 'CharacterString'),
    ('AX_Bahnverkehrsanlage', 'bahnhofskategorie', '1', 'AX_Bahnhofskategorie_Bahnverkehrsanlage'),
    ('AX_Bahnverkehrsanlage', 'name', '0..1', 'CharacterString'),
    ('AX_Bahnverkehrsanlage', 'bezeichnung', '0..1', 'CharacterString'),
    ('AX_Bahnverkehrsanlage', 'zustand', '0..1', 'AX_Zustand_Bahnverkehrsanlage'),
    ('AX_Bahnverkehrsanlage', 'bahnkategorie', '0..*', 'AX_Bahnkategorie_Bahnverkehrsanlage'),
    ('AX_Bahnverkehrsanlage', 'verkehrsdienst', '0..1', 'AX_Verkehrsdienst_Bahnverkehrsanlage'),
    ('AX_SeilbahnSchwebebahn', 'bahnkategorie', '1', 'AX_Bahnkategorie_SeilbahnSchwebebahn'),
    ('AX_SeilbahnSchwebebahn', 'name', '0..1', 'CharacterString'),
    ('AX_Flugverkehrsanlage', 'art', '1', 'AX_Art_Flugverkehrsanlage'),
    ('AX_Flugverkehrsanlage', 'oberflaechenmaterial', '0..1', 'AX_Oberflaechenmaterial_Flugverkehrsanlage'),
    ('AX_Flugverkehrsanlage', 'name', '0..1', 'CharacterString'),
    ('AX_Flugverkehrsanlage', 'breiteDesObjekts', '0..1', 'Length'),
    ('AX_Flugverkehrsanlage', 'bezeichnung', '0..1', 'CharacterString'),
    ('AX_EinrichtungenFuerDenSchiffsverkehr', 'art', '1', 'AX_Art_EinrichtungenFuerDenSchiffsverkehr'),
    ('AX_EinrichtungenFuerDenSchiffsverkehr', 'bezeichnung', '0..1', 'CharacterString'),
    ('AX_EinrichtungenFuerDenSchiffsverkehr', 'kilometerangabe', '0..1', 'Length'),
    ('AX_EinrichtungenFuerDenSchiffsverkehr', 'name', '0..1', 'CharacterString'),
    ('AX_EinrichtungenFuerDenSchiffsverkehr', 'zustand', '0..1', 'AX_Zustand_EinrichtungenFuerDenSchiffsverkehr'),
    ('AX_BauwerkImGewaesserbereich', 'bauwerksfunktion', '1', 'AX_Bauwerksfunktion_BauwerkImGewaesserbereich'),
    ('AX_BauwerkImGewaesserbereich', 'name', '0..1', 'CharacterString'),
    ('AX_BauwerkImGewaesserbereich', 'bezeichnung', '0..1', 'CharacterString'),
    ('AX_BauwerkImGewaesserbereich', 'zustand', '0..1', 'AX_Zustand_BauwerkImGewaesserbereich'),
    ('AX_BauwerkImGewaesserbereich', 'regionalsprache', '0..2', 'CharacterString'),
    /* ('AX_BauwerkImGewaesserbereich', 'objekthoehe', '0..*', 'AX_RelativeHoehe'), -- wird als Relation (eigener object_type) geführt */
    ('AX_Vegetationsmerkmal', 'bewuchs', '0..1', 'AX_Bewuchs_Vegetationsmerkmal'),
    ('AX_Vegetationsmerkmal', 'name', '0..1', 'CharacterString'),
    ('AX_Vegetationsmerkmal', 'bezeichnung', '0..1', 'CharacterString'),
    ('AX_Vegetationsmerkmal', 'zustand', '0..1', 'AX_Zustand_Vegetationsmerkmal'),
    ('AX_Vegetationsmerkmal', 'breiteDesObjekts', '0..1', 'Length'),
    ('AX_Gewaessermerkmal', 'art', '1', 'AX_Art_Gewaessermerkmal'),
    ('AX_Gewaessermerkmal', 'name', '0..1', 'CharacterString'),
    ('AX_Gewaessermerkmal', 'bezeichnung', '0..1', 'CharacterString'),
    ('AX_Gewaessermerkmal', 'objekthoehe', '0..1', 'Length'),
    ('AX_Gewaessermerkmal', 'hydrologischesMerkmal', '0..1', 'AX_HydrologischesMerkmal_Gewaessermerkmal'),
    ('AX_Gewaessermerkmal', 'zweitname', '0..*', 'CharacterString'),
    ('AX_Gewaessermerkmal', 'regionalsprache', '0..2', 'CharacterString'),
    ('AX_Polder', 'name', '0..1', 'CharacterString'),
    ('AX_Polder', 'artDesPolders', '0..1', 'AX_ArtDesPolders_Polder'),
    ('AX_Polder', 'funktion', '0..1', 'AX_Funktion_Polder'),
    ('AX_Netzknoten', 'bezeichnung', '1', 'CharacterString'),
    ('AX_Nullpunkt', 'artDesNullpunktes', '1', 'AX_ArtDesNullpunktes_Nullpunkt'),
    ('AX_Nullpunkt', 'bezeichnung', '1', 'CharacterString'),
    ('AX_Abschnitt', 'bezeichnung', '1', 'CharacterString'),
    ('AX_Ast', 'bezeichnung', '1', 'CharacterString'),
    ('AX_Wasserspiegelhoehe', 'hoeheDesWasserspiegels', '1', 'Length'),
    ('AX_SchifffahrtslinieFaehrverkehr', 'art', '1..*', 'AX_Art_SchifffahrtslinieFaehrverkehr'),
    ('AX_SchifffahrtslinieFaehrverkehr', 'name', '0..1', 'CharacterString'),
    ('AX_Gewaesserstationierungsachse', 'artDerGewaesserstationierungsachse', '1', 'AX_ArtDerGewaesserstationierungsachse'),
    ('AX_Gewaesserstationierungsachse', 'name', '0..1', 'CharacterString'),
    ('AX_Gewaesserstationierungsachse', 'gewaesserkennzahl', '0..1', 'CharacterString'),
    ('AX_Gewaesserstationierungsachse', 'zweitname', '0..*', 'CharacterString'),
    ('AX_Gewaesserstationierungsachse', 'identnummer', '0..1', 'CharacterString'),
    ('AX_Gewaesserstationierungsachse', 'fliessrichtung', '1', 'Boolean'),
    ('AX_Gewaesserstationierungsachse', 'regionalsprache', '0..2', 'CharacterString'),
    ('AX_Sickerstrecke', 'name', '0..1', 'CharacterString'),
    ('AX_Sickerstrecke', 'zweitname', '0..1', 'CharacterString'),
    ('AX_Sickerstrecke', 'gewaesserkennzahl', '0..1', 'CharacterString'),
    ('AX_Sickerstrecke', 'fliessrichtung', '1', 'Boolean'),
    ('AX_BoeschungKliff', 'objekthoehe', '0..1', 'Length'),
    ('AX_BoeschungKliff', 'name', '0..1', 'CharacterString'),
    ('AX_DammWallDeich', 'art', '0..1', 'AX_Art_DammWallDeich'),
    ('AX_DammWallDeich', 'funktion', '0..1', 'AX_Funktion_DammWallDeich'),
    ('AX_DammWallDeich', 'bezeichnung', '0..1', 'CharacterString'),
    ('AX_DammWallDeich', 'objekthoehe', '0..1', 'Length'),
    ('AX_DammWallDeich', 'name', '0..1', 'CharacterString'),
    ('AX_DammWallDeich', 'ergebnisDerUeberpruefung', '0..1', 'AX_ErgebnisDerUeberpruefung_DammWallDeich'),
    ('AX_Einschnitt', 'funktion', '0..1', 'AX_Funktion_Einschnitt'),
    ('AX_Einschnitt', 'tiefeVonEinschnitt', '0..1', 'Length'),
    ('AX_Hoehleneingang', 'name', '0..1', 'CharacterString'),
    ('AX_Hoehleneingang', 'zweitname', '0..*', 'CharacterString'),
    ('AX_FelsenFelsblockFelsnadel', 'objekthoehe', '0..*', 'Length'),
    ('AX_FelsenFelsblockFelsnadel', 'name', '0..1', 'CharacterString'),
    ('AX_FelsenFelsblockFelsnadel', 'bezeichnung', '0..1', 'CharacterString'),
    ('AX_Duene', 'name', '0..1', 'CharacterString'),
    ('AX_Hoehenlinie', 'hoeheVonHoehenlinie', '1', 'Length'),
    ('AX_Punkt3D', 'art', '0..1', 'AX_Art_Punkt3D'),
    ('AX_Strukturlinie3D', 'art', '0..1', 'AX_Art_Strukturlinie3D'),
    ('AX_Flaeche3D', 'art', '0..1', 'AX_Art_Flaeche3D'),
    ('AX_AbgeleiteteHoehenlinie', 'hoehe', '1', 'Length'),
    ('AX_AndereFestlegungNachWasserrecht', 'artDerFestlegung', '1', 'AX_ArtDerFestlegung_AndereFestlegungNachWasserrecht'),
    ('AX_AndereFestlegungNachWasserrecht', 'ausfuehrendeStelle', '0..1', 'AX_Dienststelle_Schluessel'),
    ('AX_AndereFestlegungNachWasserrecht', 'nummer', '1', 'CharacterString'),
    ('AX_SchutzgebietNachWasserrecht', 'artDerFestlegung', '1', 'AX_ArtDerFestlegung_SchutzgebietNachWasserrecht'),
    ('AX_SchutzgebietNachWasserrecht', 'ausfuehrendeStelle', '0..1', 'AX_Dienststelle_Schluessel'),
    ('AX_SchutzgebietNachWasserrecht', 'funktion', '0..1', 'AX_Funktion_SchutzgebietNachWasserrecht'),
    ('AX_SchutzgebietNachWasserrecht', 'name', '0..1', 'CharacterString'),
    ('AX_SchutzgebietNachWasserrecht', 'nummerDesSchutzgebietes', '0..1', 'CharacterString'),
    ('AX_NaturUmweltOderBodenschutzrecht', 'artDerFestlegung', '1', 'AX_ArtDerFestlegung_NaturUmweltOderBodenschutzrecht'),
    ('AX_NaturUmweltOderBodenschutzrecht', 'ausfuehrendeStelle', '0..1', 'AX_Dienststelle_Schluessel'),
    ('AX_NaturUmweltOderBodenschutzrecht', 'name', '0..1', 'CharacterString'),
    ('AX_NaturUmweltOderBodenschutzrecht', 'bezeichnung', '0..1', 'CharacterString'),
    ('AX_NaturUmweltOderBodenschutzrecht', 'zustand', '0..1', 'AX_Zustand_NaturUmweltOderBodenschutzrecht'),
    ('AX_SchutzgebietNachNaturUmweltOderBodenschutzrecht', 'artDerFestlegung', '1', 'AX_ArtDerFestlegung_SchutzgebietNachNaturUmweltOderBodenschutzrecht'),
    ('AX_SchutzgebietNachNaturUmweltOderBodenschutzrecht', 'ausfuehrendeStelle', '0..1', 'AX_Dienststelle_Schluessel'),
    ('AX_SchutzgebietNachNaturUmweltOderBodenschutzrecht', 'name', '0..1', 'CharacterString'),
    ('AX_SchutzgebietNachNaturUmweltOderBodenschutzrecht', 'nummerDesSchutzgebietes', '0..1', 'CharacterString'),
    ('AX_Denkmalschutzrecht', 'artDerFestlegung', '1', 'AX_ArtDerFestlegung_Denkmalschutzrecht'),
    ('AX_Denkmalschutzrecht', 'ausfuehrendeStelle', '0..1', 'AX_Dienststelle_Schluessel'),
    ('AX_Denkmalschutzrecht', 'name', '0..1', 'CharacterString'),
    ('AX_Denkmalschutzrecht', 'bezeichnung', '0..1', 'CharacterString'),
    ('AX_SonstigesRecht', 'artDerFestlegung', '1', 'AX_ArtDerFestlegung_SonstigesRecht'),
    ('AX_SonstigesRecht', 'ausfuehrendeStelle', '0..1', 'AX_Dienststelle_Schluessel'),
    ('AX_SonstigesRecht', 'name', '0..1', 'CharacterString'),
    ('AX_Schutzzone', 'zone', '1', 'AX_Zone_Schutzzone'),
    ('AX_Schutzzone', 'rechtszustand', '0..1', 'AX_Rechtszustand_Schutzzone'),
    ('AX_Schutzzone', 'nummerDerSchutzzone', '0..1', 'CharacterString'),
    ('AX_Bundesland', 'schluessel', '1', 'AX_Bundesland_Schluessel'),
    ('AX_Regierungsbezirk', 'schluessel', '1', 'AX_Regierungsbezirk_Schluessel'),
    ('AX_KreisRegion', 'schluessel', '1', 'AX_Kreis_Schluessel'),
    ('AX_Gemeinde', 'gemeindekennzeichen', '1', 'AX_Gemeindekennzeichen'),
    ('AX_Gemeinde', 'istTeilVonVerwaltungsgemeinschaft', '0..*', 'AX_TeilVonVerwaltungsgemeinschaft'),
    ('AX_Gemeindeteil', 'gemeindekennzeichen', '1', 'AX_Gemeindekennzeichen'),
    ('AX_Verwaltungsgemeinschaft', 'bezeichnungArt', '0..1', 'AX_Bezeichnung_Verwaltungsgemeinschaft'),
    ('AX_Verwaltungsgemeinschaft', 'schluessel', '1', 'AX_Verwaltungsgemeinschaft_Schluessel'),
    ('AX_Dienststelle', 'schluessel', '1', 'AX_Dienststelle_Schluessel'),
    ('AX_Dienststelle', 'stellenart', '0..1', 'AX_Behoerde'),
    ('AX_Dienststelle', 'kennung', '0..1', 'CharacterString'),
    ('AX_LagebezeichnungKatalogeintrag', 'schluessel', '1', 'AX_VerschluesselteLagebezeichnung'),
    ('AX_LagebezeichnungKatalogeintrag', 'kennung', '0..1', 'CharacterString'),
    ('AX_Katalogeintrag', 'schluesselGesamt', '1', 'CharacterString'),
    ('AX_Katalogeintrag', 'bezeichnung', '1', 'CharacterString'),
    ('AX_Katalogeintrag', 'administrativeFunktion', '0..*', 'AX_Administrative_Funktion'),
    ('AX_Katalogeintrag', 'einwohnerzahl', '0..1', 'Integer'),
    ('AX_Katalogeintrag', 'regionalsprache', '0..2', 'CharacterString'),
    ('AX_Katalogeintrag', 'zweitname', '0..*', 'CharacterString'),
    ('AX_Landschaft', 'name', '1', 'CharacterString'),
    ('AX_Landschaft', 'regionalsprache', '0..2', 'CharacterString'),
    ('AX_Gewann', 'name', '1', 'CharacterString'),
    ('AX_Insel', 'name', '0..1', 'CharacterString'),
    ('AX_Insel', 'regionalsprache', '0..2', 'CharacterString'),
    ('AX_Wohnplatz', 'bezeichnung', '0..2', 'CharacterString'),
    ('AX_Wohnplatz', 'name', '1', 'CharacterString'),
    ('AX_Wohnplatz', 'zweitname', '0..*', 'CharacterString'),
    ('AX_Wohnplatz', 'regionalsprache', '0..2', 'CharacterString'),
    ('AX_KommunalesGebiet', 'gemeindekennzeichen', '1', 'AX_Gemeindekennzeichen'),
    ('AX_Gebiet_Bundesland', 'land', '1', 'AX_Bundesland_Schluessel'),
    ('AX_Gebiet_Regierungsbezirk', 'regierungsbezirk', '1', 'AX_Regierungsbezirk_Schluessel'),
    ('AX_Gebiet_Kreis', 'kreis', '1', 'AX_Kreis_Schluessel'),
    ('AX_Gebietsgrenze', 'artDerGebietsgrenze', '1..*', 'AX_ArtDerGebietsgrenze_Gebietsgrenze'),
    ('AX_Gebietsgrenze', 'zustand', '0..1', 'AX_Zustand_Gebietsgrenze'),
    ('AX_Gebiet', 'schluesselGesamt', '1', 'CharacterString'),
    ('AX_Gebiet_Verwaltungsgemeinschaft', 'verwaltungsgemeinschaft', '1', 'AX_Verwaltungsgemeinschaft_Schluessel'),
    ('AX_Gebiet_Verwaltungsgemeinschaft', 'artDerVerbandsgemeinde', '0..1', 'AX_Art_Verbandsgemeinde'),
    ('AX_KommunalesTeilgebiet', 'hierarchiename', '1', 'CharacterString'),
    ('AX_KommunalesTeilgebiet', 'hierarchiestufe', '1', 'Integer'),
    ('AX_KommunalesTeilgebiet', 'kennzeichen', '1', 'AX_Gemeindekennzeichen'),
    ('AX_Benutzer', 'profilkennung', '1', 'CharacterString'),
    ('AX_Benutzer', 'art', '0..1', 'CharacterString'),
    ('AX_Benutzer', 'zeitlicheBerechtigung', '0..1', 'Date'),
    ('AX_Benutzer', 'zahlungsweise', '0..1', 'CharacterString'),
    ('AX_Benutzer', 'letzteAbgabeZugriff', '0..1', 'DateTime'),
    ('AX_Benutzer', 'vorletzteAbgabeZugriff', '0..1', 'DateTime'),
    ('AX_Benutzer', 'folgeverarbeitung', '0..1', 'AX_FOLGEVA'),
    ('AX_Benutzer', 'empfaenger', '1', 'AA_Empfaenger'),
    ('AX_Benutzer', 'letzteAbgabeArt', '0..1', 'AX_LetzteAbgabeArt'),
    ('AX_Benutzer', 'nBAUebernahmeErfolgreich', '0..1', 'Boolean'),
    ('AX_Benutzer', 'nBAQuittierungErhalten', '0..1', 'DateTime'),
    ('AX_Benutzer', 'profilkennung', '1', 'CharacterString'),
    ('AX_Benutzer', 'profilkennung', '1', 'CharacterString'),
    ('AX_Benutzergruppe', 'bezeichnung', '1', 'CharacterString'),
    ('AX_Benutzergruppe', 'zustaendigeStelle', '1', 'AX_Dienststelle_Schluessel'),
    ('AX_Benutzergruppe', 'koordinatenreferenzsystem', '0..1', 'SC_CRS'),
    ('AX_BenutzergruppeMitZugriffskontrolle', 'selektionskriterien', '1..*', 'Query'),
    ('AX_BenutzergruppeMitZugriffskontrolle', 'zugriffHistorie', '1', 'Boolean'),
    ('AX_BenutzergruppeMitZugriffskontrolle', 'zugriffsartProduktkennungBenutzung', '0..*', 'AA_Anlassart_Benutzungsauftrag'),
    ('AX_BenutzergruppeMitZugriffskontrolle', 'zugriffsartProduktkennungFuehrung', '0..*', 'AA_Anlassart'),
    ('AX_BenutzergruppeMitZugriffskontrolle', 'zugriffsartFortfuehrungsanlass', '0..*', 'AA_Anlassart'),
    ('AX_BenutzergruppeNBA', 'selektionskriterien', '1..*', 'Query'),
    ('AX_BenutzergruppeNBA', 'bereichZeitlich', '0..1', 'AX_BereichZeitlich'),
    ('AX_BenutzergruppeNBA', 'portionierungsparameter', '0..1', 'AX_Portionierungsparameter'),
    ('AX_BenutzergruppeNBA', 'quittierung', '0..1', 'Boolean'),
    ('AX_BenutzergruppeNBA', 'abgabeversion', '1', 'AX_Abgabeversion')
ON CONFLICT (object_type, tag_key) DO NOTHING;

INSERT INTO openstreetmap_schema.relations (object_type, relation_object_type, multiplicity) VALUES
    ('AX_Gebaeude', 'AX_zeigtAuf', '0..*'),
    ('AX_Gebaeude', 'AX_hat', '0..1'),
    ('AX_Gebaeude', 'AX_gehoert', '0..*'),
    ('AX_Gebaeude', 'AX_gehoertZu', '0..*'),
    ('AX_Person', 'AX_hat', '0..*'),
    ('AX_Dienststelle', 'AX_hat', '0..1'),
    ('AX_Turm', 'AX_zeigtAuf', '0..*'),
    ('AX_Benutzer', 'AX_ist', '1'),
    ('AX_Benutzer', 'AX_gehoertZu', '1'),
    ('AX_Strassenachse', 'AX_Strasse', '1..*'),
    ('AX_Fahrbahnachse', 'AX_Strasse', '1..*'),
    ('AX_Gebaeude_Kerndaten', 'AX_objekthoehe', '0..*'),
    ('AX_BauwerkOderAnlageFuerIndustrieUndGewerbe', 'AX_objekthoehe', '0..*'),
    ('AX_VorratsbehaelterSpeicherbauwerk', 'AX_objekthoehe', '0..*'),
    ('AX_SonstigesBauwerkOderSonstigeEinrichtung', 'AX_objekthoehe', '0..*'),
    ('AX_Turm', 'AX_objekthoehe', '0..*'),
    ('AX_BauwerkOderAnlageFuerSportFreizeitUndErholung', 'AX_objekthoehe', '0..*'),
    ('AX_HistorischesBauwerkOderHistorischeEinrichtung', 'AX_objekthoehe', '0..*'),
    ('AX_Schleuse', 'AX_objekthoehe', '0..*'),
    ('AX_BauwerkImVerkehrsbereich', 'AX_objekthoehe', '0..*'),
    ('AX_BauwerkImGewaesserbereich', 'AX_objekthoehe', '0..*'),
    ('AX_Gebietsgrenze', 'AX_KommunalesGebiet', '1..2'),
    ('AX_Gebietsgrenze', 'AX_Gebiet_Bundesland', '0..1'),
    ('AX_Gebietsgrenze', 'AX_Gebiet_Regierungsbezirk', '0..2'),
    ('AX_Gebietsgrenze', 'AX_Gebiet_Kreis', '0..2'),
    ('AX_Gebietsgrenze', 'AX_Gebiet', '0..2'),
    ('AX_Gebietsgrenze', 'AX_Gebiet_Verwaltungsgemeinschaft', '0..2'),
    ('AX_Gebietsgrenze', 'AX_KommunalesTeilgebiet', '0..2'),
    ('AX_Gebietsgrenze', 'AX_Kondominium', '0..2'),
    ('AX_Gewaesserachse', 'AX_Wasserlauf', '0..*'),
    ('AX_Gewaesserachse', 'AX_Kanal', '0..*')
ON CONFLICT (object_type, relation_object_type) DO NOTHING;

INSERT INTO openstreetmap_schema.relation_members (object_type, relation_object_type, type, role, multiplicity) VALUES
    ('AX_Gebaeude', 'AX_zeigtAuf', '*', '', '1'),
    ('AX_Gebaeude', 'AX_zeigtAuf', '*', 'beziehtSichAuf', '1'),
    ('AX_Turm', 'AX_zeigtAuf', '*', '', '1'),
    ('AX_Turm', 'AX_zeigtAuf', '*', 'weistZum', '1'),
    ('AX_Gebaeude', 'AX_hat', '*', '', '1'),
    ('AX_Gebaeude', 'AX_hat', '*', 'gehoertZu', '1..*'),
    ('AX_Gebaeude', 'AX_gehoert', '*', '', '1..*'),
    ('AX_Gebaeude', 'AX_gehoertZu', '*', '', '1..*'),
    ('AX_Person', 'AX_hat', '*', '', '1'),
    ('AX_Person', 'AX_hat', '*', 'gehoertZu', '1..*'),
    ('AX_Dienststelle', 'AX_hat', '*', '', '1'),
    ('AX_Dienststelle', 'AX_hat', '*', 'beziehtSichAuf', '1..*'),
    ('AX_Benutzer', 'AX_ist', '*', '', '1'),
    ('AX_Strassenachse', 'AX_Strasse', '*', '', '0..*'),
    ('AX_Fahrbahnachse', 'AX_Strasse', '*', '', '0..*'),
    ('AX_Gebaeude_Kerndaten', 'AX_objekthoehe', '*', '', '1'),
    ('AX_BauwerkOderAnlageFuerIndustrieUndGewerbe', 'AX_objekthoehe', '*', '', '1'),
    ('AX_VorratsbehaelterSpeicherbauwerk', 'AX_objekthoehe', '*', '', '1'),
    ('AX_SonstigesBauwerkOderSonstigeEinrichtung', 'AX_objekthoehe', '*', '', '1'),
    ('AX_Turm', 'AX_objekthoehe', '*', '', '1'),
    ('AX_BauwerkOderAnlageFuerSportFreizeitUndErholung', 'AX_objekthoehe', '*', '', '1'),
    ('AX_HistorischesBauwerkOderHistorischeEinrichtung', 'AX_objekthoehe', '*', '', '1'),
    ('AX_Schleuse', 'AX_objekthoehe', '*', '', '1'),
    ('AX_BauwerkImVerkehrsbereich', 'AX_objekthoehe', '*', '', '1'),
    ('AX_BauwerkImGewaesserbereich', 'AX_objekthoehe', '*', '', '1'),
    ('AX_Gebietsgrenze', 'AX_KommunalesGebiet', '*', 'outer', '1..*'),
    ('AX_Gebietsgrenze', 'AX_KommunalesGebiet', '*', 'inner', '0..*'),
    ('AX_Gebietsgrenze', 'AX_Gebiet_Bundesland', '*', 'outer', '1..*'),
    ('AX_Gebietsgrenze', 'AX_Gebiet_Bundesland', '*', 'inner', '0..*'),
    ('AX_Gebietsgrenze', 'AX_Gebiet_Regierungsbezirk', '*', 'outer', '1..*'),
    ('AX_Gebietsgrenze', 'AX_Gebiet_Regierungsbezirk', '*', 'inner', '0..*'),
    ('AX_Gebietsgrenze', 'AX_Gebiet_Kreis', '*', 'outer', '1..*'),
    ('AX_Gebietsgrenze', 'AX_Gebiet_Kreis', '*', 'inner', '0..*'),
    ('AX_Gebietsgrenze', 'AX_Gebiet', '*', 'outer', '1..*'),
    ('AX_Gebietsgrenze', 'AX_Gebiet', '*', 'inner', '0..*'),
    ('AX_Gebietsgrenze', 'AX_Gebiet_Verwaltungsgemeinschaft', '*', 'outer', '1..*'),
    ('AX_Gebietsgrenze', 'AX_Gebiet_Verwaltungsgemeinschaft', '*', 'inner', '0..*'),
    ('AX_Gebietsgrenze', 'AX_Kondominium', '*', 'outer', '1..*'),
    ('AX_Gebietsgrenze', 'AX_Kondominium', '*', 'inner', '0..*'),
    ('AX_Gewaesserachse', 'AX_Wasserlauf', '*', '', '1..*'),
    ('AX_Gewaesserachse', 'AX_Kanal', '*', '', '1..*')
ON CONFLICT (object_type, relation_object_type, role) DO NOTHING;