INSERT INTO openstreetmap_schema.object_types (object_type, is_abstract, is_relation) VALUES
	('BY_AbgrenzungTechnisch', false, false),
	('BY_AnrainerStaaten', false, false),
	('BY_Freizeitpunkt', false, false),
	('BY_Freizeitwegachse', false, false),
	('BY_Freizeitwegpunkt', false, false),
	('BY_IndustrieUndGewerbe', false, false),
	('BY_Kartenrahmen', false, false),
	('BY_PtBesFunkPraegung', false, false),
	('BY_SonstBauwerkVerkehr', false, false),
	('BY_Strassennetzverbindung', false, false),
	('BY_Tankstelle', false, false),
	('BY_VerkehrInPlanung', false, false),
	('BY_WasserlaufUnsicher', false, false)
ON CONFLICT (object_type) DO NOTHING;

INSERT INTO openstreetmap_schema.datatypes (datatype_id, datatype_type) VALUES
	('BY_AbgrenzungTechnisch', 'COMPLEX'),
	('BY_AnrainerStaaten', 'COMPLEX'),
	('BY_Bahnstrecke', 'COMPLEX'),
	('BY_Bahnverkehr', 'COMPLEX'),
	('BY_Bahnverkehrsanlage', 'COMPLEX'),
	('BY_BauwerkImGewaesserbereich', 'COMPLEX'),
	('BY_BauwerkImVerkehrsbereich', 'COMPLEX'),
	('BY_BauwerkOderAnlageFuerIndustrieUndGewerbe', 'COMPLEX'),
	('BY_BauwerkOderAnlageFuerSportFreizeitUndErholung', 'COMPLEX'),
	('BY_Bergbaubetrieb', 'COMPLEX'),
	('BY_BoeschungKliff', 'COMPLEX'),
	('BY_Bundesland', 'COMPLEX'),
	('BY_DLM_ATT_Abbaugut', 'DICTIONARY'),
	('BY_DLM_ATT_AnzahlDerStreckengleise', 'DICTIONARY'),
	('BY_DLM_ATT_ArchaeologischerTyp', 'DICTIONARY'),
	('BY_DLM_ATT_Art', 'DICTIONARY'),
	('BY_DLM_ATT_ArtDerBebauung', 'DICTIONARY'),
	('BY_DLM_ATT_ArtDerFestlegung', 'DICTIONARY'),
	('BY_DLM_ATT_ArtDerGebietsgrenze', 'DICTIONARY'),
	('BY_DLM_ATT_ArtDerGewaesserstationierungsachse', 'DICTIONARY'),
	('BY_DLM_ATT_Ausbauzustand', 'DICTIONARY'),
	('BY_DLM_ATT_AuspraegungVerkehrKarto', 'DICTIONARY'),
	('BY_DLM_ATT_Bahnhofskategorie', 'DICTIONARY'),
	('BY_DLM_ATT_Bahnkategorie', 'DICTIONARY'),
	('BY_DLM_ATT_Bauwerksfunktion', 'DICTIONARY'),
	('BY_DLM_ATT_Befahrbarkeit', 'DICTIONARY'),
	('BY_DLM_ATT_Befestigung', 'DICTIONARY'),
	('BY_DLM_ATT_BesondereFahrstreifen', 'DICTIONARY'),
	('BY_DLM_ATT_BesondereVerkehrsbedeutung', 'DICTIONARY'),
	('BY_DLM_ATT_Bewuchs', 'DICTIONARY'),
	('BY_DLM_ATT_BreiteDesGewaessers', 'DICTIONARY'),
	('BY_DLM_ATT_Elektrifizierung', 'DICTIONARY'),
	('BY_DLM_ATT_Energietraeger', 'DICTIONARY'),
	('BY_DLM_ATT_ErgebnisDerUeberpruefung_TatsaechlicheNutzung', 'DICTIONARY'),
	('BY_DLM_ATT_Fahrtrichtung', 'DICTIONARY'),
	('BY_DLM_ATT_Fliessrichtung', 'DICTIONARY'),
	('BY_DLM_ATT_Foerdergut', 'DICTIONARY'),
	('BY_DLM_ATT_Funktion', 'DICTIONARY'),
	('BY_DLM_ATT_FzwKartendarstellung', 'DICTIONARY'),
	('BY_DLM_ATT_FzwLage', 'DICTIONARY'),
	('BY_DLM_ATT_FzwOberflmaterial', 'DICTIONARY'),
	('BY_DLM_ATT_FzwVerkaufkommen', 'DICTIONARY'),
	('BY_DLM_ATT_GewaesserRandstreifen', 'DICTIONARY'),
	('BY_DLM_ATT_Hafenkategorie', 'DICTIONARY'),
	('BY_DLM_ATT_HydrologischesMerkmal', 'DICTIONARY'),
	('BY_DLM_ATT_IstWeitereNutzung', 'DICTIONARY'),
	('BY_DLM_ATT_KartensignrAusnahme', 'DICTIONARY'),
	('BY_DLM_ATT_KonstruktionsmerkmalBauart', 'DICTIONARY'),
	('BY_DLM_ATT_Kraftfahrstrasse', 'DICTIONARY'),
	('BY_DLM_ATT_LageZurErdoberflaeche', 'DICTIONARY'),
	('BY_DLM_ATT_Lagegenauigkeit', 'DICTIONARY'),
	('BY_DLM_ATT_Nutzung', 'DICTIONARY'),
	('BY_DLM_ATT_Oberflaechenmaterial', 'DICTIONARY'),
	('BY_DLM_ATT_OeffentlichBefahrbar', 'DICTIONARY'),
	('BY_DLM_ATT_Primaerenergie', 'DICTIONARY'),
	('BY_DLM_ATT_Produkt', 'DICTIONARY'),
	('BY_DLM_ATT_PruefungGewKennzahl', 'DICTIONARY'),
	('BY_DLM_ATT_SichtbarTrotzVerrohrung', 'DICTIONARY'),
	('BY_DLM_ATT_SichtbarkeitInKarto', 'DICTIONARY'),
	('BY_DLM_ATT_Speicherinhalt', 'DICTIONARY'),
	('BY_DLM_ATT_Sportart', 'DICTIONARY'),
	('BY_DLM_ATT_Spurweite', 'DICTIONARY'),
	('BY_DLM_ATT_StrassenkonturAmPlatz', 'DICTIONARY'),
	('BY_DLM_ATT_Strassentyp', 'DICTIONARY'),
	('BY_DLM_ATT_Vegetationsmerkmal', 'DICTIONARY'),
	('BY_DLM_ATT_Wegbreite', 'DICTIONARY'),
	('BY_DLM_ATT_Widmung', 'DICTIONARY'),
	('BY_DLM_ATT_Zone', 'DICTIONARY'),
	('BY_DLM_ATT_Zustand', 'DICTIONARY'),
	('BY_DLM_AbgrenzungTechnisch', 'COMPLEX'),
	('BY_DLM_AnrainerStaaten', 'COMPLEX'),
	('BY_DLM_Bahnstrecke', 'COMPLEX'),
	('BY_DLM_Bahnverkehr', 'COMPLEX'),
	('BY_DLM_Bahnverkehrsanlage', 'COMPLEX'),
	('BY_DLM_BauwerkImGewaesserbereich', 'COMPLEX'),
	('BY_DLM_BauwerkImVerkehrsbereich', 'COMPLEX'),
	('BY_DLM_BauwerkOderAnlageFuerIndustrieUndGewerbe', 'COMPLEX'),
	('BY_DLM_BauwerkOderAnlageFuerSportFreizeitUndErholung', 'COMPLEX'),
	('BY_DLM_Bergbaubetrieb', 'COMPLEX'),
	('BY_DLM_BoeschungKliff', 'COMPLEX'),
	('BY_DLM_Bundesland', 'COMPLEX'),
	('BY_DLM_DammWallDeich', 'COMPLEX'),
	('BY_DLM_Denkmalschutzrecht', 'COMPLEX'),
	('BY_DLM_Duene', 'COMPLEX'),
	('BY_DLM_EinrichtungenFuerDenSchiffsverkehr', 'COMPLEX'),
	('BY_DLM_Einschnitt', 'COMPLEX'),
	('BY_DLM_Fahrbahnachse', 'COMPLEX'),
	('BY_DLM_Fahrwegachse', 'COMPLEX'),
	('BY_DLM_FelsenFelsblockFelsnadel', 'COMPLEX'),
	('BY_DLM_FlaecheBesondererFunktionalerPraegung', 'COMPLEX'),
	('BY_DLM_FlaecheGemischterNutzung', 'COMPLEX'),
	('BY_DLM_Fliessgewaesser', 'COMPLEX'),
	('BY_DLM_Flugverkehr', 'COMPLEX'),
	('BY_DLM_Flugverkehrsanlage', 'COMPLEX'),
	('BY_DLM_Freizeitpunkt', 'COMPLEX'),
	('BY_DLM_Freizeitwegachse', 'COMPLEX'),
	('BY_DLM_Freizeitwegpunkt', 'COMPLEX'),
	('BY_DLM_Friedhof', 'COMPLEX'),
	('BY_DLM_Gebiet', 'COMPLEX'),
	('BY_DLM_Gebiet_Bundesland', 'COMPLEX'),
	('BY_DLM_Gebiet_Kreis', 'COMPLEX'),
	('BY_DLM_Gebiet_Regierungsbezirk', 'COMPLEX'),
	('BY_DLM_Gebiet_Verwaltungsgemeinschaft', 'COMPLEX'),
	('BY_DLM_Gebietsgrenze', 'COMPLEX'),
	('BY_DLM_Gehoelz', 'COMPLEX'),
	('BY_DLM_Gemeinde', 'COMPLEX'),
	('BY_DLM_Gewaesserachse', 'COMPLEX'),
	('BY_DLM_Gewaessermerkmal', 'COMPLEX'),
	('BY_DLM_Gewaesserstationierungsachse', 'COMPLEX'),
	('BY_DLM_Gleis', 'COMPLEX'),
	('BY_DLM_Grenzuebergang', 'COMPLEX'),
	('BY_DLM_Hafen', 'COMPLEX'),
	('BY_DLM_Hafenbecken', 'COMPLEX'),
	('BY_DLM_Halde', 'COMPLEX'),
	('BY_DLM_Heide', 'COMPLEX'),
	('BY_DLM_HistorischesBauwerkOderHistorischeEinrichtung', 'COMPLEX'),
	('BY_DLM_Hoehleneingang', 'COMPLEX'),
	('BY_DLM_IndustrieUndGewerbe', 'COMPLEX'),
	('BY_DLM_IndustrieUndGewerbeflaeche', 'COMPLEX'),
	('BY_DLM_Insel', 'COMPLEX'),
	('BY_DLM_Kanal', 'COMPLEX'),
	('BY_DLM_Kartenrahmen', 'COMPLEX'),
	('BY_DLM_KommunalesGebiet', 'COMPLEX'),
	('BY_DLM_KreisRegion', 'COMPLEX'),
	('BY_DLM_Landwirtschaft', 'COMPLEX'),
	('BY_DLM_Leitung', 'COMPLEX'),
	('BY_DLM_Meer', 'COMPLEX'),
	('BY_DLM_Moor', 'COMPLEX'),
	('BY_DLM_NaturUmweltOderBodenschutzrecht', 'COMPLEX'),
	('BY_DLM_Ortslage', 'COMPLEX'),
	('BY_DLM_Platz', 'COMPLEX'),
	('BY_DLM_Polder', 'COMPLEX'),
	('BY_DLM_PtBesFunkPraegung', 'COMPLEX'),
	('BY_DLM_Regierungsbezirk', 'COMPLEX'),
	('BY_DLM_SchifffahrtslinieFaehrverkehr', 'COMPLEX'),
	('BY_DLM_Schiffsverkehr', 'COMPLEX'),
	('BY_DLM_Schleuse', 'COMPLEX'),
	('BY_DLM_SchutzgebietNachNaturUmweltOderBodenschutzrecht', 'COMPLEX'),
	('BY_DLM_Schutzzone', 'COMPLEX'),
	('BY_DLM_SeilbahnSchwebebahn', 'COMPLEX'),
	('BY_DLM_Sickerstrecke', 'COMPLEX'),
	('BY_DLM_SonstBauwerkVerkehr', 'COMPLEX'),
	('BY_DLM_SonstigesBauwerkOderSonstigeEinrichtung', 'COMPLEX'),
	('BY_DLM_SonstigesRecht', 'COMPLEX'),
	('BY_DLM_SportFreizeitUndErholungsflaeche', 'COMPLEX'),
	('BY_DLM_StehendesGewaesser', 'COMPLEX'),
	('BY_DLM_Strasse', 'COMPLEX'),
	('BY_DLM_Strassenachse', 'COMPLEX'),
	('BY_DLM_Strassennetzverbindung', 'COMPLEX'),
	('BY_DLM_Strassenverkehr', 'COMPLEX'),
	('BY_DLM_Strassenverkehrsanlage', 'COMPLEX'),
	('BY_DLM_Strukturlinie3D', 'COMPLEX'),
	('BY_DLM_Sumpf', 'COMPLEX'),
	('BY_DLM_TagebauGrubeSteinbruch', 'COMPLEX'),
	('BY_DLM_Tankstelle', 'COMPLEX'),
	('BY_DLM_Testgelaende', 'COMPLEX'),
	('BY_DLM_Transportanlage', 'COMPLEX'),
	('BY_DLM_Turm', 'COMPLEX'),
	('BY_DLM_UnlandVegetationsloseFlaeche', 'COMPLEX'),
	('BY_DLM_Vegetationsmerkmal', 'COMPLEX'),
	('BY_DLM_VerkehrInPlanung', 'COMPLEX'),
	('BY_DLM_Verwaltungsgemeinschaft', 'COMPLEX'),
	('BY_DLM_VorratsbehaelterSpeicherbauwerk', 'COMPLEX'),
	('BY_DLM_Wald', 'COMPLEX'),
	('BY_DLM_Wasserlauf', 'COMPLEX'),
	('BY_DLM_WasserlaufUnsicher', 'COMPLEX'),
	('BY_DLM_Wasserspiegelhoehe', 'COMPLEX'),
	('BY_DLM_WegPfadSteig', 'COMPLEX'),
	('BY_DLM_Wohnbauflaeche', 'COMPLEX'),
	('BY_DammWallDeich', 'COMPLEX'),
	('BY_Denkmalschutzrecht', 'COMPLEX'),
	('BY_Duene', 'COMPLEX'),
	('BY_EinrichtungenFuerDenSchiffsverkehr', 'COMPLEX'),
	('BY_Einschnitt', 'COMPLEX'),
	('BY_Fahrbahnachse', 'COMPLEX'),
	('BY_Fahrwegachse', 'COMPLEX'),
	('BY_FelsenFelsblockFelsnadel', 'COMPLEX'),
	('BY_FlaecheBesondererFunktionalerPraegung', 'COMPLEX'),
	('BY_FlaecheGemischterNutzung', 'COMPLEX'),
	('BY_Fliessgewaesser', 'COMPLEX'),
	('BY_Flugverkehr', 'COMPLEX'),
	('BY_Flugverkehrsanlage', 'COMPLEX'),
	('BY_Freizeitpunkt', 'COMPLEX'),
	('BY_Freizeitwegachse', 'COMPLEX'),
	('BY_Freizeitwegpunkt', 'COMPLEX'),
	('BY_Friedhof', 'COMPLEX'),
	('BY_Gebiet', 'COMPLEX'),
	('BY_Gebiet_Bundesland', 'COMPLEX'),
	('BY_Gebiet_Kreis', 'COMPLEX'),
	('BY_Gebiet_Regierungsbezirk', 'COMPLEX'),
	('BY_Gebiet_Verwaltungsgemeinschaft', 'COMPLEX'),
	('BY_Gebietsgrenze', 'COMPLEX'),
	('BY_Gehoelz', 'COMPLEX'),
	('BY_Gemeinde', 'COMPLEX'),
	('BY_Gewaesserachse', 'COMPLEX'),
	('BY_Gewaessermerkmal', 'COMPLEX'),
	('BY_Gewaesserstationierungsachse', 'COMPLEX'),
	('BY_Gleis', 'COMPLEX'),
	('BY_Grenzuebergang', 'COMPLEX'),
	('BY_Hafen', 'COMPLEX'),
	('BY_Hafenbecken', 'COMPLEX'),
	('BY_Halde', 'COMPLEX'),
	('BY_Heide', 'COMPLEX'),
	('BY_HistorischesBauwerkOderHistorischeEinrichtung', 'COMPLEX'),
	('BY_Hoehleneingang', 'COMPLEX'),
	('BY_IndustrieUndGewerbe', 'COMPLEX'),
	('BY_IndustrieUndGewerbeflaeche', 'COMPLEX'),
	('BY_Insel', 'COMPLEX'),
	('BY_Kanal', 'COMPLEX'),
	('BY_Kartenrahmen', 'COMPLEX'),
	('BY_KommunalesGebiet', 'COMPLEX'),
	('BY_KreisRegion', 'COMPLEX'),
	('BY_Landwirtschaft', 'COMPLEX'),
	('BY_Leitung', 'COMPLEX'),
	('BY_Meer', 'COMPLEX'),
	('BY_Moor', 'COMPLEX'),
	('BY_NaturUmweltOderBodenschutzrecht', 'COMPLEX'),
	('BY_Ortslage', 'COMPLEX'),
	('BY_Platz', 'COMPLEX'),
	('BY_Polder', 'COMPLEX'),
	('BY_PtBesFunkPraegung', 'COMPLEX'),
	('BY_Regierungsbezirk', 'COMPLEX'),
	('BY_SchifffahrtslinieFaehrverkehr', 'COMPLEX'),
	('BY_Schiffsverkehr', 'COMPLEX'),
	('BY_Schleuse', 'COMPLEX'),
	('BY_SchutzgebietNachNaturUmweltOderBodenschutzrecht', 'COMPLEX'),
	('BY_Schutzzone', 'COMPLEX'),
	('BY_SeilbahnSchwebebahn', 'COMPLEX'),
	('BY_Sickerstrecke', 'COMPLEX'),
	('BY_SonstBauwerkVerkehr', 'COMPLEX'),
	('BY_SonstigesBauwerkOderSonstigeEinrichtung', 'COMPLEX'),
	('BY_SonstigesRecht', 'COMPLEX'),
	('BY_SportFreizeitUndErholungsflaeche', 'COMPLEX'),
	('BY_StehendesGewaesser', 'COMPLEX'),
	('BY_Strasse', 'COMPLEX'),
	('BY_Strassenachse', 'COMPLEX'),
	('BY_Strassennetzverbindung', 'COMPLEX'),
	('BY_Strassenverkehr', 'COMPLEX'),
	('BY_Strassenverkehrsanlage', 'COMPLEX'),
	('BY_Strukturlinie3D', 'COMPLEX'),
	('BY_Sumpf', 'COMPLEX'),
	('BY_TagebauGrubeSteinbruch', 'COMPLEX'),
	('BY_Tankstelle', 'COMPLEX'),
	('BY_Testgelaende', 'COMPLEX'),
	('BY_Transportanlage', 'COMPLEX'),
	('BY_Turm', 'COMPLEX'),
	('BY_UnlandVegetationsloseFlaeche', 'COMPLEX'),
	('BY_Vegetationsmerkmal', 'COMPLEX'),
	('BY_VerkehrInPlanung', 'COMPLEX'),
	('BY_Verwaltungsgemeinschaft', 'COMPLEX'),
	('BY_VorratsbehaelterSpeicherbauwerk', 'COMPLEX'),
	('BY_Wald', 'COMPLEX'),
	('BY_Wasserlauf', 'COMPLEX'),
	('BY_WasserlaufUnsicher', 'COMPLEX'),
	('BY_Wasserspiegelhoehe', 'COMPLEX'),
	('BY_WegPfadSteig', 'COMPLEX'),
	('BY_Wohnbauflaeche', 'COMPLEX')
ON CONFLICT (datatype_id) DO NOTHING;

INSERT INTO openstreetmap_schema.datatypes_complex (datatype_id, tag_key, multiplicity, tag_datatype_id) VALUES
	('BY_AbgrenzungTechnisch', 'dlm', '0..1', 'BY_DLM_AbgrenzungTechnisch'),
	('BY_AnrainerStaaten', 'dlm', '0..1', 'BY_DLM_AnrainerStaaten'),
	('BY_Bahnstrecke', 'dlm', '0..1', 'BY_DLM_Bahnstrecke'),
	('BY_Bahnverkehr', 'dlm', '0..1', 'BY_DLM_Bahnverkehr'),
	('BY_Bahnverkehrsanlage', 'dlm', '0..1', 'BY_DLM_Bahnverkehrsanlage'),
	('BY_BauwerkImGewaesserbereich', 'dlm', '0..1', 'BY_DLM_BauwerkImGewaesserbereich'),
	('BY_BauwerkImVerkehrsbereich', 'dlm', '0..1', 'BY_DLM_BauwerkImVerkehrsbereich'),
	('BY_BauwerkOderAnlageFuerIndustrieUndGewerbe', 'dlm', '0..1', 'BY_DLM_BauwerkOderAnlageFuerIndustrieUndGewerbe'),
	('BY_BauwerkOderAnlageFuerSportFreizeitUndErholung', 'dlm', '0..1', 'BY_DLM_BauwerkOderAnlageFuerSportFreizeitUndErholung'),
	('BY_Bergbaubetrieb', 'dlm', '0..1', 'BY_DLM_Bergbaubetrieb'),
	('BY_BoeschungKliff', 'dlm', '0..1', 'BY_DLM_BoeschungKliff'),
	('BY_Bundesland', 'dlm', '0..1', 'BY_DLM_Bundesland'),
	('BY_DLM_AbgrenzungTechnisch', 'arbeitsmappenId', '0..1', 'CharacterString'),
	('BY_DLM_AbgrenzungTechnisch', 'arbeitsmappenIds', '0..1', 'CharacterString'),
	('BY_DLM_AnrainerStaaten', 'anrainerKennzahl', '0..1', 'CharacterString'),
	('BY_DLM_AnrainerStaaten', 'arbeitsmappenId', '0..1', 'CharacterString'),
	('BY_DLM_AnrainerStaaten', 'arbeitsmappenIds', '0..1', 'CharacterString'),
	('BY_DLM_AnrainerStaaten', 'name', '0..1', 'CharacterString'),
	('BY_DLM_Bahnstrecke', 'anzahlDerStreckengleise', '0..1', 'BY_DLM_ATT_AnzahlDerStreckengleise'),
	('BY_DLM_Bahnstrecke', 'arbeitsmappenId', '0..1', 'CharacterString'),
	('BY_DLM_Bahnstrecke', 'arbeitsmappenIds', '0..1', 'CharacterString'),
	('BY_DLM_Bahnstrecke', 'bahnkategorie', '0..1', 'BY_DLM_ATT_Bahnkategorie'),
	('BY_DLM_Bahnstrecke', 'elektrifizierung', '0..1', 'BY_DLM_ATT_Elektrifizierung'),
	('BY_DLM_Bahnstrecke', 'lageZurErdoberflaeche', '0..1', 'BY_DLM_ATT_LageZurErdoberflaeche'),
	('BY_DLM_Bahnstrecke', 'lagegenauigkeit', '0..1', 'BY_DLM_ATT_Lagegenauigkeit'),
	('BY_DLM_Bahnstrecke', 'spurweite', '0..1', 'BY_DLM_ATT_Spurweite'),
	('BY_DLM_Bahnstrecke', 'zustand', '0..1', 'BY_DLM_ATT_Zustand'),
	('BY_DLM_Bahnverkehr', 'arbeitsmappenId', '0..1', 'CharacterString'),
	('BY_DLM_Bahnverkehr', 'arbeitsmappenIds', '0..1', 'CharacterString'),
	('BY_DLM_Bahnverkehr', 'funktion', '0..1', 'BY_DLM_ATT_Funktion'),
	('BY_DLM_Bahnverkehr', 'istWeitereNutzung', '0..1', 'BY_DLM_ATT_IstWeitereNutzung'),
	('BY_DLM_Bahnverkehr', 'lageZurErdoberflaeche', '0..1', 'BY_DLM_ATT_LageZurErdoberflaeche'),
	('BY_DLM_Bahnverkehr', 'lagegenauigkeit', '0..1', 'BY_DLM_ATT_Lagegenauigkeit'),
	('BY_DLM_Bahnverkehrsanlage', 'arbeitsmappenId', '0..1', 'CharacterString'),
	('BY_DLM_Bahnverkehrsanlage', 'arbeitsmappenIds', '0..1', 'CharacterString'),
	('BY_DLM_Bahnverkehrsanlage', 'bahnhofskategorie', '0..1', 'BY_DLM_ATT_Bahnhofskategorie'),
	('BY_DLM_Bahnverkehrsanlage', 'lageZurErdoberflaeche', '0..1', 'BY_DLM_ATT_LageZurErdoberflaeche'),
	('BY_DLM_Bahnverkehrsanlage', 'lagegenauigkeit', '0..1', 'BY_DLM_ATT_Lagegenauigkeit'),
	('BY_DLM_Bahnverkehrsanlage', 'zustand', '0..1', 'BY_DLM_ATT_Zustand'),
	('BY_DLM_BauwerkImGewaesserbereich', 'DatumDerLetztenUeberpruefung', '0..1', 'CharacterString'),
	('BY_DLM_BauwerkImGewaesserbereich', 'ErgebnisDerUeberpruefung_TatsaechlicheNutzung', '0..1', 'BY_DLM_ATT_ErgebnisDerUeberpruefung_TatsaechlicheNutzung'),
	('BY_DLM_BauwerkImGewaesserbereich', 'arbeitsmappenId', '0..1', 'CharacterString'),
	('BY_DLM_BauwerkImGewaesserbereich', 'arbeitsmappenIds', '0..1', 'CharacterString'),
	('BY_DLM_BauwerkImGewaesserbereich', 'bauwerksfunktion', '0..1', 'BY_DLM_ATT_Bauwerksfunktion'),
	('BY_DLM_BauwerkImGewaesserbereich', 'lageZurErdoberflaeche', '0..1', 'BY_DLM_ATT_LageZurErdoberflaeche'),
	('BY_DLM_BauwerkImGewaesserbereich', 'lagegenauigkeit', '0..1', 'BY_DLM_ATT_Lagegenauigkeit'),
	('BY_DLM_BauwerkImVerkehrsbereich', 'arbeitsmappenId', '0..1', 'CharacterString'),
	('BY_DLM_BauwerkImVerkehrsbereich', 'arbeitsmappenIds', '0..1', 'CharacterString'),
	('BY_DLM_BauwerkImVerkehrsbereich', 'bauwerksfunktion', '0..1', 'BY_DLM_ATT_Bauwerksfunktion'),
	('BY_DLM_BauwerkImVerkehrsbereich', 'lageZurErdoberflaeche', '0..1', 'BY_DLM_ATT_LageZurErdoberflaeche'),
	('BY_DLM_BauwerkImVerkehrsbereich', 'lagegenauigkeit', '0..1', 'BY_DLM_ATT_Lagegenauigkeit'),
	('BY_DLM_BauwerkImVerkehrsbereich', 'sichtbarkeitInKarto', '0..1', 'BY_DLM_ATT_SichtbarkeitInKarto'),
	('BY_DLM_BauwerkImVerkehrsbereich', 'zustand', '0..1', 'BY_DLM_ATT_Zustand'),
	('BY_DLM_BauwerkOderAnlageFuerIndustrieUndGewerbe', 'arbeitsmappenId', '0..1', 'CharacterString'),
	('BY_DLM_BauwerkOderAnlageFuerIndustrieUndGewerbe', 'arbeitsmappenIds', '0..1', 'CharacterString'),
	('BY_DLM_BauwerkOderAnlageFuerIndustrieUndGewerbe', 'bauwerksfunktion', '0..1', 'BY_DLM_ATT_Bauwerksfunktion'),
	('BY_DLM_BauwerkOderAnlageFuerIndustrieUndGewerbe', 'lageZurErdoberflaeche', '0..1', 'BY_DLM_ATT_LageZurErdoberflaeche'),
	('BY_DLM_BauwerkOderAnlageFuerIndustrieUndGewerbe', 'lagegenauigkeit', '0..1', 'BY_DLM_ATT_Lagegenauigkeit'),
	('BY_DLM_BauwerkOderAnlageFuerIndustrieUndGewerbe', 'sichtbarkeitInKarto', '0..1', 'BY_DLM_ATT_SichtbarkeitInKarto'),
	('BY_DLM_BauwerkOderAnlageFuerSportFreizeitUndErholung', 'arbeitsmappenId', '0..1', 'CharacterString'),
	('BY_DLM_BauwerkOderAnlageFuerSportFreizeitUndErholung', 'arbeitsmappenIds', '0..1', 'CharacterString'),
	('BY_DLM_BauwerkOderAnlageFuerSportFreizeitUndErholung', 'bauwerksfunktion', '0..1', 'BY_DLM_ATT_Bauwerksfunktion'),
	('BY_DLM_BauwerkOderAnlageFuerSportFreizeitUndErholung', 'lagegenauigkeit', '0..1', 'BY_DLM_ATT_Lagegenauigkeit'),
	('BY_DLM_BauwerkOderAnlageFuerSportFreizeitUndErholung', 'sportart', '0..1', 'BY_DLM_ATT_Sportart'),
	('BY_DLM_Bergbaubetrieb', 'abbaugut', '0..1', 'BY_DLM_ATT_Abbaugut'),
	('BY_DLM_Bergbaubetrieb', 'arbeitsmappenId', '0..1', 'CharacterString'),
	('BY_DLM_Bergbaubetrieb', 'arbeitsmappenIds', '0..1', 'CharacterString'),
	('BY_DLM_Bergbaubetrieb', 'funktion', '0..1', 'BY_DLM_ATT_Funktion'),
	('BY_DLM_Bergbaubetrieb', 'istWeitereNutzung', '0..1', 'BY_DLM_ATT_IstWeitereNutzung'),
	('BY_DLM_Bergbaubetrieb', 'lagegenauigkeit', '0..1', 'BY_DLM_ATT_Lagegenauigkeit'),
	('BY_DLM_Bergbaubetrieb', 'zustand', '0..1', 'BY_DLM_ATT_Zustand'),
	('BY_DLM_BoeschungKliff', 'arbeitsmappenId', '0..1', 'CharacterString'),
	('BY_DLM_BoeschungKliff', 'arbeitsmappenIds', '0..1', 'CharacterString'),
	('BY_DLM_Bundesland', 'administrativeFunktion', '0..1', 'CharacterString'),
	('BY_DLM_Bundesland', 'arbeitsmappenId', '0..1', 'CharacterString'),
	('BY_DLM_Bundesland', 'arbeitsmappenIds', '0..1', 'CharacterString'),
	('BY_DLM_DammWallDeich', 'DatumDerLetztenUeberpruefung', '0..1', 'CharacterString'),
	('BY_DLM_DammWallDeich', 'ErgebnisDerUeberpruefung_TatsaechlicheNutzung', '0..1', 'BY_DLM_ATT_ErgebnisDerUeberpruefung_TatsaechlicheNutzung'),
	('BY_DLM_DammWallDeich', 'arbeitsmappenId', '0..1', 'CharacterString'),
	('BY_DLM_DammWallDeich', 'arbeitsmappenIds', '0..1', 'CharacterString'),
	('BY_DLM_DammWallDeich', 'funktion', '0..1', 'BY_DLM_ATT_Funktion'),
	('BY_DLM_DammWallDeich', 'lagegenauigkeit', '0..1', 'BY_DLM_ATT_Lagegenauigkeit'),
	('BY_DLM_Denkmalschutzrecht', 'arbeitsmappenId', '0..1', 'CharacterString'),
	('BY_DLM_Denkmalschutzrecht', 'arbeitsmappenIds', '0..1', 'CharacterString'),
	('BY_DLM_Duene', 'arbeitsmappenId', '0..1', 'CharacterString'),
	('BY_DLM_Duene', 'arbeitsmappenIds', '0..1', 'CharacterString'),
	('BY_DLM_EinrichtungenFuerDenSchiffsverkehr', 'arbeitsmappenId', '0..1', 'CharacterString'),
	('BY_DLM_EinrichtungenFuerDenSchiffsverkehr', 'arbeitsmappenIds', '0..1', 'CharacterString'),
	('BY_DLM_EinrichtungenFuerDenSchiffsverkehr', 'art', '0..1', 'BY_DLM_ATT_Art'),
	('BY_DLM_EinrichtungenFuerDenSchiffsverkehr', 'lagegenauigkeit', '0..1', 'BY_DLM_ATT_Lagegenauigkeit'),
	('BY_DLM_EinrichtungenFuerDenSchiffsverkehr', 'sichtbarkeitInKarto', '0..1', 'BY_DLM_ATT_SichtbarkeitInKarto'),
	('BY_DLM_Einschnitt', 'arbeitsmappenId', '0..1', 'CharacterString'),
	('BY_DLM_Einschnitt', 'arbeitsmappenIds', '0..1', 'CharacterString'),
	('BY_DLM_Einschnitt', 'funktion', '0..1', 'BY_DLM_ATT_Funktion'),
	('BY_DLM_Fahrbahnachse', 'arbeitsmappenId', '0..1', 'CharacterString'),
	('BY_DLM_Fahrbahnachse', 'arbeitsmappenIds', '0..1', 'CharacterString'),
	('BY_DLM_Fahrbahnachse', 'besondereFahrstreifen', '0..1', 'BY_DLM_ATT_BesondereFahrstreifen'),
	('BY_DLM_Fahrbahnachse', 'fahrtrichtung', '0..1', 'BY_DLM_ATT_Fahrtrichtung'),
	('BY_DLM_Fahrbahnachse', 'funktion', '0..1', 'BY_DLM_ATT_Funktion'),
	('BY_DLM_Fahrbahnachse', 'istTeilVon', '0..1', 'CharacterString'),
	('BY_DLM_Fahrbahnachse', 'lageZurErdoberflaeche', '0..1', 'BY_DLM_ATT_LageZurErdoberflaeche'),
	('BY_DLM_Fahrbahnachse', 'lagegenauigkeit', '0..1', 'BY_DLM_ATT_Lagegenauigkeit'),
	('BY_DLM_Fahrbahnachse', 'zustand', '0..1', 'BY_DLM_ATT_Zustand'),
	('BY_DLM_Fahrwegachse', 'arbeitsmappenId', '0..1', 'CharacterString'),
	('BY_DLM_Fahrwegachse', 'arbeitsmappenIds', '0..1', 'CharacterString'),
	('BY_DLM_Fahrwegachse', 'befahrbarkeit', '0..1', 'BY_DLM_ATT_Befahrbarkeit'),
	('BY_DLM_Fahrwegachse', 'befestigung', '0..1', 'BY_DLM_ATT_Befestigung'),
	('BY_DLM_Fahrwegachse', 'fahrtrichtung', '0..1', 'BY_DLM_ATT_Fahrtrichtung'),
	('BY_DLM_Fahrwegachse', 'funktion', '0..1', 'BY_DLM_ATT_Funktion'),
	('BY_DLM_Fahrwegachse', 'kartensignrAusnahme', '0..1', 'CharacterString'),
	('BY_DLM_Fahrwegachse', 'lageZurErdoberflaeche', '0..1', 'BY_DLM_ATT_LageZurErdoberflaeche'),
	('BY_DLM_Fahrwegachse', 'lagegenauigkeit', '0..1', 'BY_DLM_ATT_Lagegenauigkeit'),
	('BY_DLM_Fahrwegachse', 'oberflaechenmaterial', '0..1', 'BY_DLM_ATT_Oberflaechenmaterial'),
	('BY_DLM_Fahrwegachse', 'sichtbarkeitInKarto', '0..1', 'BY_DLM_ATT_SichtbarkeitInKarto'),
	('BY_DLM_FelsenFelsblockFelsnadel', 'arbeitsmappenId', '0..1', 'CharacterString'),
	('BY_DLM_FelsenFelsblockFelsnadel', 'arbeitsmappenIds', '0..1', 'CharacterString'),
	('BY_DLM_FelsenFelsblockFelsnadel', 'lagegenauigkeit', '0..1', 'BY_DLM_ATT_Lagegenauigkeit'),
	('BY_DLM_FlaecheBesondererFunktionalerPraegung', 'arbeitsmappenId', '0..1', 'CharacterString'),
	('BY_DLM_FlaecheBesondererFunktionalerPraegung', 'arbeitsmappenIds', '0..1', 'CharacterString'),
	('BY_DLM_FlaecheBesondererFunktionalerPraegung', 'artDerBebauung', '0..1', 'BY_DLM_ATT_ArtDerBebauung'),
	('BY_DLM_FlaecheBesondererFunktionalerPraegung', 'funktion', '0..1', 'BY_DLM_ATT_Funktion'),
	('BY_DLM_FlaecheBesondererFunktionalerPraegung', 'istWeitereNutzung', '0..1', 'BY_DLM_ATT_IstWeitereNutzung'),
	('BY_DLM_FlaecheBesondererFunktionalerPraegung', 'lagegenauigkeit', '0..1', 'BY_DLM_ATT_Lagegenauigkeit'),
	('BY_DLM_FlaecheBesondererFunktionalerPraegung', 'zustand', '0..1', 'BY_DLM_ATT_Zustand'),
	('BY_DLM_FlaecheGemischterNutzung', 'arbeitsmappenId', '0..1', 'CharacterString'),
	('BY_DLM_FlaecheGemischterNutzung', 'arbeitsmappenIds', '0..1', 'CharacterString'),
	('BY_DLM_FlaecheGemischterNutzung', 'artDerBebauung', '0..1', 'BY_DLM_ATT_ArtDerBebauung'),
	('BY_DLM_FlaecheGemischterNutzung', 'funktion', '0..1', 'BY_DLM_ATT_Funktion'),
	('BY_DLM_FlaecheGemischterNutzung', 'istWeitereNutzung', '0..1', 'BY_DLM_ATT_IstWeitereNutzung'),
	('BY_DLM_FlaecheGemischterNutzung', 'lagegenauigkeit', '0..1', 'BY_DLM_ATT_Lagegenauigkeit'),
	('BY_DLM_Fliessgewaesser', 'arbeitsmappenId', '0..1', 'CharacterString'),
	('BY_DLM_Fliessgewaesser', 'arbeitsmappenIds', '0..1', 'CharacterString'),
	('BY_DLM_Fliessgewaesser', 'funktion', '0..1', 'BY_DLM_ATT_Funktion'),
	('BY_DLM_Fliessgewaesser', 'gewaesserRandstreifen', '0..1', 'BY_DLM_ATT_GewaesserRandstreifen'),
	('BY_DLM_Fliessgewaesser', 'hydrologischesMerkmal', '0..1', 'BY_DLM_ATT_HydrologischesMerkmal'),
	('BY_DLM_Fliessgewaesser', 'istTeilVon', '0..1', 'CharacterString'),
	('BY_DLM_Fliessgewaesser', 'lageZurErdoberflaeche', '0..1', 'BY_DLM_ATT_LageZurErdoberflaeche'),
	('BY_DLM_Fliessgewaesser', 'lagegenauigkeit', '0..1', 'BY_DLM_ATT_Lagegenauigkeit'),
	('BY_DLM_Fliessgewaesser', 'zustand', '0..1', 'BY_DLM_ATT_Zustand'),
	('BY_DLM_Flugverkehr', 'arbeitsmappenId', '0..1', 'CharacterString'),
	('BY_DLM_Flugverkehr', 'arbeitsmappenIds', '0..1', 'CharacterString'),
	('BY_DLM_Flugverkehr', 'art', '0..1', 'BY_DLM_ATT_Art'),
	('BY_DLM_Flugverkehr', 'funktion', '0..1', 'BY_DLM_ATT_Funktion'),
	('BY_DLM_Flugverkehr', 'istWeitereNutzung', '0..1', 'BY_DLM_ATT_IstWeitereNutzung'),
	('BY_DLM_Flugverkehr', 'lageZurErdoberflaeche', '0..1', 'BY_DLM_ATT_LageZurErdoberflaeche'),
	('BY_DLM_Flugverkehr', 'lagegenauigkeit', '0..1', 'BY_DLM_ATT_Lagegenauigkeit'),
	('BY_DLM_Flugverkehr', 'nutzung', '0..1', 'BY_DLM_ATT_Nutzung'),
	('BY_DLM_Flugverkehr', 'zustand', '0..1', 'BY_DLM_ATT_Zustand'),
	('BY_DLM_Flugverkehrsanlage', 'arbeitsmappenId', '0..1', 'CharacterString'),
	('BY_DLM_Flugverkehrsanlage', 'arbeitsmappenIds', '0..1', 'CharacterString'),
	('BY_DLM_Flugverkehrsanlage', 'art', '0..1', 'BY_DLM_ATT_Art'),
	('BY_DLM_Flugverkehrsanlage', 'lageZurErdoberflaeche', '0..1', 'BY_DLM_ATT_LageZurErdoberflaeche'),
	('BY_DLM_Flugverkehrsanlage', 'lagegenauigkeit', '0..1', 'BY_DLM_ATT_Lagegenauigkeit'),
	('BY_DLM_Flugverkehrsanlage', 'oberflaechenmaterial', '0..1', 'BY_DLM_ATT_Oberflaechenmaterial'),
	('BY_DLM_Freizeitpunkt', 'arbeitsmappenId', '0..1', 'CharacterString'),
	('BY_DLM_Freizeitpunkt', 'arbeitsmappenIds', '0..1', 'CharacterString'),
	('BY_DLM_Freizeitpunkt', 'art', '0..1', 'BY_DLM_ATT_Art'),
	('BY_DLM_Freizeitpunkt', 'lagegenauigkeit', '0..1', 'BY_DLM_ATT_Lagegenauigkeit'),
	('BY_DLM_Freizeitpunkt', 'name', '0..1', 'CharacterString'),
	('BY_DLM_Freizeitwegachse', 'arbeitsmappenId', '0..1', 'CharacterString'),
	('BY_DLM_Freizeitwegachse', 'arbeitsmappenIds', '0..1', 'CharacterString'),
	('BY_DLM_Freizeitwegachse', 'fzwKartendarstellung', '0..1', 'BY_DLM_ATT_FzwKartendarstellung'),
	('BY_DLM_Freizeitwegachse', 'fzwLage', '0..1', 'BY_DLM_ATT_FzwLage'),
	('BY_DLM_Freizeitwegachse', 'fzwOberflmaterial', '0..1', 'BY_DLM_ATT_FzwOberflmaterial'),
	('BY_DLM_Freizeitwegachse', 'fzwRoute', '0..1', 'CharacterString'),
	('BY_DLM_Freizeitwegachse', 'fzwVerkaufkommen', '0..1', 'BY_DLM_ATT_FzwVerkaufkommen'),
	('BY_DLM_Freizeitwegachse', 'lageZurErdoberflaeche', '0..1', 'BY_DLM_ATT_LageZurErdoberflaeche'),
	('BY_DLM_Freizeitwegachse', 'zeigtAufExternes', '0..1', 'CharacterString'),
	('BY_DLM_Freizeitwegpunkt', 'arbeitsmappenId', '0..1', 'CharacterString'),
	('BY_DLM_Freizeitwegpunkt', 'arbeitsmappenIds', '0..1', 'CharacterString'),
	('BY_DLM_Freizeitwegpunkt', 'fzwOrtsbeschreibung', '0..1', 'CharacterString'),
	('BY_DLM_Freizeitwegpunkt', 'fzwPunktTyp', '0..1', 'CharacterString'),
	('BY_DLM_Freizeitwegpunkt', 'zeigtAufExternes', '0..1', 'CharacterString'),
	('BY_DLM_Friedhof', 'arbeitsmappenId', '0..1', 'CharacterString'),
	('BY_DLM_Friedhof', 'arbeitsmappenIds', '0..1', 'CharacterString'),
	('BY_DLM_Friedhof', 'art', '0..1', 'BY_DLM_ATT_Art'),
	('BY_DLM_Friedhof', 'funktion', '0..1', 'BY_DLM_ATT_Funktion'),
	('BY_DLM_Friedhof', 'istWeitereNutzung', '0..1', 'BY_DLM_ATT_IstWeitereNutzung'),
	('BY_DLM_Friedhof', 'lagegenauigkeit', '0..1', 'BY_DLM_ATT_Lagegenauigkeit'),
	('BY_DLM_Gebiet', 'arbeitsmappenId', '0..1', 'CharacterString'),
	('BY_DLM_Gebiet', 'arbeitsmappenIds', '0..1', 'CharacterString'),
	('BY_DLM_Gebiet_Bundesland', 'arbeitsmappenId', '0..1', 'CharacterString'),
	('BY_DLM_Gebiet_Bundesland', 'arbeitsmappenIds', '0..1', 'CharacterString'),
	('BY_DLM_Gebiet_Kreis', 'arbeitsmappenId', '0..1', 'CharacterString'),
	('BY_DLM_Gebiet_Kreis', 'arbeitsmappenIds', '0..1', 'CharacterString'),
	('BY_DLM_Gebiet_Regierungsbezirk', 'arbeitsmappenId', '0..1', 'CharacterString'),
	('BY_DLM_Gebiet_Regierungsbezirk', 'arbeitsmappenIds', '0..1', 'CharacterString'),
	('BY_DLM_Gebiet_Verwaltungsgemeinschaft', 'arbeitsmappenId', '0..1', 'CharacterString'),
	('BY_DLM_Gebiet_Verwaltungsgemeinschaft', 'arbeitsmappenIds', '0..1', 'CharacterString'),
	('BY_DLM_Gebietsgrenze', 'arbeitsmappenId', '0..1', 'CharacterString'),
	('BY_DLM_Gebietsgrenze', 'arbeitsmappenIds', '0..1', 'CharacterString'),
	('BY_DLM_Gebietsgrenze', 'artDerGebietsgrenze', '0..1', 'BY_DLM_ATT_ArtDerGebietsgrenze'),
	('BY_DLM_Gehoelz', 'arbeitsmappenId', '0..1', 'CharacterString'),
	('BY_DLM_Gehoelz', 'arbeitsmappenIds', '0..1', 'CharacterString'),
	('BY_DLM_Gehoelz', 'lagegenauigkeit', '0..1', 'BY_DLM_ATT_Lagegenauigkeit'),
	('BY_DLM_Gehoelz', 'vegetationsmerkmal', '0..1', 'BY_DLM_ATT_Vegetationsmerkmal'),
	('BY_DLM_Gemeinde', 'administrativeFunktion', '0..1', 'CharacterString'),
	('BY_DLM_Gemeinde', 'arbeitsmappenId', '0..1', 'CharacterString'),
	('BY_DLM_Gemeinde', 'arbeitsmappenIds', '0..1', 'CharacterString'),
	('BY_DLM_Gewaesserachse', 'arbeitsmappenId', '0..1', 'CharacterString'),
	('BY_DLM_Gewaesserachse', 'arbeitsmappenIds', '0..1', 'CharacterString'),
	('BY_DLM_Gewaesserachse', 'fliessrichtung', '0..1', 'BY_DLM_ATT_Fliessrichtung'),
	('BY_DLM_Gewaesserachse', 'funktion', '0..1', 'BY_DLM_ATT_Funktion'),
	('BY_DLM_Gewaesserachse', 'gewaesserRandstreifen', '0..1', 'BY_DLM_ATT_GewaesserRandstreifen'),
	('BY_DLM_Gewaesserachse', 'hydrologischesMerkmal', '0..1', 'BY_DLM_ATT_HydrologischesMerkmal'),
	('BY_DLM_Gewaesserachse', 'istTeilVon', '0..1', 'CharacterString'),
	('BY_DLM_Gewaesserachse', 'lageZurErdoberflaeche', '0..1', 'BY_DLM_ATT_LageZurErdoberflaeche'),
	('BY_DLM_Gewaesserachse', 'lagegenauigkeit', '0..1', 'BY_DLM_ATT_Lagegenauigkeit'),
	('BY_DLM_Gewaesserachse', 'sichtbarTrotzVerrohrung', '0..1', 'BY_DLM_ATT_SichtbarTrotzVerrohrung'),
	('BY_DLM_Gewaesserachse', 'zustand', '0..1', 'BY_DLM_ATT_Zustand'),
	('BY_DLM_Gewaessermerkmal', 'arbeitsmappenId', '0..1', 'CharacterString'),
	('BY_DLM_Gewaessermerkmal', 'arbeitsmappenIds', '0..1', 'CharacterString'),
	('BY_DLM_Gewaessermerkmal', 'art', '0..1', 'BY_DLM_ATT_Art'),
	('BY_DLM_Gewaessermerkmal', 'hydrologischesMerkmal', '0..1', 'BY_DLM_ATT_HydrologischesMerkmal'),
	('BY_DLM_Gewaessermerkmal', 'lagegenauigkeit', '0..1', 'BY_DLM_ATT_Lagegenauigkeit'),
	('BY_DLM_Gewaessermerkmal', 'sichtbarkeitInKarto', '0..1', 'BY_DLM_ATT_SichtbarkeitInKarto'),
	('BY_DLM_Gewaesserstationierungsachse', 'arbeitsmappenId', '0..1', 'CharacterString'),
	('BY_DLM_Gewaesserstationierungsachse', 'arbeitsmappenIds', '0..1', 'CharacterString'),
	('BY_DLM_Gewaesserstationierungsachse', 'artDerGewaesserstationierungsachse', '0..1', 'BY_DLM_ATT_ArtDerGewaesserstationierungsachse'),
	('BY_DLM_Gewaesserstationierungsachse', 'fliessrichtung', '0..1', 'BY_DLM_ATT_Fliessrichtung'),
	('BY_DLM_Gewaesserstationierungsachse', 'funktion', '0..1', 'BY_DLM_ATT_Funktion'),
	('BY_DLM_Gewaesserstationierungsachse', 'lageZurErdoberflaeche', '0..1', 'BY_DLM_ATT_LageZurErdoberflaeche'),
	('BY_DLM_Gewaesserstationierungsachse', 'pruefungGewKennzahl', '0..1', 'BY_DLM_ATT_PruefungGewKennzahl'),
	('BY_DLM_Gewaesserstationierungsachse', 'technischeBezeichnung', '0..1', 'CharacterString'),
	('BY_DLM_Gewaesserstationierungsachse', 'widmung', '0..1', 'BY_DLM_ATT_Widmung'),
	('BY_DLM_Gleis', 'arbeitsmappenId', '0..1', 'CharacterString'),
	('BY_DLM_Gleis', 'arbeitsmappenIds', '0..1', 'CharacterString'),
	('BY_DLM_Gleis', 'lageZurErdoberflaeche', '0..1', 'BY_DLM_ATT_LageZurErdoberflaeche'),
	('BY_DLM_Gleis', 'lagegenauigkeit', '0..1', 'BY_DLM_ATT_Lagegenauigkeit'),
	('BY_DLM_Gleis', 'zustand', '0..1', 'BY_DLM_ATT_Zustand'),
	('BY_DLM_Grenzuebergang', 'arbeitsmappenId', '0..1', 'CharacterString'),
	('BY_DLM_Grenzuebergang', 'arbeitsmappenIds', '0..1', 'CharacterString'),
	('BY_DLM_Grenzuebergang', 'lagegenauigkeit', '0..1', 'BY_DLM_ATT_Lagegenauigkeit'),
	('BY_DLM_Hafen', 'arbeitsmappenId', '0..1', 'CharacterString'),
	('BY_DLM_Hafen', 'arbeitsmappenIds', '0..1', 'CharacterString'),
	('BY_DLM_Hafen', 'hafenkategorie', '0..1', 'BY_DLM_ATT_Hafenkategorie'),
	('BY_DLM_Hafenbecken', 'arbeitsmappenId', '0..1', 'CharacterString'),
	('BY_DLM_Hafenbecken', 'arbeitsmappenIds', '0..1', 'CharacterString'),
	('BY_DLM_Hafenbecken', 'lagegenauigkeit', '0..1', 'BY_DLM_ATT_Lagegenauigkeit'),
	('BY_DLM_Halde', 'arbeitsmappenId', '0..1', 'CharacterString'),
	('BY_DLM_Halde', 'arbeitsmappenIds', '0..1', 'CharacterString'),
	('BY_DLM_Halde', 'istWeitereNutzung', '0..1', 'BY_DLM_ATT_IstWeitereNutzung'),
	('BY_DLM_Halde', 'lagegenauigkeit', '0..1', 'BY_DLM_ATT_Lagegenauigkeit'),
	('BY_DLM_Heide', 'arbeitsmappenId', '0..1', 'CharacterString'),
	('BY_DLM_Heide', 'arbeitsmappenIds', '0..1', 'CharacterString'),
	('BY_DLM_Heide', 'lagegenauigkeit', '0..1', 'BY_DLM_ATT_Lagegenauigkeit'),
	('BY_DLM_HistorischesBauwerkOderHistorischeEinrichtung', 'arbeitsmappenId', '0..1', 'CharacterString'),
	('BY_DLM_HistorischesBauwerkOderHistorischeEinrichtung', 'arbeitsmappenIds', '0..1', 'CharacterString'),
	('BY_DLM_HistorischesBauwerkOderHistorischeEinrichtung', 'archaeologischerTyp', '0..1', 'BY_DLM_ATT_ArchaeologischerTyp'),
	('BY_DLM_HistorischesBauwerkOderHistorischeEinrichtung', 'lagegenauigkeit', '0..1', 'BY_DLM_ATT_Lagegenauigkeit'),
	('BY_DLM_HistorischesBauwerkOderHistorischeEinrichtung', 'sichtbarkeitInKarto', '0..1', 'BY_DLM_ATT_SichtbarkeitInKarto'),
	('BY_DLM_Hoehleneingang', 'arbeitsmappenId', '0..1', 'CharacterString'),
	('BY_DLM_Hoehleneingang', 'arbeitsmappenIds', '0..1', 'CharacterString'),
	('BY_DLM_Hoehleneingang', 'lagegenauigkeit', '0..1', 'BY_DLM_ATT_Lagegenauigkeit'),
	('BY_DLM_IndustrieUndGewerbe', 'arbeitsmappenId', '0..1', 'CharacterString'),
	('BY_DLM_IndustrieUndGewerbe', 'arbeitsmappenIds', '0..1', 'CharacterString'),
	('BY_DLM_IndustrieUndGewerbe', 'art', '0..1', 'BY_DLM_ATT_Art'),
	('BY_DLM_IndustrieUndGewerbe', 'lagegenauigkeit', '0..1', 'BY_DLM_ATT_Lagegenauigkeit'),
	('BY_DLM_IndustrieUndGewerbe', 'name', '0..1', 'CharacterString'),
	('BY_DLM_IndustrieUndGewerbeflaeche', 'arbeitsmappenId', '0..1', 'CharacterString'),
	('BY_DLM_IndustrieUndGewerbeflaeche', 'arbeitsmappenIds', '0..1', 'CharacterString'),
	('BY_DLM_IndustrieUndGewerbeflaeche', 'foerdergut', '0..1', 'BY_DLM_ATT_Foerdergut'),
	('BY_DLM_IndustrieUndGewerbeflaeche', 'funktion', '0..1', 'BY_DLM_ATT_Funktion'),
	('BY_DLM_IndustrieUndGewerbeflaeche', 'istWeitereNutzung', '0..1', 'BY_DLM_ATT_IstWeitereNutzung'),
	('BY_DLM_IndustrieUndGewerbeflaeche', 'lagegenauigkeit', '0..1', 'BY_DLM_ATT_Lagegenauigkeit'),
	('BY_DLM_IndustrieUndGewerbeflaeche', 'primaerenergie', '0..1', 'BY_DLM_ATT_Primaerenergie'),
	('BY_DLM_IndustrieUndGewerbeflaeche', 'zustand', '0..1', 'BY_DLM_ATT_Zustand'),
	('BY_DLM_Insel', 'arbeitsmappenId', '0..1', 'CharacterString'),
	('BY_DLM_Insel', 'arbeitsmappenIds', '0..1', 'CharacterString'),
	('BY_DLM_Kanal', 'arbeitsmappenId', '0..1', 'CharacterString'),
	('BY_DLM_Kanal', 'arbeitsmappenIds', '0..1', 'CharacterString'),
	('BY_DLM_Kanal', 'geometrietyp', '0..1', 'CharacterString'),
	('BY_DLM_Kanal', 'pruefungGewKennzahl', '0..1', 'CharacterString'),
	('BY_DLM_Kanal', 'schifffahrtskategorie', '0..1', 'CharacterString'),
	('BY_DLM_Kanal', 'technischeBezeichnung', '0..1', 'CharacterString'),
	('BY_DLM_Kanal', 'widmung', '0..1', 'CharacterString'),
	('BY_DLM_Kartenrahmen', 'arbeitsmappenId', '0..1', 'CharacterString'),
	('BY_DLM_Kartenrahmen', 'arbeitsmappenIds', '0..1', 'CharacterString'),
	('BY_DLM_Kartenrahmen', 'blattnummer', '0..1', 'CharacterString'),
	('BY_DLM_Kartenrahmen', 'randZu', '0..1', 'CharacterString'),
	('BY_DLM_KommunalesGebiet', 'arbeitsmappenId', '0..1', 'CharacterString'),
	('BY_DLM_KommunalesGebiet', 'arbeitsmappenIds', '0..1', 'CharacterString'),
	('BY_DLM_KreisRegion', 'administrativeFunktion', '0..1', 'CharacterString'),
	('BY_DLM_KreisRegion', 'arbeitsmappenId', '0..1', 'CharacterString'),
	('BY_DLM_KreisRegion', 'arbeitsmappenIds', '0..1', 'CharacterString'),
	('BY_DLM_Landwirtschaft', 'arbeitsmappenId', '0..1', 'CharacterString'),
	('BY_DLM_Landwirtschaft', 'arbeitsmappenIds', '0..1', 'CharacterString'),
	('BY_DLM_Landwirtschaft', 'lagegenauigkeit', '0..1', 'BY_DLM_ATT_Lagegenauigkeit'),
	('BY_DLM_Landwirtschaft', 'vegetationsmerkmal', '0..1', 'BY_DLM_ATT_Vegetationsmerkmal'),
	('BY_DLM_Leitung', 'arbeitsmappenId', '0..1', 'CharacterString'),
	('BY_DLM_Leitung', 'arbeitsmappenIds', '0..1', 'CharacterString'),
	('BY_DLM_Leitung', 'bauwerksfunktion', '0..1', 'BY_DLM_ATT_Bauwerksfunktion'),
	('BY_DLM_Leitung', 'lagegenauigkeit', '0..1', 'BY_DLM_ATT_Lagegenauigkeit'),
	('BY_DLM_Meer', 'arbeitsmappenId', '0..1', 'CharacterString'),
	('BY_DLM_Meer', 'arbeitsmappenIds', '0..1', 'CharacterString'),
	('BY_DLM_Moor', 'arbeitsmappenId', '0..1', 'CharacterString'),
	('BY_DLM_Moor', 'arbeitsmappenIds', '0..1', 'CharacterString'),
	('BY_DLM_Moor', 'lagegenauigkeit', '0..1', 'BY_DLM_ATT_Lagegenauigkeit'),
	('BY_DLM_NaturUmweltOderBodenschutzrecht', 'arbeitsmappenId', '0..1', 'CharacterString'),
	('BY_DLM_NaturUmweltOderBodenschutzrecht', 'arbeitsmappenIds', '0..1', 'CharacterString'),
	('BY_DLM_NaturUmweltOderBodenschutzrecht', 'artDerFestlegung', '0..1', 'BY_DLM_ATT_ArtDerFestlegung'),
	('BY_DLM_Ortslage', 'arbeitsmappenId', '0..1', 'CharacterString'),
	('BY_DLM_Ortslage', 'arbeitsmappenIds', '0..1', 'CharacterString'),
	('BY_DLM_Platz', 'arbeitsmappenId', '0..1', 'CharacterString'),
	('BY_DLM_Platz', 'arbeitsmappenIds', '0..1', 'CharacterString'),
	('BY_DLM_Platz', 'funktion', '0..1', 'BY_DLM_ATT_Funktion'),
	('BY_DLM_Platz', 'istWeitereNutzung', '0..1', 'BY_DLM_ATT_IstWeitereNutzung'),
	('BY_DLM_Platz', 'lageZurErdoberflaeche', '0..1', 'BY_DLM_ATT_LageZurErdoberflaeche'),
	('BY_DLM_Platz', 'lagegenauigkeit', '0..1', 'BY_DLM_ATT_Lagegenauigkeit'),
	('BY_DLM_Platz', 'strassenkonturAmPlatz', '0..1', 'BY_DLM_ATT_StrassenkonturAmPlatz'),
	('BY_DLM_Polder', 'arbeitsmappenId', '0..1', 'CharacterString'),
	('BY_DLM_Polder', 'arbeitsmappenIds', '0..1', 'CharacterString'),
	('BY_DLM_PtBesFunkPraegung', 'arbeitsmappenId', '0..1', 'CharacterString'),
	('BY_DLM_PtBesFunkPraegung', 'arbeitsmappenIds', '0..1', 'CharacterString'),
	('BY_DLM_PtBesFunkPraegung', 'bauwerksfunktion', '0..1', 'BY_DLM_ATT_Bauwerksfunktion'),
	('BY_DLM_PtBesFunkPraegung', 'lagegenauigkeit', '0..1', 'BY_DLM_ATT_Lagegenauigkeit'),
	('BY_DLM_PtBesFunkPraegung', 'name', '0..1', 'CharacterString'),
	('BY_DLM_Regierungsbezirk', 'administrativeFunktion', '0..1', 'CharacterString'),
	('BY_DLM_Regierungsbezirk', 'arbeitsmappenId', '0..1', 'CharacterString'),
	('BY_DLM_Regierungsbezirk', 'arbeitsmappenIds', '0..1', 'CharacterString'),
	('BY_DLM_SchifffahrtslinieFaehrverkehr', 'arbeitsmappenId', '0..1', 'CharacterString'),
	('BY_DLM_SchifffahrtslinieFaehrverkehr', 'arbeitsmappenIds', '0..1', 'CharacterString'),
	('BY_DLM_SchifffahrtslinieFaehrverkehr', 'art', '0..1', 'BY_DLM_ATT_Art'),
	('BY_DLM_Schiffsverkehr', 'arbeitsmappenId', '0..1', 'CharacterString'),
	('BY_DLM_Schiffsverkehr', 'arbeitsmappenIds', '0..1', 'CharacterString'),
	('BY_DLM_Schiffsverkehr', 'funktion', '0..1', 'BY_DLM_ATT_Funktion'),
	('BY_DLM_Schiffsverkehr', 'istWeitereNutzung', '0..1', 'BY_DLM_ATT_IstWeitereNutzung'),
	('BY_DLM_Schiffsverkehr', 'lagegenauigkeit', '0..1', 'BY_DLM_ATT_Lagegenauigkeit'),
	('BY_DLM_Schiffsverkehr', 'zustand', '0..1', 'BY_DLM_ATT_Zustand'),
	('BY_DLM_Schleuse', 'arbeitsmappenId', '0..1', 'CharacterString'),
	('BY_DLM_Schleuse', 'arbeitsmappenIds', '0..1', 'CharacterString'),
	('BY_DLM_Schleuse', 'konstruktionsmerkmalBauart', '0..1', 'BY_DLM_ATT_KonstruktionsmerkmalBauart'),
	('BY_DLM_Schleuse', 'zustand', '0..1', 'BY_DLM_ATT_Zustand'),
	('BY_DLM_SchutzgebietNachNaturUmweltOderBodenschutzrecht', 'arbeitsmappenId', '0..1', 'CharacterString'),
	('BY_DLM_SchutzgebietNachNaturUmweltOderBodenschutzrecht', 'arbeitsmappenIds', '0..1', 'CharacterString'),
	('BY_DLM_SchutzgebietNachNaturUmweltOderBodenschutzrecht', 'artDerFestlegung', '0..1', 'CharacterString'),
	('BY_DLM_Schutzzone', 'arbeitsmappenId', '0..1', 'CharacterString'),
	('BY_DLM_Schutzzone', 'arbeitsmappenIds', '0..1', 'CharacterString'),
	('BY_DLM_Schutzzone', 'istTeilVon', '0..1', 'CharacterString'),
	('BY_DLM_Schutzzone', 'zone', '0..1', 'BY_DLM_ATT_Zone'),
	('BY_DLM_SeilbahnSchwebebahn', 'arbeitsmappenId', '0..1', 'CharacterString'),
	('BY_DLM_SeilbahnSchwebebahn', 'arbeitsmappenIds', '0..1', 'CharacterString'),
	('BY_DLM_SeilbahnSchwebebahn', 'bahnkategorie', '0..1', 'BY_DLM_ATT_Bahnkategorie'),
	('BY_DLM_SeilbahnSchwebebahn', 'lagegenauigkeit', '0..1', 'BY_DLM_ATT_Lagegenauigkeit'),
	('BY_DLM_Sickerstrecke', 'arbeitsmappenId', '0..1', 'CharacterString'),
	('BY_DLM_Sickerstrecke', 'arbeitsmappenIds', '0..1', 'CharacterString'),
	('BY_DLM_Sickerstrecke', 'fliessrichtung', '0..1', 'BY_DLM_ATT_Fliessrichtung'),
	('BY_DLM_Sickerstrecke', 'gewaesserRandstreifen', '0..1', 'BY_DLM_ATT_GewaesserRandstreifen'),
	('BY_DLM_Sickerstrecke', 'hydrologischesMerkmal', '0..1', 'BY_DLM_ATT_HydrologischesMerkmal'),
	('BY_DLM_Sickerstrecke', 'lageZurErdoberflaeche', '0..1', 'BY_DLM_ATT_LageZurErdoberflaeche'),
	('BY_DLM_Sickerstrecke', 'lagegenauigkeit', '0..1', 'BY_DLM_ATT_Lagegenauigkeit'),
	('BY_DLM_Sickerstrecke', 'pruefungGewKennzahl', '0..1', 'BY_DLM_ATT_PruefungGewKennzahl'),
	('BY_DLM_Sickerstrecke', 'technischeBezeichnung', '0..1', 'CharacterString'),
	('BY_DLM_Sickerstrecke', 'widmung', '0..1', 'BY_DLM_ATT_Widmung'),
	('BY_DLM_SonstBauwerkVerkehr', 'arbeitsmappenId', '0..1', 'CharacterString'),
	('BY_DLM_SonstBauwerkVerkehr', 'arbeitsmappenIds', '0..1', 'CharacterString'),
	('BY_DLM_SonstBauwerkVerkehr', 'bauwerksfunktion', '0..1', 'BY_DLM_ATT_Bauwerksfunktion'),
	('BY_DLM_SonstBauwerkVerkehr', 'lagegenauigkeit', '0..1', 'BY_DLM_ATT_Lagegenauigkeit'),
	('BY_DLM_SonstigesBauwerkOderSonstigeEinrichtung', 'DatumDerLetztenUeberpruefung', '0..1', 'CharacterString'),
	('BY_DLM_SonstigesBauwerkOderSonstigeEinrichtung', 'ErgebnisDerUeberpruefung_TatsaechlicheNutzung', '0..1', 'BY_DLM_ATT_ErgebnisDerUeberpruefung_TatsaechlicheNutzung'),
	('BY_DLM_SonstigesBauwerkOderSonstigeEinrichtung', 'arbeitsmappenId', '0..1', 'CharacterString'),
	('BY_DLM_SonstigesBauwerkOderSonstigeEinrichtung', 'arbeitsmappenIds', '0..1', 'CharacterString'),
	('BY_DLM_SonstigesBauwerkOderSonstigeEinrichtung', 'bauwerksfunktion', '0..1', 'BY_DLM_ATT_Bauwerksfunktion'),
	('BY_DLM_SonstigesBauwerkOderSonstigeEinrichtung', 'funktion', '0..1', 'BY_DLM_ATT_Funktion'),
	('BY_DLM_SonstigesBauwerkOderSonstigeEinrichtung', 'lageZurErdoberflaeche', '0..1', 'BY_DLM_ATT_LageZurErdoberflaeche'),
	('BY_DLM_SonstigesBauwerkOderSonstigeEinrichtung', 'lagegenauigkeit', '0..1', 'BY_DLM_ATT_Lagegenauigkeit'),
	('BY_DLM_SonstigesBauwerkOderSonstigeEinrichtung', 'sichtbarkeitInKarto', '0..1', 'BY_DLM_ATT_SichtbarkeitInKarto'),
	('BY_DLM_SonstigesRecht', 'arbeitsmappenId', '0..1', 'CharacterString'),
	('BY_DLM_SonstigesRecht', 'arbeitsmappenIds', '0..1', 'CharacterString'),
	('BY_DLM_SonstigesRecht', 'artDerFestlegung', '0..1', 'BY_DLM_ATT_ArtDerFestlegung'),
	('BY_DLM_SonstigesRecht', 'bezeichnung', '0..1', 'CharacterString'),
	('BY_DLM_SportFreizeitUndErholungsflaeche', 'arbeitsmappenId', '0..1', 'CharacterString'),
	('BY_DLM_SportFreizeitUndErholungsflaeche', 'arbeitsmappenIds', '0..1', 'CharacterString'),
	('BY_DLM_SportFreizeitUndErholungsflaeche', 'funktion', '0..1', 'BY_DLM_ATT_Funktion'),
	('BY_DLM_SportFreizeitUndErholungsflaeche', 'istWeitereNutzung', '0..1', 'BY_DLM_ATT_IstWeitereNutzung'),
	('BY_DLM_SportFreizeitUndErholungsflaeche', 'lagegenauigkeit', '0..1', 'BY_DLM_ATT_Lagegenauigkeit'),
	('BY_DLM_SportFreizeitUndErholungsflaeche', 'zustand', '0..1', 'BY_DLM_ATT_Zustand'),
	('BY_DLM_StehendesGewaesser', 'arbeitsmappenId', '0..1', 'CharacterString'),
	('BY_DLM_StehendesGewaesser', 'arbeitsmappenIds', '0..1', 'CharacterString'),
	('BY_DLM_StehendesGewaesser', 'funktion', '0..1', 'BY_DLM_ATT_Funktion'),
	('BY_DLM_StehendesGewaesser', 'gewaesserRandstreifen', '0..1', 'BY_DLM_ATT_GewaesserRandstreifen'),
	('BY_DLM_StehendesGewaesser', 'hydrologischesMerkmal', '0..1', 'BY_DLM_ATT_HydrologischesMerkmal'),
	('BY_DLM_StehendesGewaesser', 'lagegenauigkeit', '0..1', 'BY_DLM_ATT_Lagegenauigkeit'),
	('BY_DLM_StehendesGewaesser', 'widmung', '0..1', 'BY_DLM_ATT_Widmung'),
	('BY_DLM_Strasse', 'arbeitsmappenId', '0..1', 'CharacterString'),
	('BY_DLM_Strasse', 'arbeitsmappenIds', '0..1', 'CharacterString'),
	('BY_DLM_Strasse', 'fahrbahntrennung', '0..1', 'CharacterString'),
	('BY_DLM_Strasse', 'internationaleBedeutung', '0..1', 'CharacterString'),
	('BY_DLM_Strasse', 'widmung', '0..1', 'CharacterString'),
	('BY_DLM_Strassenachse', 'arbeitsmappenId', '0..1', 'CharacterString'),
	('BY_DLM_Strassenachse', 'arbeitsmappenIds', '0..1', 'CharacterString'),
	('BY_DLM_Strassenachse', 'besondereFahrstreifen', '0..1', 'BY_DLM_ATT_BesondereFahrstreifen'),
	('BY_DLM_Strassenachse', 'besondereVerkehrsbedeutung', '0..1', 'BY_DLM_ATT_BesondereVerkehrsbedeutung'),
	('BY_DLM_Strassenachse', 'fahrtrichtung', '0..1', 'BY_DLM_ATT_Fahrtrichtung'),
	('BY_DLM_Strassenachse', 'funktion', '0..1', 'BY_DLM_ATT_Funktion'),
	('BY_DLM_Strassenachse', 'istTeilVon', '0..1', 'CharacterString'),
	('BY_DLM_Strassenachse', 'kartensignrAusnahme', '0..1', 'BY_DLM_ATT_KartensignrAusnahme'),
	('BY_DLM_Strassenachse', 'kraftfahrstrasse', '0..1', 'BY_DLM_ATT_Kraftfahrstrasse'),
	('BY_DLM_Strassenachse', 'lageZurErdoberflaeche', '0..1', 'BY_DLM_ATT_LageZurErdoberflaeche'),
	('BY_DLM_Strassenachse', 'lagegenauigkeit', '0..1', 'BY_DLM_ATT_Lagegenauigkeit'),
	('BY_DLM_Strassenachse', 'oberflaechenmaterial', '0..1', 'BY_DLM_ATT_Oberflaechenmaterial'),
	('BY_DLM_Strassenachse', 'oeffentlichBefahrbar', '0..1', 'BY_DLM_ATT_OeffentlichBefahrbar'),
	('BY_DLM_Strassenachse', 'sichtbarkeitInKarto', '0..1', 'BY_DLM_ATT_SichtbarkeitInKarto'),
	('BY_DLM_Strassenachse', 'strassentyp', '0..1', 'BY_DLM_ATT_Strassentyp'),
	('BY_DLM_Strassenachse', 'zustand', '0..1', 'BY_DLM_ATT_Zustand'),
	('BY_DLM_Strassennetzverbindung', 'arbeitsmappenId', '0..1', 'CharacterString'),
	('BY_DLM_Strassennetzverbindung', 'arbeitsmappenIds', '0..1', 'CharacterString'),
	('BY_DLM_Strassennetzverbindung', 'name', '0..1', 'CharacterString'),
	('BY_DLM_Strassennetzverbindung', 'strassenschluessel', '0..1', 'CharacterString'),
	('BY_DLM_Strassenverkehr', 'arbeitsmappenId', '0..1', 'CharacterString'),
	('BY_DLM_Strassenverkehr', 'arbeitsmappenIds', '0..1', 'CharacterString'),
	('BY_DLM_Strassenverkehr', 'funktion', '0..1', 'BY_DLM_ATT_Funktion'),
	('BY_DLM_Strassenverkehr', 'istWeitereNutzung', '0..1', 'BY_DLM_ATT_IstWeitereNutzung'),
	('BY_DLM_Strassenverkehr', 'lageZurErdoberflaeche', '0..1', 'BY_DLM_ATT_LageZurErdoberflaeche'),
	('BY_DLM_Strassenverkehr', 'lagegenauigkeit', '0..1', 'BY_DLM_ATT_Lagegenauigkeit'),
	('BY_DLM_Strassenverkehrsanlage', 'arbeitsmappenId', '0..1', 'CharacterString'),
	('BY_DLM_Strassenverkehrsanlage', 'arbeitsmappenIds', '0..1', 'CharacterString'),
	('BY_DLM_Strassenverkehrsanlage', 'art', '0..1', 'BY_DLM_ATT_Art'),
	('BY_DLM_Strassenverkehrsanlage', 'lageZurErdoberflaeche', '0..1', 'BY_DLM_ATT_LageZurErdoberflaeche'),
	('BY_DLM_Strassenverkehrsanlage', 'lagegenauigkeit', '0..1', 'BY_DLM_ATT_Lagegenauigkeit'),
	('BY_DLM_Strukturlinie3D', 'arbeitsmappenId', '0..1', 'CharacterString'),
	('BY_DLM_Strukturlinie3D', 'arbeitsmappenIds', '0..1', 'CharacterString'),
	('BY_DLM_Strukturlinie3D', 'art', '0..1', 'BY_DLM_ATT_Art'),
	('BY_DLM_Strukturlinie3D', 'istTeilVon', '0..1', 'CharacterString'),
	('BY_DLM_Sumpf', 'arbeitsmappenId', '0..1', 'CharacterString'),
	('BY_DLM_Sumpf', 'arbeitsmappenIds', '0..1', 'CharacterString'),
	('BY_DLM_Sumpf', 'lagegenauigkeit', '0..1', 'BY_DLM_ATT_Lagegenauigkeit'),
	('BY_DLM_TagebauGrubeSteinbruch', 'abbaugut', '0..1', 'BY_DLM_ATT_Abbaugut'),
	('BY_DLM_TagebauGrubeSteinbruch', 'arbeitsmappenId', '0..1', 'CharacterString'),
	('BY_DLM_TagebauGrubeSteinbruch', 'arbeitsmappenIds', '0..1', 'CharacterString'),
	('BY_DLM_TagebauGrubeSteinbruch', 'funktion', '0..1', 'BY_DLM_ATT_Funktion'),
	('BY_DLM_TagebauGrubeSteinbruch', 'istWeitereNutzung', '0..1', 'BY_DLM_ATT_IstWeitereNutzung'),
	('BY_DLM_TagebauGrubeSteinbruch', 'lagegenauigkeit', '0..1', 'BY_DLM_ATT_Lagegenauigkeit'),
	('BY_DLM_TagebauGrubeSteinbruch', 'zustand', '0..1', 'BY_DLM_ATT_Zustand'),
	('BY_DLM_Tankstelle', 'arbeitsmappenId', '0..1', 'CharacterString'),
	('BY_DLM_Tankstelle', 'arbeitsmappenIds', '0..1', 'CharacterString'),
	('BY_DLM_Tankstelle', 'energietraeger', '0..1', 'BY_DLM_ATT_Energietraeger'),
	('BY_DLM_Tankstelle', 'lagegenauigkeit', '0..1', 'BY_DLM_ATT_Lagegenauigkeit'),
	('BY_DLM_Tankstelle', 'name', '0..1', 'CharacterString'),
	('BY_DLM_Testgelaende', 'arbeitsmappenId', '0..1', 'CharacterString'),
	('BY_DLM_Testgelaende', 'arbeitsmappenIds', '0..1', 'CharacterString'),
	('BY_DLM_Testgelaende', 'lagegenauigkeit', '0..1', 'BY_DLM_ATT_Lagegenauigkeit'),
	('BY_DLM_Transportanlage', 'arbeitsmappenId', '0..1', 'CharacterString'),
	('BY_DLM_Transportanlage', 'arbeitsmappenIds', '0..1', 'CharacterString'),
	('BY_DLM_Transportanlage', 'bauwerksfunktion', '0..1', 'BY_DLM_ATT_Bauwerksfunktion'),
	('BY_DLM_Transportanlage', 'lageZurErdoberflaeche', '0..1', 'BY_DLM_ATT_LageZurErdoberflaeche'),
	('BY_DLM_Transportanlage', 'lagegenauigkeit', '0..1', 'BY_DLM_ATT_Lagegenauigkeit'),
	('BY_DLM_Transportanlage', 'produkt', '0..1', 'BY_DLM_ATT_Produkt'),
	('BY_DLM_Turm', 'arbeitsmappenId', '0..1', 'CharacterString'),
	('BY_DLM_Turm', 'arbeitsmappenIds', '0..1', 'CharacterString'),
	('BY_DLM_Turm', 'bauwerksfunktion', '0..1', 'BY_DLM_ATT_Bauwerksfunktion'),
	('BY_DLM_Turm', 'lageZurErdoberflaeche', '0..1', 'BY_DLM_ATT_LageZurErdoberflaeche'),
	('BY_DLM_Turm', 'lagegenauigkeit', '0..1', 'BY_DLM_ATT_Lagegenauigkeit'),
	('BY_DLM_Turm', 'sichtbarkeitInKarto', '0..1', 'BY_DLM_ATT_SichtbarkeitInKarto'),
	('BY_DLM_UnlandVegetationsloseFlaeche', 'arbeitsmappenId', '0..1', 'CharacterString'),
	('BY_DLM_UnlandVegetationsloseFlaeche', 'arbeitsmappenIds', '0..1', 'CharacterString'),
	('BY_DLM_UnlandVegetationsloseFlaeche', 'funktion', '0..1', 'BY_DLM_ATT_Funktion'),
	('BY_DLM_UnlandVegetationsloseFlaeche', 'lageZurErdoberflaeche', '0..1', 'BY_DLM_ATT_LageZurErdoberflaeche'),
	('BY_DLM_UnlandVegetationsloseFlaeche', 'lagegenauigkeit', '0..1', 'BY_DLM_ATT_Lagegenauigkeit'),
	('BY_DLM_UnlandVegetationsloseFlaeche', 'oberflaechenmaterial', '0..1', 'BY_DLM_ATT_Oberflaechenmaterial'),
	('BY_DLM_Vegetationsmerkmal', 'arbeitsmappenId', '0..1', 'CharacterString'),
	('BY_DLM_Vegetationsmerkmal', 'arbeitsmappenIds', '0..1', 'CharacterString'),
	('BY_DLM_Vegetationsmerkmal', 'bewuchs', '0..1', 'BY_DLM_ATT_Bewuchs'),
	('BY_DLM_Vegetationsmerkmal', 'lagegenauigkeit', '0..1', 'BY_DLM_ATT_Lagegenauigkeit'),
	('BY_DLM_Vegetationsmerkmal', 'sichtbarkeitInKarto', '0..1', 'BY_DLM_ATT_SichtbarkeitInKarto'),
	('BY_DLM_Vegetationsmerkmal', 'widmung', '0..1', 'BY_DLM_ATT_Widmung'),
	('BY_DLM_Vegetationsmerkmal', 'zustand', '0..1', 'BY_DLM_ATT_Zustand'),
	('BY_DLM_VerkehrInPlanung', 'arbeitsmappenId', '0..1', 'CharacterString'),
	('BY_DLM_VerkehrInPlanung', 'arbeitsmappenIds', '0..1', 'CharacterString'),
	('BY_DLM_VerkehrInPlanung', 'auspraegungVerkehrKarto', '0..1', 'BY_DLM_ATT_AuspraegungVerkehrKarto'),
	('BY_DLM_VerkehrInPlanung', 'baubeginnFertigstellung', '0..1', 'CharacterString'),
	('BY_DLM_VerkehrInPlanung', 'bezeichnung', '0..1', 'CharacterString'),
	('BY_DLM_Verwaltungsgemeinschaft', 'administrativeFunktion', '0..1', 'CharacterString'),
	('BY_DLM_Verwaltungsgemeinschaft', 'arbeitsmappenId', '0..1', 'CharacterString'),
	('BY_DLM_Verwaltungsgemeinschaft', 'arbeitsmappenIds', '0..1', 'CharacterString'),
	('BY_DLM_Verwaltungsgemeinschaft', 'bezeichnung', '0..1', 'CharacterString'),
	('BY_DLM_VorratsbehaelterSpeicherbauwerk', 'arbeitsmappenId', '0..1', 'CharacterString'),
	('BY_DLM_VorratsbehaelterSpeicherbauwerk', 'arbeitsmappenIds', '0..1', 'CharacterString'),
	('BY_DLM_VorratsbehaelterSpeicherbauwerk', 'lagegenauigkeit', '0..1', 'BY_DLM_ATT_Lagegenauigkeit'),
	('BY_DLM_VorratsbehaelterSpeicherbauwerk', 'speicherinhalt', '0..1', 'BY_DLM_ATT_Speicherinhalt'),
	('BY_DLM_Wald', 'arbeitsmappenId', '0..1', 'CharacterString'),
	('BY_DLM_Wald', 'arbeitsmappenIds', '0..1', 'CharacterString'),
	('BY_DLM_Wald', 'lagegenauigkeit', '0..1', 'BY_DLM_ATT_Lagegenauigkeit'),
	('BY_DLM_Wald', 'nutzung', '0..1', 'BY_DLM_ATT_Nutzung'),
	('BY_DLM_Wald', 'vegetationsmerkmal', '0..1', 'BY_DLM_ATT_Vegetationsmerkmal'),
	('BY_DLM_Wald', 'zustand', '0..1', 'BY_DLM_ATT_Zustand'),
	('BY_DLM_Wasserlauf', 'arbeitsmappenId', '0..1', 'CharacterString'),
	('BY_DLM_Wasserlauf', 'arbeitsmappenIds', '0..1', 'CharacterString'),
	('BY_DLM_Wasserlauf', 'geometrietyp', '0..1', 'CharacterString'),
	('BY_DLM_Wasserlauf', 'pruefungGewKennzahl', '0..1', 'CharacterString'),
	('BY_DLM_Wasserlauf', 'technischeBezeichnung', '0..1', 'CharacterString'),
	('BY_DLM_Wasserlauf', 'widmung', '0..1', 'CharacterString'),
	('BY_DLM_WasserlaufUnsicher', 'arbeitsmappenId', '0..1', 'CharacterString'),
	('BY_DLM_WasserlaufUnsicher', 'arbeitsmappenIds', '0..1', 'CharacterString'),
	('BY_DLM_WasserlaufUnsicher', 'art', '0..1', 'BY_DLM_ATT_Art'),
	('BY_DLM_WasserlaufUnsicher', 'breiteDesGewaessers', '0..1', 'BY_DLM_ATT_BreiteDesGewaessers'),
	('BY_DLM_WasserlaufUnsicher', 'gewaesserkennzahl', '0..1', 'CharacterString'),
	('BY_DLM_WasserlaufUnsicher', 'hydrologischesMerkmal', '0..1', 'BY_DLM_ATT_HydrologischesMerkmal'),
	('BY_DLM_WasserlaufUnsicher', 'lageZurErdoberflaeche', '0..1', 'BY_DLM_ATT_LageZurErdoberflaeche'),
	('BY_DLM_WasserlaufUnsicher', 'name', '0..1', 'CharacterString'),
	('BY_DLM_WasserlaufUnsicher', 'pruefungGewKennzahl', '0..1', 'BY_DLM_ATT_PruefungGewKennzahl'),
	('BY_DLM_WasserlaufUnsicher', 'technischeBezeichnung', '0..1', 'CharacterString'),
	('BY_DLM_WasserlaufUnsicher', 'widmung', '0..1', 'BY_DLM_ATT_Widmung'),
	('BY_DLM_Wasserspiegelhoehe', 'arbeitsmappenId', '0..1', 'CharacterString'),
	('BY_DLM_Wasserspiegelhoehe', 'arbeitsmappenIds', '0..1', 'CharacterString'),
	('BY_DLM_WegPfadSteig', 'arbeitsmappenId', '0..1', 'CharacterString'),
	('BY_DLM_WegPfadSteig', 'arbeitsmappenIds', '0..1', 'CharacterString'),
	('BY_DLM_WegPfadSteig', 'art', '0..1', 'BY_DLM_ATT_Art'),
	('BY_DLM_WegPfadSteig', 'ausbauzustand', '0..1', 'BY_DLM_ATT_Ausbauzustand'),
	('BY_DLM_WegPfadSteig', 'befestigung', '0..1', 'BY_DLM_ATT_Befestigung'),
	('BY_DLM_WegPfadSteig', 'fahrtrichtung', '0..1', 'BY_DLM_ATT_Fahrtrichtung'),
	('BY_DLM_WegPfadSteig', 'kartensignrAusnahme', '0..1', 'CharacterString'),
	('BY_DLM_WegPfadSteig', 'lageZurErdoberflaeche', '0..1', 'BY_DLM_ATT_LageZurErdoberflaeche'),
	('BY_DLM_WegPfadSteig', 'lagegenauigkeit', '0..1', 'BY_DLM_ATT_Lagegenauigkeit'),
	('BY_DLM_WegPfadSteig', 'sichtbarkeitInKarto', '0..1', 'BY_DLM_ATT_SichtbarkeitInKarto'),
	('BY_DLM_WegPfadSteig', 'wegbreite', '0..1', 'BY_DLM_ATT_Wegbreite'),
	('BY_DLM_Wohnbauflaeche', 'arbeitsmappenId', '0..1', 'CharacterString'),
	('BY_DLM_Wohnbauflaeche', 'arbeitsmappenIds', '0..1', 'CharacterString'),
	('BY_DLM_Wohnbauflaeche', 'artDerBebauung', '0..1', 'BY_DLM_ATT_ArtDerBebauung'),
	('BY_DLM_Wohnbauflaeche', 'funktion', '0..1', 'BY_DLM_ATT_Funktion'),
	('BY_DLM_Wohnbauflaeche', 'istWeitereNutzung', '0..1', 'BY_DLM_ATT_IstWeitereNutzung'),
	('BY_DLM_Wohnbauflaeche', 'lagegenauigkeit', '0..1', 'BY_DLM_ATT_Lagegenauigkeit'),
	('BY_DammWallDeich', 'dlm', '0..1', 'BY_DLM_DammWallDeich'),
	('BY_Denkmalschutzrecht', 'dlm', '0..1', 'BY_DLM_Denkmalschutzrecht'),
	('BY_Duene', 'dlm', '0..1', 'BY_DLM_Duene'),
	('BY_EinrichtungenFuerDenSchiffsverkehr', 'dlm', '0..1', 'BY_DLM_EinrichtungenFuerDenSchiffsverkehr'),
	('BY_Einschnitt', 'dlm', '0..1', 'BY_DLM_Einschnitt'),
	('BY_Fahrbahnachse', 'dlm', '0..1', 'BY_DLM_Fahrbahnachse'),
	('BY_Fahrwegachse', 'dlm', '0..1', 'BY_DLM_Fahrwegachse'),
	('BY_FelsenFelsblockFelsnadel', 'dlm', '0..1', 'BY_DLM_FelsenFelsblockFelsnadel'),
	('BY_FlaecheBesondererFunktionalerPraegung', 'dlm', '0..1', 'BY_DLM_FlaecheBesondererFunktionalerPraegung'),
	('BY_FlaecheGemischterNutzung', 'dlm', '0..1', 'BY_DLM_FlaecheGemischterNutzung'),
	('BY_Fliessgewaesser', 'dlm', '0..1', 'BY_DLM_Fliessgewaesser'),
	('BY_Flugverkehr', 'dlm', '0..1', 'BY_DLM_Flugverkehr'),
	('BY_Flugverkehrsanlage', 'dlm', '0..1', 'BY_DLM_Flugverkehrsanlage'),
	('BY_Freizeitpunkt', 'dlm', '0..1', 'BY_DLM_Freizeitpunkt'),
	('BY_Freizeitwegachse', 'dlm', '0..1', 'BY_DLM_Freizeitwegachse'),
	('BY_Freizeitwegpunkt', 'dlm', '0..1', 'BY_DLM_Freizeitwegpunkt'),
	('BY_Friedhof', 'dlm', '0..1', 'BY_DLM_Friedhof'),
	('BY_Gebiet', 'dlm', '0..1', 'BY_DLM_Gebiet'),
	('BY_Gebiet_Bundesland', 'dlm', '0..1', 'BY_DLM_Gebiet_Bundesland'),
	('BY_Gebiet_Kreis', 'dlm', '0..1', 'BY_DLM_Gebiet_Kreis'),
	('BY_Gebiet_Regierungsbezirk', 'dlm', '0..1', 'BY_DLM_Gebiet_Regierungsbezirk'),
	('BY_Gebiet_Verwaltungsgemeinschaft', 'dlm', '0..1', 'BY_DLM_Gebiet_Verwaltungsgemeinschaft'),
	('BY_Gebietsgrenze', 'dlm', '0..1', 'BY_DLM_Gebietsgrenze'),
	('BY_Gehoelz', 'dlm', '0..1', 'BY_DLM_Gehoelz'),
	('BY_Gemeinde', 'dlm', '0..1', 'BY_DLM_Gemeinde'),
	('BY_Gewaesserachse', 'dlm', '0..1', 'BY_DLM_Gewaesserachse'),
	('BY_Gewaessermerkmal', 'dlm', '0..1', 'BY_DLM_Gewaessermerkmal'),
	('BY_Gewaesserstationierungsachse', 'dlm', '0..1', 'BY_DLM_Gewaesserstationierungsachse'),
	('BY_Gleis', 'dlm', '0..1', 'BY_DLM_Gleis'),
	('BY_Grenzuebergang', 'dlm', '0..1', 'BY_DLM_Grenzuebergang'),
	('BY_Hafen', 'dlm', '0..1', 'BY_DLM_Hafen'),
	('BY_Hafenbecken', 'dlm', '0..1', 'BY_DLM_Hafenbecken'),
	('BY_Halde', 'dlm', '0..1', 'BY_DLM_Halde'),
	('BY_Heide', 'dlm', '0..1', 'BY_DLM_Heide'),
	('BY_HistorischesBauwerkOderHistorischeEinrichtung', 'dlm', '0..1', 'BY_DLM_HistorischesBauwerkOderHistorischeEinrichtung'),
	('BY_Hoehleneingang', 'dlm', '0..1', 'BY_DLM_Hoehleneingang'),
	('BY_IndustrieUndGewerbe', 'dlm', '0..1', 'BY_DLM_IndustrieUndGewerbe'),
	('BY_IndustrieUndGewerbeflaeche', 'dlm', '0..1', 'BY_DLM_IndustrieUndGewerbeflaeche'),
	('BY_Insel', 'dlm', '0..1', 'BY_DLM_Insel'),
	('BY_Kanal', 'dlm', '0..1', 'BY_DLM_Kanal'),
	('BY_Kartenrahmen', 'dlm', '0..1', 'BY_DLM_Kartenrahmen'),
	('BY_KommunalesGebiet', 'dlm', '0..1', 'BY_DLM_KommunalesGebiet'),
	('BY_KreisRegion', 'dlm', '0..1', 'BY_DLM_KreisRegion'),
	('BY_Landwirtschaft', 'dlm', '0..1', 'BY_DLM_Landwirtschaft'),
	('BY_Leitung', 'dlm', '0..1', 'BY_DLM_Leitung'),
	('BY_Meer', 'dlm', '0..1', 'BY_DLM_Meer'),
	('BY_Moor', 'dlm', '0..1', 'BY_DLM_Moor'),
	('BY_NaturUmweltOderBodenschutzrecht', 'dlm', '0..1', 'BY_DLM_NaturUmweltOderBodenschutzrecht'),
	('BY_Ortslage', 'dlm', '0..1', 'BY_DLM_Ortslage'),
	('BY_Platz', 'dlm', '0..1', 'BY_DLM_Platz'),
	('BY_Polder', 'dlm', '0..1', 'BY_DLM_Polder'),
	('BY_PtBesFunkPraegung', 'dlm', '0..1', 'BY_DLM_PtBesFunkPraegung'),
	('BY_Regierungsbezirk', 'dlm', '0..1', 'BY_DLM_Regierungsbezirk'),
	('BY_SchifffahrtslinieFaehrverkehr', 'dlm', '0..1', 'BY_DLM_SchifffahrtslinieFaehrverkehr'),
	('BY_Schiffsverkehr', 'dlm', '0..1', 'BY_DLM_Schiffsverkehr'),
	('BY_Schleuse', 'dlm', '0..1', 'BY_DLM_Schleuse'),
	('BY_SchutzgebietNachNaturUmweltOderBodenschutzrecht', 'dlm', '0..1', 'BY_DLM_SchutzgebietNachNaturUmweltOderBodenschutzrecht'),
	('BY_Schutzzone', 'dlm', '0..1', 'BY_DLM_Schutzzone'),
	('BY_SeilbahnSchwebebahn', 'dlm', '0..1', 'BY_DLM_SeilbahnSchwebebahn'),
	('BY_Sickerstrecke', 'dlm', '0..1', 'BY_DLM_Sickerstrecke'),
	('BY_SonstBauwerkVerkehr', 'dlm', '0..1', 'BY_DLM_SonstBauwerkVerkehr'),
	('BY_SonstigesBauwerkOderSonstigeEinrichtung', 'dlm', '0..1', 'BY_DLM_SonstigesBauwerkOderSonstigeEinrichtung'),
	('BY_SonstigesRecht', 'dlm', '0..1', 'BY_DLM_SonstigesRecht'),
	('BY_SportFreizeitUndErholungsflaeche', 'dlm', '0..1', 'BY_DLM_SportFreizeitUndErholungsflaeche'),
	('BY_StehendesGewaesser', 'dlm', '0..1', 'BY_DLM_StehendesGewaesser'),
	('BY_Strasse', 'dlm', '0..1', 'BY_DLM_Strasse'),
	('BY_Strassenachse', 'dlm', '0..1', 'BY_DLM_Strassenachse'),
	('BY_Strassennetzverbindung', 'dlm', '0..1', 'BY_DLM_Strassennetzverbindung'),
	('BY_Strassenverkehr', 'dlm', '0..1', 'BY_DLM_Strassenverkehr'),
	('BY_Strassenverkehrsanlage', 'dlm', '0..1', 'BY_DLM_Strassenverkehrsanlage'),
	('BY_Strukturlinie3D', 'dlm', '0..1', 'BY_DLM_Strukturlinie3D'),
	('BY_Sumpf', 'dlm', '0..1', 'BY_DLM_Sumpf'),
	('BY_TagebauGrubeSteinbruch', 'dlm', '0..1', 'BY_DLM_TagebauGrubeSteinbruch'),
	('BY_Tankstelle', 'dlm', '0..1', 'BY_DLM_Tankstelle'),
	('BY_Testgelaende', 'dlm', '0..1', 'BY_DLM_Testgelaende'),
	('BY_Transportanlage', 'dlm', '0..1', 'BY_DLM_Transportanlage'),
	('BY_Turm', 'dlm', '0..1', 'BY_DLM_Turm'),
	('BY_UnlandVegetationsloseFlaeche', 'dlm', '0..1', 'BY_DLM_UnlandVegetationsloseFlaeche'),
	('BY_Vegetationsmerkmal', 'dlm', '0..1', 'BY_DLM_Vegetationsmerkmal'),
	('BY_VerkehrInPlanung', 'dlm', '0..1', 'BY_DLM_VerkehrInPlanung'),
	('BY_Verwaltungsgemeinschaft', 'dlm', '0..1', 'BY_DLM_Verwaltungsgemeinschaft'),
	('BY_VorratsbehaelterSpeicherbauwerk', 'dlm', '0..1', 'BY_DLM_VorratsbehaelterSpeicherbauwerk'),
	('BY_Wald', 'dlm', '0..1', 'BY_DLM_Wald'),
	('BY_Wasserlauf', 'dlm', '0..1', 'BY_DLM_Wasserlauf'),
	('BY_WasserlaufUnsicher', 'dlm', '0..1', 'BY_DLM_WasserlaufUnsicher'),
	('BY_Wasserspiegelhoehe', 'dlm', '0..1', 'BY_DLM_Wasserspiegelhoehe'),
	('BY_WegPfadSteig', 'dlm', '0..1', 'BY_DLM_WegPfadSteig'),
	('BY_Wohnbauflaeche', 'dlm', '0..1', 'BY_DLM_Wohnbauflaeche')
ON CONFLICT (datatype_id, tag_key) DO NOTHING;

INSERT INTO openstreetmap_schema.datatypes_dictionary (datatype_id, dictionary_key, dictionary_description) VALUES
	('BY_DLM_ATT_Abbaugut', '1000', 'Abbaugut nicht bekannt'),
	('BY_DLM_ATT_Abbaugut', '10010', 'Ton'),
	('BY_DLM_ATT_Abbaugut', '10030', 'Kaolin'),
	('BY_DLM_ATT_Abbaugut', '10080', 'Sand'),
	('BY_DLM_ATT_Abbaugut', '10090', 'Kies, Kiessand'),
	('BY_DLM_ATT_Abbaugut', '20020', 'Schiefer, Dachschiefer'),
	('BY_DLM_ATT_Abbaugut', '20160', 'Granit'),
	('BY_DLM_ATT_Abbaugut', '40100', 'Torf'),
	('BY_DLM_ATT_Abbaugut', '50010', 'Gipsstein'),
	('BY_DLM_ATT_Abbaugut', '50030', 'Steinsalz'),
	('BY_DLM_ATT_Abbaugut', '50110', 'Graphit'),
	('BY_DLM_ATT_AnzahlDerStreckengleise', '10000', 'eingleisig'),
	('BY_DLM_ATT_AnzahlDerStreckengleise', '20000', 'zweigleisig (oder mehr)'),
	('BY_DLM_ATT_ArchaeologischerTyp', '10000', 'Grab'),
	('BY_DLM_ATT_ArchaeologischerTyp', '10100', 'Grosteingrab (Dolmen, Hnenbett)'),
	('BY_DLM_ATT_ArchaeologischerTyp', '10200', 'Grabhgel (Hgelgrab)'),
	('BY_DLM_ATT_ArchaeologischerTyp', '11000', 'Historische Wasserleitung'),
	('BY_DLM_ATT_ArchaeologischerTyp', '11100', 'Aqudukt'),
	('BY_DLM_ATT_ArchaeologischerTyp', '12000', 'Befestigung (Wall, Graben)'),
	('BY_DLM_ATT_ArchaeologischerTyp', '12100', 'Wachtturm (rmisch), Warte (wenn neu aufgebaut)'),
	('BY_DLM_ATT_ArchaeologischerTyp', '12101', 'Wachtturm (rmisch), Warte (wenn Ruine)'),
	('BY_DLM_ATT_ArchaeologischerTyp', '13000', 'Steinmal'),
	('BY_DLM_ATT_ArchaeologischerTyp', '13001', 'Opferstein'),
	('BY_DLM_ATT_ArchaeologischerTyp', '14000', 'Befestigung (Burgruine)'),
	('BY_DLM_ATT_ArchaeologischerTyp', '14100', 'Burg (Fliehburg, Ringwall)'),
	('BY_DLM_ATT_ArchaeologischerTyp', '14200', 'Schanze'),
	('BY_DLM_ATT_ArchaeologischerTyp', '14300', 'Lager'),
	('BY_DLM_ATT_ArchaeologischerTyp', '15000', 'Historische Mauer'),
	('BY_DLM_ATT_ArchaeologischerTyp', '99990', 'Sonstiges'),
	('BY_DLM_ATT_Art', '-1000', 'Attribut wird nicht gefhrt'),
	('BY_DLM_ATT_Art', '1000', 'Sonstiges'),
	('BY_DLM_ATT_Art', '1000', 'christlich'),
	('BY_DLM_ATT_Art', '1000', 'unsichere Verbindung'),
	('BY_DLM_ATT_Art', '1001', 'jdisch'),
	('BY_DLM_ATT_Art', '1001', 'reine GKZ-Verbindung'),
	('BY_DLM_ATT_Art', '1002', 'fiktive GKZ-Verbindung'),
	('BY_DLM_ATT_Art', '1002', 'islamisch'),
	('BY_DLM_ATT_Art', '1003', 'Ehrenfriedhof, Soldatenfriedhof'),
	('BY_DLM_ATT_Art', '1003', 'Verbindung in Rohrleitung, Pipeline'),
	('BY_DLM_ATT_Art', '11030', 'Fuweg'),
	('BY_DLM_ATT_Art', '11032', 'Pfad'),
	('BY_DLM_ATT_Art', '11060', 'Radweg'),
	('BY_DLM_ATT_Art', '11061', 'Radschnellweg'),
	('BY_DLM_ATT_Art', '11070', 'Reitweg'),
	('BY_DLM_ATT_Art', '11090', 'Klettersteig im Gebirge'),
	('BY_DLM_ATT_Art', '11091', 'Steig im Gebirge'),
	('BY_DLM_ATT_Art', '11100', 'Rad- und Fuweg'),
	('BY_DLM_ATT_Art', '12100', 'Steilrand, Kliffkante'),
	('BY_DLM_ATT_Art', '12200', 'Oberkante'),
	('BY_DLM_ATT_Art', '12300', 'Unterkante'),
	('BY_DLM_ATT_Art', '12500', 'Oberkante zugleich Unterkante'),
	('BY_DLM_ATT_Art', '13100', 'Startbahn, Landebahn'),
	('BY_DLM_ATT_Art', '13200', 'Zurollbahn, Taxiway'),
	('BY_DLM_ATT_Art', '13300', 'Vorfeld'),
	('BY_DLM_ATT_Art', '14600', 'Anleger'),
	('BY_DLM_ATT_Art', '16100', 'Quelle'),
	('BY_DLM_ATT_Art', '16200', 'Wasserfall'),
	('BY_DLM_ATT_Art', '1704', 'Wertstoffhof'),
	('BY_DLM_ATT_Art', '17100', 'Autofhrverkehr'),
	('BY_DLM_ATT_Art', '17300', 'Personenfhrverkehr'),
	('BY_DLM_ATT_Art', '17400', 'Linienverkehr auf Seen'),
	('BY_DLM_ATT_Art', '17401', 'Linienverkehr auf Fliegewssern'),
	('BY_DLM_ATT_Art', '20000', 'Furt'),
	('BY_DLM_ATT_Art', '2520', 'Wasserkraftwerk'),
	('BY_DLM_ATT_Art', '30010', 'Kreuz'),
	('BY_DLM_ATT_Art', '30020', 'Dreieck'),
	('BY_DLM_ATT_Art', '30030', 'Anschlussstelle, Anschluss'),
	('BY_DLM_ATT_Art', '40001', 'Parkplatz'),
	('BY_DLM_ATT_Art', '40002', 'Parkplatz auf Festplatz'),
	('BY_DLM_ATT_Art', '40003', 'Rastplatz'),
	('BY_DLM_ATT_Art', '40004', 'Verkehrsflche'),
	('BY_DLM_ATT_Art', '40005', 'Parkhaus'),
	('BY_DLM_ATT_Art', '40006', 'Parkhaus Tief'),
	('BY_DLM_ATT_Art', '40007', 'Busbahnhof'),
	('BY_DLM_ATT_Art', '4205', 'Trekkingplatz'),
	('BY_DLM_ATT_Art', '4235', 'Klettern'),
	('BY_DLM_ATT_Art', '4470', 'Spielplatz'),
	('BY_DLM_ATT_Art', '4471', 'Bolzplatz'),
	('BY_DLM_ATT_Art', '50000', 'Rettungspunkt'),
	('BY_DLM_ATT_Art', '50100', 'Rettungspunkt Bahnverkehr'),
	('BY_DLM_ATT_Art', '50200', 'Rettungspunkt Straenverkehr'),
	('BY_DLM_ATT_Art', '50300', 'Rettungspunkt Schiffsverkehr'),
	('BY_DLM_ATT_Art', '50400', 'Rettungspunkt Forst'),
	('BY_DLM_ATT_Art', '55110', 'internationaler Flughafen'),
	('BY_DLM_ATT_Art', '55120', 'Regionalflughafen'),
	('BY_DLM_ATT_Art', '55130', 'Sonderflughafen'),
	('BY_DLM_ATT_Art', '55210', 'Verkehrslandeplatz'),
	('BY_DLM_ATT_Art', '55220', 'Sonderlandeplatz'),
	('BY_DLM_ATT_Art', '55300', 'Hubschrauberlandeplatz'),
	('BY_DLM_ATT_Art', '55500', 'Segelfluggelnde'),
	('BY_DLM_ATT_ArtDerBebauung', '10000', 'offen'),
	('BY_DLM_ATT_ArtDerBebauung', '20000', 'geschlossen'),
	('BY_DLM_ATT_ArtDerFestlegung', '16210', 'Naturschutzgebiet'),
	('BY_DLM_ATT_ArtDerFestlegung', '16530', 'Naturdenkmal'),
	('BY_DLM_ATT_ArtDerFestlegung', '47200', 'Truppenbungsplatz, Standortbungsplatz'),
	('BY_DLM_ATT_ArtDerFestlegung', '94500', 'Hafenbecken'),
	('BY_DLM_ATT_ArtDerGebietsgrenze', '71010', 'Grenze der Bundesrepublik Deutschland'),
	('BY_DLM_ATT_ArtDerGebietsgrenze', '71020', 'Grenze des Bundeslandes'),
	('BY_DLM_ATT_ArtDerGebietsgrenze', '71030', 'Grenze des Regierungsbezirkes'),
	('BY_DLM_ATT_ArtDerGebietsgrenze', '71040', 'Grenze des Kreises/Region'),
	('BY_DLM_ATT_ArtDerGebietsgrenze', '71060', 'Grenze der Gemeinde'),
	('BY_DLM_ATT_ArtDerGebietsgrenze', '71061', 'Gemeindegrenze im und auf der Uferlinie des Bodensees'),
	('BY_DLM_ATT_ArtDerGebietsgrenze', '71080', 'Grenze eines Kondominiums'),
	('BY_DLM_ATT_ArtDerGewaesserstationierungsachse', '20000', 'Genherte Mittellinie in Gewssern'),
	('BY_DLM_ATT_ArtDerGewaesserstationierungsachse', '30010', 'Fiktive Verbindung in Fliegewssern'),
	('BY_DLM_ATT_ArtDerGewaesserstationierungsachse', '30020', 'Fiktive Verbindung in Seen und Teichen'),
	('BY_DLM_ATT_Ausbauzustand', '1000', 'asphaltiert, betoniert, gepflastert'),
	('BY_DLM_ATT_Ausbauzustand', '1001', 'geschottert, gekiest'),
	('BY_DLM_ATT_Ausbauzustand', '1002', 'gewachsen, naturbelassen'),
	('BY_DLM_ATT_AuspraegungVerkehrKarto', '1000', 'Bundesautobahn in Planung'),
	('BY_DLM_ATT_AuspraegungVerkehrKarto', '1001', 'Strae mit getrennten Fahrbahnen in Planung'),
	('BY_DLM_ATT_AuspraegungVerkehrKarto', '1002', 'Breite Hauptstrae in Planung'),
	('BY_DLM_ATT_AuspraegungVerkehrKarto', '1003', 'Hauptstrae in Planung'),
	('BY_DLM_ATT_AuspraegungVerkehrKarto', '1004', 'ICE-Neubaustrecke in Planung'),
	('BY_DLM_ATT_Bahnhofskategorie', '10100', 'Bahnhof'),
	('BY_DLM_ATT_Bahnhofskategorie', '10101', 'Gter-, Betriebs-, berholbahnhof'),
	('BY_DLM_ATT_Bahnhofskategorie', '10200', 'Haltestelle'),
	('BY_DLM_ATT_Bahnhofskategorie', '10201', 'U-Bahn-Haltestelle'),
	('BY_DLM_ATT_Bahnhofskategorie', '10202', 'Straenbahn-Haltestelle'),
	('BY_DLM_ATT_Bahnhofskategorie', '10300', 'Haltepunkt'),
	('BY_DLM_ATT_Bahnhofskategorie', '10301', 'S-Bahn-Haltepunkt'),
	('BY_DLM_ATT_Bahnhofskategorie', '10302', 'Bergbahn-Haltepunkt'),
	('BY_DLM_ATT_Bahnkategorie', '11000', 'Eisenbahn'),
	('BY_DLM_ATT_Bahnkategorie', '11010', 'Personenverkehr'),
	('BY_DLM_ATT_Bahnkategorie', '11020', 'Gterverkehr'),
	('BY_DLM_ATT_Bahnkategorie', '11040', 'S-Bahn'),
	('BY_DLM_ATT_Bahnkategorie', '12010', 'Straenbahn (in der Strae bzw. zwischen Fahrbahnen)'),
	('BY_DLM_ATT_Bahnkategorie', '12011', 'Straenbahn (auf eigenem Bahnkrper)'),
	('BY_DLM_ATT_Bahnkategorie', '12020', 'U-Bahn'),
	('BY_DLM_ATT_Bahnkategorie', '13010', 'Zahnradbahn'),
	('BY_DLM_ATT_Bahnkategorie', '14000', 'Museumsbahn'),
	('BY_DLM_ATT_Bahnkategorie', '21000', 'Luftseilbahn, Grokabinenbahn'),
	('BY_DLM_ATT_Bahnkategorie', '22000', 'Kabinenbahn, Umlaufseilbahn'),
	('BY_DLM_ATT_Bahnkategorie', '23000', 'Sessellift'),
	('BY_DLM_ATT_Bahnkategorie', '24000', 'Ski-, Schlepplift'),
	('BY_DLM_ATT_Bahnkategorie', '26000', 'Materialseilbahn'),
	('BY_DLM_ATT_Bauwerksfunktion', '1000', 'Sonstiges'),
	('BY_DLM_ATT_Bauwerksfunktion', '1000', 'bewegliche Barriere / Schranke'),
	('BY_DLM_ATT_Bauwerksfunktion', '1001', 'feste Barriere / Sperre'),
	('BY_DLM_ATT_Bauwerksfunktion', '10010', 'Wasserturm'),
	('BY_DLM_ATT_Bauwerksfunktion', '10020', 'Kirchturm, Glockenturm'),
	('BY_DLM_ATT_Bauwerksfunktion', '10030', 'Aussichtsturm'),
	('BY_DLM_ATT_Bauwerksfunktion', '10040', 'Kontrollturm'),
	('BY_DLM_ATT_Bauwerksfunktion', '10050', 'Khlturm'),
	('BY_DLM_ATT_Bauwerksfunktion', '10060', 'Leuchtturm'),
	('BY_DLM_ATT_Bauwerksfunktion', '10080', 'Sende-, Funk-, Fernmeldeturm'),
	('BY_DLM_ATT_Bauwerksfunktion', '10090', 'Stadt-, Torturm'),
	('BY_DLM_ATT_Bauwerksfunktion', '10100', 'Frderturm'),
	('BY_DLM_ATT_Bauwerksfunktion', '10120', 'Schloss-, Burgturm'),
	('BY_DLM_ATT_Bauwerksfunktion', '1100', 'ffentliche Zwecke'),
	('BY_DLM_ATT_Bauwerksfunktion', '11010', 'Rohrleitung, Pipeline'),
	('BY_DLM_ATT_Bauwerksfunktion', '11020', 'Frderband, Bandstrae'),
	('BY_DLM_ATT_Bauwerksfunktion', '11030', 'Pumpe'),
	('BY_DLM_ATT_Bauwerksfunktion', '1110', 'Regierung und Verwaltung'),
	('BY_DLM_ATT_Bauwerksfunktion', '11100', 'Freileitung'),
	('BY_DLM_ATT_Bauwerksfunktion', '1120', 'Bildung und Wissenschaft'),
	('BY_DLM_ATT_Bauwerksfunktion', '1130', 'Kultur'),
	('BY_DLM_ATT_Bauwerksfunktion', '1131', 'Gemeindehaus oder Gemeindezentrum'),
	('BY_DLM_ATT_Bauwerksfunktion', '1140', 'Religise Einrichtung'),
	('BY_DLM_ATT_Bauwerksfunktion', '1150', 'Gesundheit, Kur'),
	('BY_DLM_ATT_Bauwerksfunktion', '12100', 'Klrbecken'),
	('BY_DLM_ATT_Bauwerksfunktion', '12150', 'Biogasanlage'),
	('BY_DLM_ATT_Bauwerksfunktion', '12200', 'Windrad'),
	('BY_DLM_ATT_Bauwerksfunktion', '12300', 'Solarzellen'),
	('BY_DLM_ATT_Bauwerksfunktion', '12500', 'Mast'),
	('BY_DLM_ATT_Bauwerksfunktion', '12501', 'Seilbahnmast'),
	('BY_DLM_ATT_Bauwerksfunktion', '12510', 'Freileitungsmast'),
	('BY_DLM_ATT_Bauwerksfunktion', '12600', 'Gitterfunkmast'),
	('BY_DLM_ATT_Bauwerksfunktion', '12601', 'Funkmast'),
	('BY_DLM_ATT_Bauwerksfunktion', '12700', 'Antenne'),
	('BY_DLM_ATT_Bauwerksfunktion', '12800', 'Radioteleskop'),
	('BY_DLM_ATT_Bauwerksfunktion', '12900', 'Schornstein'),
	('BY_DLM_ATT_Bauwerksfunktion', '13100', 'Stollenmundloch'),
	('BY_DLM_ATT_Bauwerksfunktion', '13200', 'Schachtffnung'),
	('BY_DLM_ATT_Bauwerksfunktion', '13400', 'Trockendock'),
	('BY_DLM_ATT_Bauwerksfunktion', '14100', 'Spielfeld (einlinig; oval, rechteck bzw. Freihand)'),
	('BY_DLM_ATT_Bauwerksfunktion', '14101', 'Spielfeld (doppellinig und oval)'),
	('BY_DLM_ATT_Bauwerksfunktion', '14200', 'Rennbahn, Laufbahn, Geluf'),
	('BY_DLM_ATT_Bauwerksfunktion', '14310', 'Zuschauertribne, berdacht'),
	('BY_DLM_ATT_Bauwerksfunktion', '14320', 'Zuschauertribne, nicht berdacht'),
	('BY_DLM_ATT_Bauwerksfunktion', '14410', 'Stadion, berdacht'),
	('BY_DLM_ATT_Bauwerksfunktion', '14420', 'Stadion, nicht berdacht'),
	('BY_DLM_ATT_Bauwerksfunktion', '14500', 'Schwimmbecken (> 625 qm)'),
	('BY_DLM_ATT_Bauwerksfunktion', '14501', 'Schwimmbecken (< 625 qm)'),
	('BY_DLM_ATT_Bauwerksfunktion', '14700', 'Sprungschanze (Anlauf)'),
	('BY_DLM_ATT_Bauwerksfunktion', '14800', 'Schieanlage'),
	('BY_DLM_ATT_Bauwerksfunktion', '14900', 'Gradierwerk'),
	('BY_DLM_ATT_Bauwerksfunktion', '15100', 'Wildgehege'),
	('BY_DLM_ATT_Bauwerksfunktion', '1600', 'Soziales'),
	('BY_DLM_ATT_Bauwerksfunktion', '1601', 'Kindergarten oder Kinderhaus'),
	('BY_DLM_ATT_Bauwerksfunktion', '1602', 'Waldkindergarten'),
	('BY_DLM_ATT_Bauwerksfunktion', '16200', 'Treppe'),
	('BY_DLM_ATT_Bauwerksfunktion', '16400', 'Kellereingang'),
	('BY_DLM_ATT_Bauwerksfunktion', '16500', 'Wassersportanlage'),
	('BY_DLM_ATT_Bauwerksfunktion', '1700', 'Sicherheit und Ordnung'),
	('BY_DLM_ATT_Bauwerksfunktion', '17000', 'Mauer'),
	('BY_DLM_ATT_Bauwerksfunktion', '17001', 'Lrmschutzmauer'),
	('BY_DLM_ATT_Bauwerksfunktion', '1701', 'Feuerwehr'),
	('BY_DLM_ATT_Bauwerksfunktion', '1702', 'Rettungsdienst'),
	('BY_DLM_ATT_Bauwerksfunktion', '1703', 'THW'),
	('BY_DLM_ATT_Bauwerksfunktion', '17400', 'Zaun'),
	('BY_DLM_ATT_Bauwerksfunktion', '17500', 'Gedenksttte, Denkmal, Denkstein, Standbild (kleines Symbol)'),
	('BY_DLM_ATT_Bauwerksfunktion', '17500', 'Gedenksttte, Denkmal, Denkstein, Standbild'),
	('BY_DLM_ATT_Bauwerksfunktion', '17501', 'Gedenksttte, Denkmal, Denkstein, Standbild (groes Symbol)'),
	('BY_DLM_ATT_Bauwerksfunktion', '17600', 'Bildstock, Wegekreuz, Gipfelkreuz'),
	('BY_DLM_ATT_Bauwerksfunktion', '17601', 'Bildstock, Wegekreuz, Gipfelkreuz (mit Hhenkote)'),
	('BY_DLM_ATT_Bauwerksfunktion', '17700', 'Meilenstein, historischer Grenzstein'),
	('BY_DLM_ATT_Bauwerksfunktion', '17801', 'Zierbrunnen'),
	('BY_DLM_ATT_Bauwerksfunktion', '17810', 'Brunnen (Trinkwasserversorgung)'),
	('BY_DLM_ATT_Bauwerksfunktion', '17900', 'Spundwand'),
	('BY_DLM_ATT_Bauwerksfunktion', '1800', 'Medien und Kommunikation'),
	('BY_DLM_ATT_Bauwerksfunktion', '18000', 'Brcke'),
	('BY_DLM_ATT_Bauwerksfunktion', '18200', 'Steg'),
	('BY_DLM_ATT_Bauwerksfunktion', '18700', 'Tunnel, Unterfhrung'),
	('BY_DLM_ATT_Bauwerksfunktion', '18800', 'Schutzgalerie'),
	('BY_DLM_ATT_Bauwerksfunktion', '18801', 'Einhausung'),
	('BY_DLM_ATT_Bauwerksfunktion', '18900', 'Schleusenkammer'),
	('BY_DLM_ATT_Bauwerksfunktion', '19000', 'Durchfahrt'),
	('BY_DLM_ATT_Bauwerksfunktion', '20100', 'Durchlass'),
	('BY_DLM_ATT_Bauwerksfunktion', '20120', 'Dker'),
	('BY_DLM_ATT_Bauwerksfunktion', '20130', 'Wassertunnel, Wasserstollen, Druckstollen'),
	('BY_DLM_ATT_Bauwerksfunktion', '20200', 'Rckhaltebecken'),
	('BY_DLM_ATT_Bauwerksfunktion', '20300', 'Staumauer'),
	('BY_DLM_ATT_Bauwerksfunktion', '20400', 'Staudamm'),
	('BY_DLM_ATT_Bauwerksfunktion', '20500', 'Wehr'),
	('BY_DLM_ATT_Bauwerksfunktion', '20600', 'Sicherheitstor'),
	('BY_DLM_ATT_Bauwerksfunktion', '20700', 'Siel'),
	('BY_DLM_ATT_Bauwerksfunktion', '20900', 'Schpfwerk'),
	('BY_DLM_ATT_Bauwerksfunktion', '21100', 'Fischtreppe'),
	('BY_DLM_ATT_Bauwerksfunktion', '21200', 'Pegel'),
	('BY_DLM_ATT_Bauwerksfunktion', '21310', 'Wellenbrecher, Buhne'),
	('BY_DLM_ATT_Bauwerksfunktion', '21330', 'Hafendamm, Mole'),
	('BY_DLM_ATT_Bauwerksfunktion', '21360', 'Ufermauer, Kaimauer'),
	('BY_DLM_ATT_Bauwerksfunktion', '99990', 'Sonstiges'),
	('BY_DLM_ATT_Bauwerksfunktion', '99991', 'Schlauchturm'),
	('BY_DLM_ATT_Befahrbarkeit', '-1000', 'Attribut wird nicht gefhrt'),
	('BY_DLM_ATT_Befahrbarkeit', '10000', 'Ganzjhrig befahrbar'),
	('BY_DLM_ATT_Befahrbarkeit', '20000', 'Eingeschrnkt befahrbar'),
	('BY_DLM_ATT_Befestigung', '-1000', 'Attribut wird nicht gefhrt'),
	('BY_DLM_ATT_Befestigung', '10000', 'befestigt'),
	('BY_DLM_ATT_Befestigung', '10000', 'leicht befestigt'),
	('BY_DLM_ATT_Befestigung', '20000', 'unbefestigt'),
	('BY_DLM_ATT_BesondereFahrstreifen', '-1000', 'Attribut wird nicht gefhrt'),
	('BY_DLM_ATT_BesondereFahrstreifen', '1000', 'unbekannt'),
	('BY_DLM_ATT_BesondereFahrstreifen', '10000', 'Mit Radweg'),
	('BY_DLM_ATT_BesondereVerkehrsbedeutung', '1000', 'Fugngerzone'),
	('BY_DLM_ATT_BesondereVerkehrsbedeutung', '10001', 'Fernverkehr'),
	('BY_DLM_ATT_BesondereVerkehrsbedeutung', '10002', 'Regionalverkehr'),
	('BY_DLM_ATT_BesondereVerkehrsbedeutung', '1001', 'Rastplatz-, Raststttenachse'),
	('BY_DLM_ATT_BesondereVerkehrsbedeutung', '1002', 'Strae im Bau'),
	('BY_DLM_ATT_BesondereVerkehrsbedeutung', '1002', 'Straenkrper im Bau'),
	('BY_DLM_ATT_BesondereVerkehrsbedeutung', '10030', 'Nahverkehr'),
	('BY_DLM_ATT_BesondereVerkehrsbedeutung', '20010', 'Sammelverkehr'),
	('BY_DLM_ATT_BesondereVerkehrsbedeutung', '20021', 'Ortsverbindungsstrae'),
	('BY_DLM_ATT_BesondereVerkehrsbedeutung', '20022', 'Anliegerstrae'),
	('BY_DLM_ATT_BesondereVerkehrsbedeutung', '20023', 'Fahrradstrae'),
	('BY_DLM_ATT_BesondereVerkehrsbedeutung', '20024', 'Verkehrsberuhigter Bereich'),
	('BY_DLM_ATT_Bewuchs', '1000', 'Nasser Boden'),
	('BY_DLM_ATT_Bewuchs', '10110', 'Nadelbaum'),
	('BY_DLM_ATT_Bewuchs', '10120', 'Laubbaum'),
	('BY_DLM_ATT_Bewuchs', '10210', 'Baumbestand, Laubholz'),
	('BY_DLM_ATT_Bewuchs', '10220', 'Baumbestand, Nadelholz'),
	('BY_DLM_ATT_Bewuchs', '10230', 'Baumbestand, Laub- und Nadelholz'),
	('BY_DLM_ATT_Bewuchs', '11000', 'Hecke mit Wall'),
	('BY_DLM_ATT_Bewuchs', '11001', 'Hecke ohne Wall'),
	('BY_DLM_ATT_Bewuchs', '12100', 'Baumreihe, Laubholz'),
	('BY_DLM_ATT_Bewuchs', '12200', 'Baumreihe, Nadelholz'),
	('BY_DLM_ATT_Bewuchs', '12300', 'Baumreihe, Laub- und Nadelholz'),
	('BY_DLM_ATT_Bewuchs', '12500', 'Gehlz (Laubholz)'),
	('BY_DLM_ATT_Bewuchs', '12501', 'Gehlz (Nadelholz)'),
	('BY_DLM_ATT_Bewuchs', '12502', 'Gehlz (Laub- und Nadelholz)'),
	('BY_DLM_ATT_Bewuchs', '12600', 'Gebsch'),
	('BY_DLM_ATT_Bewuchs', '14000', 'Rhricht, Schilf'),
	('BY_DLM_ATT_Bewuchs', '15000', 'Gras'),
	('BY_DLM_ATT_Bewuchs', '15001', 'Gras (auf Solar)'),
	('BY_DLM_ATT_BreiteDesGewaessers', '3', 'von 0 m bis 3 m Breite des Gewssers'),
	('BY_DLM_ATT_Elektrifizierung', '10000', 'elektrifiziert'),
	('BY_DLM_ATT_Elektrifizierung', '20000', 'nicht elektrifiziert'),
	('BY_DLM_ATT_Energietraeger', '1000', 'Minerallstoff'),
	('BY_DLM_ATT_Energietraeger', '1001', 'Autogas'),
	('BY_DLM_ATT_Energietraeger', '1002', 'Wasserstoff'),
	('BY_DLM_ATT_Energietraeger', '1003', 'Elektrische Energie'),
	('BY_DLM_ATT_Energietraeger', '1004', 'Bio- und Erdgas'),
	('BY_DLM_ATT_Energietraeger', '1005', 'Sonstiges'),
	('BY_DLM_ATT_ErgebnisDerUeberpruefung_TatsaechlicheNutzung', '-1000', 'Attribut wird nicht gefhrt'),
	('BY_DLM_ATT_ErgebnisDerUeberpruefung_TatsaechlicheNutzung', '10000', 'Fehlerkorrektur'),
	('BY_DLM_ATT_ErgebnisDerUeberpruefung_TatsaechlicheNutzung', '20000', 'Besttigung des Ist-Zustandes'),
	('BY_DLM_ATT_ErgebnisDerUeberpruefung_TatsaechlicheNutzung', '30000', 'Erfassung eines neuen Objektes'),
	('BY_DLM_ATT_ErgebnisDerUeberpruefung_TatsaechlicheNutzung', '40000', 'Geometrievernderung eines bestehenden Objektes'),
	('BY_DLM_ATT_Fahrtrichtung', '-1000', 'Attribut wird nicht gefhrt'),
	('BY_DLM_ATT_Fahrtrichtung', '0', 'keine Einbahnstrae '),
	('BY_DLM_ATT_Fahrtrichtung', '1', 'Einbahnstrae / Fahrbahn fr eine Richtung'),
	('BY_DLM_ATT_Fliessrichtung', '0', 'False'),
	('BY_DLM_ATT_Fliessrichtung', '1', 'True'),
	('BY_DLM_ATT_Foerdergut', '-1000', 'Attribut wird nicht gefhrt'),
	('BY_DLM_ATT_Foerdergut', '10000', 'Erdl'),
	('BY_DLM_ATT_Foerdergut', '20000', 'Erdgas'),
	('BY_DLM_ATT_Funktion', '-1000', 'Attribut wird nicht gefhrt'),
	('BY_DLM_ATT_Funktion', '1000', 'Bahnhofsflche'),
	('BY_DLM_ATT_Funktion', '1000', 'Einfriedung'),
	('BY_DLM_ATT_Funktion', '1000', 'Friedhof'),
	('BY_DLM_ATT_Funktion', '1000', 'Industrie allgemein'),
	('BY_DLM_ATT_Funktion', '1000', 'Nicht abgrenzbar'),
	('BY_DLM_ATT_Funktion', '1000', 'Stationierung der Hauptachse'),
	('BY_DLM_ATT_Funktion', '1000', 'Straenverkehr'),
	('BY_DLM_ATT_Funktion', '1000', 'Wasserlauf'),
	('BY_DLM_ATT_Funktion', '1000', 'Zwischen getrennten Fahrbahnen/auf Verkehrsbauwerken'),
	('BY_DLM_ATT_Funktion', '1000', 'kein Parken'),
	('BY_DLM_ATT_Funktion', '1000', 'keine Fugngerzone'),
	('BY_DLM_ATT_Funktion', '1000', 'stehendes Gewsser'),
	('BY_DLM_ATT_Funktion', '1000', 'unbekannt'),
	('BY_DLM_ATT_Funktion', '10000', 'Hochwasser-, Sturmflutschutz'),
	('BY_DLM_ATT_Funktion', '10000', 'Vegetationslose Flche'),
	('BY_DLM_ATT_Funktion', '1001', 'Einleitungssegmente'),
	('BY_DLM_ATT_Funktion', '1001', 'Flche "zwischen zwei Bahnstrecken"'),
	('BY_DLM_ATT_Funktion', '1001', 'Nicht abgrenzbar'),
	('BY_DLM_ATT_Funktion', '1001', 'Verkehrsflche'),
	('BY_DLM_ATT_Funktion', '1001', 'noch nicht gewidmete Strae mit Bezeichnung'),
	('BY_DLM_ATT_Funktion', '1002', 'Ausleitungssegmente'),
	('BY_DLM_ATT_Funktion', '1002', 'Gebude- und Freiflche, Mischnutzung mit Wohnen'),
	('BY_DLM_ATT_Funktion', '1002', 'Kreisverkehr'),
	('BY_DLM_ATT_Funktion', '1003', 'Auf- oder Abfahrt'),
	('BY_DLM_ATT_Funktion', '1004', 'Behelfsanschlussstelle'),
	('BY_DLM_ATT_Funktion', '1005', 'Rastplatzachse'),
	('BY_DLM_ATT_Funktion', '1006', 'Raststttenachse'),
	('BY_DLM_ATT_Funktion', '1007', 'Verbindung Strae - getrennte Fahrbahn'),
	('BY_DLM_ATT_Funktion', '1008', 'Betriebsanschlussstelle'),
	('BY_DLM_ATT_Funktion', '1009', 'noch gewidmete Strae ohne Bezeichnung'),
	('BY_DLM_ATT_Funktion', '1010', 'Wendeschleife, Wendehammer'),
	('BY_DLM_ATT_Funktion', '1011', 'Abbiegespur'),
	('BY_DLM_ATT_Funktion', '11000', 'Gewsserbegleitflche'),
	('BY_DLM_ATT_Funktion', '11000', 'ffentliche Zwecke'),
	('BY_DLM_ATT_Funktion', '11100', 'Regierung und Verwaltung'),
	('BY_DLM_ATT_Funktion', '11200', 'Bildung und Wissenschaft'),
	('BY_DLM_ATT_Funktion', '11300', 'Kultur'),
	('BY_DLM_ATT_Funktion', '11301', 'Gemeindehaus oder Gemeindezentrum'),
	('BY_DLM_ATT_Funktion', '11400', 'Religise Einrichtung'),
	('BY_DLM_ATT_Funktion', '11500', 'Gesundheit, Kur'),
	('BY_DLM_ATT_Funktion', '11600', 'Soziales'),
	('BY_DLM_ATT_Funktion', '11601', 'Kindergarten oder Kinderhaus'),
	('BY_DLM_ATT_Funktion', '11602', 'Waldkindergarten'),
	('BY_DLM_ATT_Funktion', '11700', 'Sicherheit und Ordnung'),
	('BY_DLM_ATT_Funktion', '11701', 'Feuerwehr'),
	('BY_DLM_ATT_Funktion', '11702', 'Rettungsdienst'),
	('BY_DLM_ATT_Funktion', '11703', 'THW'),
	('BY_DLM_ATT_Funktion', '11800', 'Medien und Kommunikation'),
	('BY_DLM_ATT_Funktion', '1200', 'Parken'),
	('BY_DLM_ATT_Funktion', '12000', 'Parken'),
	('BY_DLM_ATT_Funktion', '13000', 'Naturnahe Flche'),
	('BY_DLM_ATT_Funktion', '14000', 'Handel- und Dienstleistung'),
	('BY_DLM_ATT_Funktion', '14500', 'Ausstellung, Messe'),
	('BY_DLM_ATT_Funktion', '14600', 'Beherbergung'),
	('BY_DLM_ATT_Funktion', '14801', 'Spielbank'),
	('BY_DLM_ATT_Funktion', '14900', 'Grtnerei'),
	('BY_DLM_ATT_Funktion', '15200', 'Tankstelle'),
	('BY_DLM_ATT_Funktion', '17000', 'Industrie und Gewerbe'),
	('BY_DLM_ATT_Funktion', '17001', 'Autobahnmeisterei'),
	('BY_DLM_ATT_Funktion', '17002', 'Straenmeisterei'),
	('BY_DLM_ATT_Funktion', '17003', 'Bauhof'),
	('BY_DLM_ATT_Funktion', '17004', 'Wertstoffhof'),
	('BY_DLM_ATT_Funktion', '17005', 'Stadtwerke'),
	('BY_DLM_ATT_Funktion', '17400', 'Lagerflche'),
	('BY_DLM_ATT_Funktion', '17900', 'Werft'),
	('BY_DLM_ATT_Funktion', '18080', 'Fugngerzone'),
	('BY_DLM_ATT_Funktion', '20000', 'Lrmschutz'),
	('BY_DLM_ATT_Funktion', '20001', 'Lrmschutzmauer auf Damm'),
	('BY_DLM_ATT_Funktion', '23120', 'Begleitflche Straenverkehr'),
	('BY_DLM_ATT_Funktion', '23220', 'Begleitflche Bahnverkehr'),
	('BY_DLM_ATT_Funktion', '23230', 'Betriebsflche Bahnverkehr'),
	('BY_DLM_ATT_Funktion', '23240', 'Trasse, Streckengleisbett'),
	('BY_DLM_ATT_Funktion', '25000', 'Versorgungsanlage'),
	('BY_DLM_ATT_Funktion', '25200', 'Wasserwerk'),
	('BY_DLM_ATT_Funktion', '25300', 'Kraftwerk'),
	('BY_DLM_ATT_Funktion', '25400', 'Umspannstation'),
	('BY_DLM_ATT_Funktion', '25500', 'Raffinerie'),
	('BY_DLM_ATT_Funktion', '25700', 'Heizwerk'),
	('BY_DLM_ATT_Funktion', '25800', 'Funk- und Fernmeldeanlage'),
	('BY_DLM_ATT_Funktion', '26101', 'Klranlage, Klrwerk (klein, ohne Klrbecken)'),
	('BY_DLM_ATT_Funktion', '26102', 'Klranlage, Klrwerk (gro, mit Klrbecken)'),
	('BY_DLM_ATT_Funktion', '26200', 'Abfallbehandlungsanlage'),
	('BY_DLM_ATT_Funktion', '26300', 'Deponie (oberirdisch)'),
	('BY_DLM_ATT_Funktion', '26400', 'Deponie (untertgig)'),
	('BY_DLM_ATT_Funktion', '27000', 'Frderanlage'),
	('BY_DLM_ATT_Funktion', '27000', 'Gebude- und Freiflche Land- und Forstwirtschaft'),
	('BY_DLM_ATT_Funktion', '30000', 'Fischereiwirtschaftsflche'),
	('BY_DLM_ATT_Funktion', '30010', 'Hochwasserschutz, Sturmflutschutz (LfU)'),
	('BY_DLM_ATT_Funktion', '30011', 'Hochwasserschutz, Sturmflutschutz (GT)'),
	('BY_DLM_ATT_Funktion', '30020', 'Verkehrsfhrung'),
	('BY_DLM_ATT_Funktion', '30030', 'Hochwasserschutz, Sturmflutschutz zugleich Verkehrsfhrung (LfU)'),
	('BY_DLM_ATT_Funktion', '30031', 'Hochwasserschutz, Sturmflutschutz zugleich Verkehrsfhrung (GT)'),
	('BY_DLM_ATT_Funktion', '30040', 'Lrmschutz'),
	('BY_DLM_ATT_Funktion', '41000', 'Sportanlage'),
	('BY_DLM_ATT_Funktion', '41100', 'Golf'),
	('BY_DLM_ATT_Funktion', '41400', 'Reitsport'),
	('BY_DLM_ATT_Funktion', '41700', 'Tennis'),
	('BY_DLM_ATT_Funktion', '42000', 'Freizeitanlage'),
	('BY_DLM_ATT_Funktion', '42001', 'Hochseilgarten'),
	('BY_DLM_ATT_Funktion', '42003', 'Sommerrodelbahn'),
	('BY_DLM_ATT_Funktion', '42004', 'Bogenschieen'),
	('BY_DLM_ATT_Funktion', '42005', 'Trekkingplatz'),
	('BY_DLM_ATT_Funktion', '42100', 'Zoo'),
	('BY_DLM_ATT_Funktion', '42200', 'Safaripark, Wildpark'),
	('BY_DLM_ATT_Funktion', '42300', 'Freizeitpark'),
	('BY_DLM_ATT_Funktion', '42350', 'Kletteranlage'),
	('BY_DLM_ATT_Funktion', '42400', 'Freilichtbhne'),
	('BY_DLM_ATT_Funktion', '42500', 'Freilichtmuseum'),
	('BY_DLM_ATT_Funktion', '42600', 'Autokino, Freilichtkino'),
	('BY_DLM_ATT_Funktion', '42700', 'Verkehrsbungsplatz'),
	('BY_DLM_ATT_Funktion', '42750', 'Go-Kart-Bahn'),
	('BY_DLM_ATT_Funktion', '42800', 'Hundebungsplatz'),
	('BY_DLM_ATT_Funktion', '42900', 'Modellfluggelnde'),
	('BY_DLM_ATT_Funktion', '42950', 'Gelnde fr Luftsportgerte'),
	('BY_DLM_ATT_Funktion', '43000', 'Erholungsflche'),
	('BY_DLM_ATT_Funktion', '43100', 'Wochenend- und Ferienhausflche'),
	('BY_DLM_ATT_Funktion', '43200', 'Freibad'),
	('BY_DLM_ATT_Funktion', '43201', 'Hallenbad (auch mit Auenanlage)'),
	('BY_DLM_ATT_Funktion', '43202', 'Hallenbad (mit Freibad)'),
	('BY_DLM_ATT_Funktion', '43203', 'Strandbad'),
	('BY_DLM_ATT_Funktion', '43204', 'Badeplatz'),
	('BY_DLM_ATT_Funktion', '43205', 'Erlebnisbad'),
	('BY_DLM_ATT_Funktion', '43206', 'Kurbad, Heilbad'),
	('BY_DLM_ATT_Funktion', '43300', 'Campingplatz'),
	('BY_DLM_ATT_Funktion', '44000', 'Grnanlage'),
	('BY_DLM_ATT_Funktion', '44100', 'Siedlungsgrnflche'),
	('BY_DLM_ATT_Funktion', '44200', 'Park'),
	('BY_DLM_ATT_Funktion', '44300', 'Botanischer Garten'),
	('BY_DLM_ATT_Funktion', '44400', 'Kleingarten'),
	('BY_DLM_ATT_Funktion', '44500', 'Wochenendplatz'),
	('BY_DLM_ATT_Funktion', '44600', 'Garten'),
	('BY_DLM_ATT_Funktion', '44700', 'Spielplatz'),
	('BY_DLM_ATT_Funktion', '44701', 'Bolzplatz'),
	('BY_DLM_ATT_Funktion', '51300', 'Fugngerzone'),
	('BY_DLM_ATT_Funktion', '52110', 'Hauptwirtschaftsweg'),
	('BY_DLM_ATT_Funktion', '52120', 'Wirtschaftsweg'),
	('BY_DLM_ATT_Funktion', '52121', 'Fahrwegspur'),
	('BY_DLM_ATT_Funktion', '52400', 'Radweg'),
	('BY_DLM_ATT_Funktion', '52500', 'Rad- und Fuweg'),
	('BY_DLM_ATT_Funktion', '53100', 'Parkplatz'),
	('BY_DLM_ATT_Funktion', '53200', 'Rastplatz'),
	('BY_DLM_ATT_Funktion', '53300', 'Raststtte'),
	('BY_DLM_ATT_Funktion', '53301', 'Autohof'),
	('BY_DLM_ATT_Funktion', '53400', 'Marktplatz'),
	('BY_DLM_ATT_Funktion', '53500', 'Festplatz'),
	('BY_DLM_ATT_Funktion', '53600', 'Busbahnhof'),
	('BY_DLM_ATT_Funktion', '53700', 'Caravan-, Wohnmobilstellplatz'),
	('BY_DLM_ATT_Funktion', '56100', 'Hafenanlage (Landflche)'),
	('BY_DLM_ATT_Funktion', '56200', 'Schleuse (Landflche)'),
	('BY_DLM_ATT_Funktion', '68000', 'Landwirtschaftliche Betriebsflche'),
	('BY_DLM_ATT_Funktion', '76000', 'Forstwirtschaftliche Betriebsflche'),
	('BY_DLM_ATT_Funktion', '83000', 'Kanal'),
	('BY_DLM_ATT_Funktion', '86300', 'Stausee'),
	('BY_DLM_ATT_Funktion', '86310', 'Speicherbecken'),
	('BY_DLM_ATT_Funktion', '86400', 'Baggersee'),
	('BY_DLM_ATT_Funktion', '94030', 'Parkfriedhof'),
	('BY_DLM_ATT_FzwKartendarstellung', '-1000', 'Attribut wird nicht gefhrt'),
	('BY_DLM_ATT_FzwKartendarstellung', '1000', 'Auf einem in der Karte gestrichelten Verkehrsweg'),
	('BY_DLM_ATT_FzwKartendarstellung', '1001', 'Auf einem in der Karte einlinigen Verkehrsweg'),
	('BY_DLM_ATT_FzwKartendarstellung', '1002', 'Auf einem in der Karte doppellinigen Verkehrsweg'),
	('BY_DLM_ATT_FzwKartendarstellung', '1003', 'Auf einer Schifffahrtslinie'),
	('BY_DLM_ATT_FzwLage', '1000', 'In Bayern'),
	('BY_DLM_ATT_FzwLage', '1001', 'Auerhalb Bayerns'),
	('BY_DLM_ATT_FzwOberflmaterial', '1000', 'Noch nicht bekannt'),
	('BY_DLM_ATT_FzwOberflmaterial', '10000', 'Bitumen, Asphalt, Beton'),
	('BY_DLM_ATT_FzwOberflmaterial', '20000', 'Kein Bitumen, Asphalt, Beton'),
	('BY_DLM_ATT_FzwVerkaufkommen', '1000', 'Noch nicht bekannt'),
	('BY_DLM_ATT_FzwVerkaufkommen', '10000', 'Auf Strecke mit dichtem Verkehrsaufkommen'),
	('BY_DLM_ATT_FzwVerkaufkommen', '20000', 'Auf Strecke mit mittlerem Verkehrsaufkommen'),
	('BY_DLM_ATT_FzwVerkaufkommen', '30000', 'Abgesetzt, kein oder geringes Verkehrsaufkommen'),
	('BY_DLM_ATT_GewaesserRandstreifen', '1000', 'unbekannt'),
	('BY_DLM_ATT_GewaesserRandstreifen', '1001', 'mit Randstreifen'),
	('BY_DLM_ATT_GewaesserRandstreifen', '1002', 'ohne Randstreifen'),
	('BY_DLM_ATT_Hafenkategorie', '1000', 'Hafen'),
	('BY_DLM_ATT_Hafenkategorie', '10400', 'Sporthafen, Yachthafen'),
	('BY_DLM_ATT_HydrologischesMerkmal', '-1000', 'Attribut wird nicht gefhrt'),
	('BY_DLM_ATT_HydrologischesMerkmal', '1000', 'Stndig Wasser fhrend'),
	('BY_DLM_ATT_HydrologischesMerkmal', '1001', 'Hochdynamisches Gewsser'),
	('BY_DLM_ATT_HydrologischesMerkmal', '2000', 'Nicht stndig Wasser fhrend'),
	('BY_DLM_ATT_HydrologischesMerkmal', '20000', 'Nicht stndig Wasser fhrend'),
	('BY_DLM_ATT_HydrologischesMerkmal', '3000', 'trocken, versiegt'),
	('BY_DLM_ATT_IstWeitereNutzung', '1000', 'keine'),
	('BY_DLM_ATT_IstWeitereNutzung', '10000', 'berlagernd'),
	('BY_DLM_ATT_KartensignrAusnahme', '-1000', 'Attribut wird nicht gefhrt'),
	('BY_DLM_ATT_KonstruktionsmerkmalBauart', '10200', 'Kammerschleuse'),
	('BY_DLM_ATT_Kraftfahrstrasse', '1000', 'keine Kraftfahrstrae'),
	('BY_DLM_ATT_Kraftfahrstrasse', '1001', 'Kraftfahrstrae'),
	('BY_DLM_ATT_LageZurErdoberflaeche', '-1', '-1'),
	('BY_DLM_ATT_LageZurErdoberflaeche', '-1000', 'Attribut wird nicht gefhrt'),
	('BY_DLM_ATT_LageZurErdoberflaeche', '-2', '-2'),
	('BY_DLM_ATT_LageZurErdoberflaeche', '0', '0'),
	('BY_DLM_ATT_LageZurErdoberflaeche', '1', '1'),
	('BY_DLM_ATT_LageZurErdoberflaeche', '14000', 'Aufgestndert'),
	('BY_DLM_ATT_LageZurErdoberflaeche', '2', '2'),
	('BY_DLM_ATT_Lagegenauigkeit', '1000', 'unbekannt'),
	('BY_DLM_ATT_Lagegenauigkeit', '1001', 'lagegenau'),
	('BY_DLM_ATT_Lagegenauigkeit', '1002', 'GT-Genauigkeit'),
	('BY_DLM_ATT_Lagegenauigkeit', '1003', 'im DOP nicht erkennbar'),
	('BY_DLM_ATT_Lagegenauigkeit', '1004', 'verdrngt'),
	('BY_DLM_ATT_Lagegenauigkeit', '1005', 'verdrngt, wegen eines in der Kartographie gefhrten Objektes'),
	('BY_DLM_ATT_Nutzung', '10000', 'Forstwirtschaftsflche'),
	('BY_DLM_ATT_Nutzung', '10000', 'zivil'),
	('BY_DLM_ATT_Nutzung', '20000', 'Unbewirtschaftet'),
	('BY_DLM_ATT_Nutzung', '20000', 'militrisch'),
	('BY_DLM_ATT_Nutzung', '30000', 'Waldbestattungsflche'),
	('BY_DLM_ATT_Nutzung', '30000', 'teils zivil, teils militrisch'),
	('BY_DLM_ATT_Oberflaechenmaterial', '-1000', 'Attribut wird nicht gefhrt'),
	('BY_DLM_ATT_Oberflaechenmaterial', '1000', 'Beton, Asphalt, Pflaster'),
	('BY_DLM_ATT_Oberflaechenmaterial', '1000', 'unbekannt'),
	('BY_DLM_ATT_Oberflaechenmaterial', '10100', 'Fels'),
	('BY_DLM_ATT_Oberflaechenmaterial', '10200', 'Steine, Schotter'),
	('BY_DLM_ATT_Oberflaechenmaterial', '10300', 'Gerll'),
	('BY_DLM_ATT_Oberflaechenmaterial', '10400', 'Sand'),
	('BY_DLM_ATT_Oberflaechenmaterial', '11200', 'Eis, Firn'),
	('BY_DLM_ATT_Oberflaechenmaterial', '12100', 'Gras, Rasen'),
	('BY_DLM_ATT_Oberflaechenmaterial', '12200', 'Beton'),
	('BY_DLM_ATT_Oberflaechenmaterial', '12300', 'Bitumen, Asphalt'),
	('BY_DLM_ATT_Oberflaechenmaterial', '1250', 'geschottert, gekiest'),
	('BY_DLM_ATT_Oberflaechenmaterial', '12500', 'geschottert, gekiest'),
	('BY_DLM_ATT_OeffentlichBefahrbar', '1000', 'ffentlich'),
	('BY_DLM_ATT_OeffentlichBefahrbar', '1001', 'nicht ffentlich'),
	('BY_DLM_ATT_OeffentlichBefahrbar', '1002', 'Anlieger frei'),
	('BY_DLM_ATT_OeffentlichBefahrbar', '1003', 'mit Sondererlaubnis'),
	('BY_DLM_ATT_OeffentlichBefahrbar', '1004', 'gegen Gebhr'),
	('BY_DLM_ATT_Primaerenergie', '-1000', 'Attribut wird nicht gefhrt'),
	('BY_DLM_ATT_Primaerenergie', '10000', 'Wasser'),
	('BY_DLM_ATT_Primaerenergie', '20000', 'Kernkraft'),
	('BY_DLM_ATT_Primaerenergie', '30000', 'Sonne'),
	('BY_DLM_ATT_Primaerenergie', '40000', 'Wind'),
	('BY_DLM_ATT_Primaerenergie', '60000', 'Erdwrme'),
	('BY_DLM_ATT_Primaerenergie', '71000', 'Kohle'),
	('BY_DLM_ATT_Primaerenergie', '72000', 'l'),
	('BY_DLM_ATT_Primaerenergie', '73000', 'Gas'),
	('BY_DLM_ATT_Primaerenergie', '74000', 'Mll, Abfall'),
	('BY_DLM_ATT_Primaerenergie', '75000', 'Biomasse'),
	('BY_DLM_ATT_Produkt', '-1000', 'Attribut wird nicht gefhrt'),
	('BY_DLM_ATT_Produkt', '11100', 'Erdl'),
	('BY_DLM_ATT_Produkt', '11200', 'Gas'),
	('BY_DLM_ATT_Produkt', '11300', 'Wasser'),
	('BY_DLM_ATT_Produkt', '11310', 'Trinkwasser'),
	('BY_DLM_ATT_Produkt', '11330', 'Abwasser'),
	('BY_DLM_ATT_Produkt', '11400', 'Fernwrme'),
	('BY_DLM_ATT_PruefungGewKennzahl', '1000', 'geprft'),
	('BY_DLM_ATT_PruefungGewKennzahl', '1001', 'vorlufig'),
	('BY_DLM_ATT_SichtbarTrotzVerrohrung', '1000', 'abgeleitete Kartensignaturnummer'),
	('BY_DLM_ATT_SichtbarTrotzVerrohrung', '1001', 'verrohrter Fluss mit Darstellung in der TK'),
	('BY_DLM_ATT_SichtbarkeitInKarto', '-1000', 'Attribut wird nicht gefhrt'),
	('BY_DLM_ATT_SichtbarkeitInKarto', '1000', 'dargestellt'),
	('BY_DLM_ATT_SichtbarkeitInKarto', '1001', 'dargestellt wie LZE=1'),
	('BY_DLM_ATT_SichtbarkeitInKarto', '1002', 'dargestellt wie LZE=2'),
	('BY_DLM_ATT_SichtbarkeitInKarto', '1003', 'nicht in der TK25 und DOK dargestellt (Auf Anleger)'),
	('BY_DLM_ATT_SichtbarkeitInKarto', '1004', 'nicht in der TK25 dargestellt'),
	('BY_DLM_ATT_Speicherinhalt', '11300', 'Wasser'),
	('BY_DLM_ATT_Sportart', '-1000', 'Attribut wird nicht gefhrt'),
	('BY_DLM_ATT_Sportart', '1000', 'Rodelsport (Sommer)'),
	('BY_DLM_ATT_Sportart', '1000', 'sonstige Sportart'),
	('BY_DLM_ATT_Sportart', '1001', 'Bobsport'),
	('BY_DLM_ATT_Sportart', '1001', 'Stocksport'),
	('BY_DLM_ATT_Sportart', '1002', 'Bogenschieen'),
	('BY_DLM_ATT_Sportart', '1002', 'Kartsport'),
	('BY_DLM_ATT_Sportart', '10100', 'Ballsport'),
	('BY_DLM_ATT_Sportart', '10110', 'Fuball'),
	('BY_DLM_ATT_Sportart', '10200', 'Leichtathletik'),
	('BY_DLM_ATT_Sportart', '10300', 'Tennis'),
	('BY_DLM_ATT_Sportart', '10400', 'Reiten'),
	('BY_DLM_ATT_Sportart', '10500', 'Schwimmen'),
	('BY_DLM_ATT_Sportart', '10600', 'Skisport'),
	('BY_DLM_ATT_Sportart', '10700', 'Eissport, Rollschuhlaufen'),
	('BY_DLM_ATT_Sportart', '10800', 'Skating'),
	('BY_DLM_ATT_Sportart', '10900', 'Motorrennsport'),
	('BY_DLM_ATT_Sportart', '11000', 'Radsport'),
	('BY_DLM_ATT_Sportart', '11100', 'Pferderennsport'),
	('BY_DLM_ATT_Sportart', '11150', 'Hunderennsport'),
	('BY_DLM_ATT_Spurweite', '10000', 'Normalspur'),
	('BY_DLM_ATT_Spurweite', '20000', 'Schmalspur'),
	('BY_DLM_ATT_StrassenkonturAmPlatz', '1000', 'Kontur der Strae sichtbar'),
	('BY_DLM_ATT_StrassenkonturAmPlatz', '1001', 'Kontur der Strae nicht sichtbar'),
	('BY_DLM_ATT_Strassentyp', '1000', 'Strae'),
	('BY_DLM_ATT_Strassentyp', '1001', 'Straenkrper'),
	('BY_DLM_ATT_Vegetationsmerkmal', '10100', 'Ackerland'),
	('BY_DLM_ATT_Vegetationsmerkmal', '10110', 'Streuobstacker'),
	('BY_DLM_ATT_Vegetationsmerkmal', '10120', 'Hopfen'),
	('BY_DLM_ATT_Vegetationsmerkmal', '10130', 'Spargel'),
	('BY_DLM_ATT_Vegetationsmerkmal', '10200', 'Grnland'),
	('BY_DLM_ATT_Vegetationsmerkmal', '10210', 'Streuobstwiese'),
	('BY_DLM_ATT_Vegetationsmerkmal', '10300', 'Gartenbauland'),
	('BY_DLM_ATT_Vegetationsmerkmal', '10310', 'Baumschule'),
	('BY_DLM_ATT_Vegetationsmerkmal', '10400', 'Rebflche'),
	('BY_DLM_ATT_Vegetationsmerkmal', '10500', 'Obst- und Nussplantage'),
	('BY_DLM_ATT_Vegetationsmerkmal', '10600', 'Weihnachtsbaumkultur'),
	('BY_DLM_ATT_Vegetationsmerkmal', '1100', 'Laubholz'),
	('BY_DLM_ATT_Vegetationsmerkmal', '11000', 'Kurzumtriebsplantage'),
	('BY_DLM_ATT_Vegetationsmerkmal', '11000', 'Laubholz'),
	('BY_DLM_ATT_Vegetationsmerkmal', '1200', 'Nadelholz'),
	('BY_DLM_ATT_Vegetationsmerkmal', '12000', 'Nadelholz'),
	('BY_DLM_ATT_Vegetationsmerkmal', '1300', 'Laub- und Nadelholz'),
	('BY_DLM_ATT_Vegetationsmerkmal', '13000', 'Laub- und Nadelholz'),
	('BY_DLM_ATT_Wegbreite', '-1000', 'Attribut wird nicht gefhrt'),
	('BY_DLM_ATT_Wegbreite', '1001', '> 2m'),
	('BY_DLM_ATT_Wegbreite', '1002', '<= 2m'),
	('BY_DLM_ATT_Widmung', '-1000', 'Attribut wird nicht gefhrt'),
	('BY_DLM_ATT_Widmung', '1000', 'kein Naturdenkmal'),
	('BY_DLM_ATT_Widmung', '1001', 'Naturdenkmal'),
	('BY_DLM_ATT_Widmung', '1310', 'Gewsser I. Ordnung _ Bundeswasserstrae'),
	('BY_DLM_ATT_Widmung', '13100', 'Gewsser I. Ordnung - Bundeswasserstrae'),
	('BY_DLM_ATT_Widmung', '1320', 'Gewsser I. Ordnung - nach Landesrecht'),
	('BY_DLM_ATT_Widmung', '13200', 'Gewsser I. Ordnung - nach Landesrecht'),
	('BY_DLM_ATT_Widmung', '1330', 'Gewsser II. Ordnung'),
	('BY_DLM_ATT_Widmung', '13300', 'Gewsser II. Ordnung'),
	('BY_DLM_ATT_Widmung', '1340', 'Gewsser III. Ordnung'),
	('BY_DLM_ATT_Widmung', '13400', 'Gewsser III. Ordnung'),
	('BY_DLM_ATT_Widmung', '13401', 'Wasserwirtschaftlich untergeordnet'),
	('BY_DLM_ATT_Widmung', '1341', 'Wasserwirtschaftlich untergeordnet'),
	('BY_DLM_ATT_Widmung', '1342', 'Wildbach'),
	('BY_DLM_ATT_Zone', '10100', 'Zone I'),
	('BY_DLM_ATT_Zone', '10200', 'Zone II'),
	('BY_DLM_ATT_Zone', '10300', 'Zone III'),
	('BY_DLM_ATT_Zustand', '-1000', 'Attribut wird nicht gefhrt'),
	('BY_DLM_ATT_Zustand', '1000', 'In Betrieb'),
	('BY_DLM_ATT_Zustand', '1000', 'Normaler Bewuchs'),
	('BY_DLM_ATT_Zustand', '1000', 'normaler Bewuchs'),
	('BY_DLM_ATT_Zustand', '2100', 'Auer Betrieb, stillgelegt, verlassen'),
	('BY_DLM_ATT_Zustand', '21000', 'Auer Betrieb, stillgelegt, verlassen'),
	('BY_DLM_ATT_Zustand', '40000', 'Im Bau'),
	('BY_DLM_ATT_Zustand', '50000', 'Nass'),
	('BY_DLM_ATT_Zustand', '61000', 'Waldverjngungs-, Neuanpflanzungsflche')
ON CONFLICT (datatype_id, dictionary_key) DO NOTHING;

INSERT INTO openstreetmap_schema.tags (object_type, tag_key, multiplicity, tag_datatype_id) VALUES
	('AX_Bahnstrecke', 'by', '0..1', 'BY_Bahnstrecke'),
	('AX_Bahnverkehr', 'by', '0..1', 'BY_Bahnverkehr'),
	('AX_Bahnverkehrsanlage', 'by', '0..1', 'BY_Bahnverkehrsanlage'),
	('AX_BauwerkImGewaesserbereich', 'by', '0..1', 'BY_BauwerkImGewaesserbereich'),
	('AX_BauwerkImVerkehrsbereich', 'by', '0..1', 'BY_BauwerkImVerkehrsbereich'),
	('AX_BauwerkOderAnlageFuerIndustrieUndGewerbe', 'by', '0..1', 'BY_BauwerkOderAnlageFuerIndustrieUndGewerbe'),
	('AX_BauwerkOderAnlageFuerSportFreizeitUndErholung', 'by', '0..1', 'BY_BauwerkOderAnlageFuerSportFreizeitUndErholung'),
	('AX_Bergbaubetrieb', 'by', '0..1', 'BY_Bergbaubetrieb'),
	('AX_BoeschungKliff', 'by', '0..1', 'BY_BoeschungKliff'),
	('AX_Bundesland', 'by', '0..1', 'BY_Bundesland'),
	('AX_DammWallDeich', 'by', '0..1', 'BY_DammWallDeich'),
	('AX_Denkmalschutzrecht', 'by', '0..1', 'BY_Denkmalschutzrecht'),
	('AX_Duene', 'by', '0..1', 'BY_Duene'),
	('AX_EinrichtungenFuerDenSchiffsverkehr', 'by', '0..1', 'BY_EinrichtungenFuerDenSchiffsverkehr'),
	('AX_Einschnitt', 'by', '0..1', 'BY_Einschnitt'),
	('AX_Fahrbahnachse', 'by', '0..1', 'BY_Fahrbahnachse'),
	('AX_Fahrwegachse', 'by', '0..1', 'BY_Fahrwegachse'),
	('AX_FelsenFelsblockFelsnadel', 'by', '0..1', 'BY_FelsenFelsblockFelsnadel'),
	('AX_FlaecheBesondererFunktionalerPraegung', 'by', '0..1', 'BY_FlaecheBesondererFunktionalerPraegung'),
	('AX_FlaecheGemischterNutzung', 'by', '0..1', 'BY_FlaecheGemischterNutzung'),
	('AX_Fliessgewaesser', 'by', '0..1', 'BY_Fliessgewaesser'),
	('AX_Flugverkehr', 'by', '0..1', 'BY_Flugverkehr'),
	('AX_Flugverkehrsanlage', 'by', '0..1', 'BY_Flugverkehrsanlage'),
	('AX_Friedhof', 'by', '0..1', 'BY_Friedhof'),
	('AX_Gebiet', 'by', '0..1', 'BY_Gebiet'),
	('AX_Gebiet_Bundesland', 'by', '0..1', 'BY_Gebiet_Bundesland'),
	('AX_Gebiet_Kreis', 'by', '0..1', 'BY_Gebiet_Kreis'),
	('AX_Gebiet_Regierungsbezirk', 'by', '0..1', 'BY_Gebiet_Regierungsbezirk'),
	('AX_Gebiet_Verwaltungsgemeinschaft', 'by', '0..1', 'BY_Gebiet_Verwaltungsgemeinschaft'),
	('AX_Gebietsgrenze', 'by', '0..1', 'BY_Gebietsgrenze'),
	('AX_Gehoelz', 'by', '0..1', 'BY_Gehoelz'),
	('AX_Gemeinde', 'by', '0..1', 'BY_Gemeinde'),
	('AX_Gewaesserachse', 'by', '0..1', 'BY_Gewaesserachse'),
	('AX_Gewaessermerkmal', 'by', '0..1', 'BY_Gewaessermerkmal'),
	('AX_Gewaesserstationierungsachse', 'by', '0..1', 'BY_Gewaesserstationierungsachse'),
	('AX_Gleis', 'by', '0..1', 'BY_Gleis'),
	('AX_Grenzuebergang', 'by', '0..1', 'BY_Grenzuebergang'),
	('AX_Hafen', 'by', '0..1', 'BY_Hafen'),
	('AX_Hafenbecken', 'by', '0..1', 'BY_Hafenbecken'),
	('AX_Halde', 'by', '0..1', 'BY_Halde'),
	('AX_Heide', 'by', '0..1', 'BY_Heide'),
	('AX_HistorischesBauwerkOderHistorischeEinrichtung', 'by', '0..1', 'BY_HistorischesBauwerkOderHistorischeEinrichtung'),
	('AX_Hoehleneingang', 'by', '0..1', 'BY_Hoehleneingang'),
	('AX_IndustrieUndGewerbeflaeche', 'by', '0..1', 'BY_IndustrieUndGewerbeflaeche'),
	('AX_Insel', 'by', '0..1', 'BY_Insel'),
	('AX_Kanal', 'by', '0..1', 'BY_Kanal'),
	('AX_KommunalesGebiet', 'by', '0..1', 'BY_KommunalesGebiet'),
	('AX_KreisRegion', 'by', '0..1', 'BY_KreisRegion'),
	('AX_Landwirtschaft', 'by', '0..1', 'BY_Landwirtschaft'),
	('AX_Leitung', 'by', '0..1', 'BY_Leitung'),
	('AX_Meer', 'by', '0..1', 'BY_Meer'),
	('AX_Moor', 'by', '0..1', 'BY_Moor'),
	('AX_NaturUmweltOderBodenschutzrecht', 'by', '0..1', 'BY_NaturUmweltOderBodenschutzrecht'),
	('AX_Ortslage', 'by', '0..1', 'BY_Ortslage'),
	('AX_Platz', 'by', '0..1', 'BY_Platz'),
	('AX_Polder', 'by', '0..1', 'BY_Polder'),
	('AX_Regierungsbezirk', 'by', '0..1', 'BY_Regierungsbezirk'),
	('AX_SchifffahrtslinieFaehrverkehr', 'by', '0..1', 'BY_SchifffahrtslinieFaehrverkehr'),
	('AX_Schiffsverkehr', 'by', '0..1', 'BY_Schiffsverkehr'),
	('AX_Schleuse', 'by', '0..1', 'BY_Schleuse'),
	('AX_SchutzgebietNachNaturUmweltOderBodenschutzrecht', 'by', '0..1', 'BY_SchutzgebietNachNaturUmweltOderBodenschutzrecht'),
	('AX_Schutzzone', 'by', '0..1', 'BY_Schutzzone'),
	('AX_SeilbahnSchwebebahn', 'by', '0..1', 'BY_SeilbahnSchwebebahn'),
	('AX_Sickerstrecke', 'by', '0..1', 'BY_Sickerstrecke'),
	('AX_SonstigesBauwerkOderSonstigeEinrichtung', 'by', '0..1', 'BY_SonstigesBauwerkOderSonstigeEinrichtung'),
	('AX_SonstigesRecht', 'by', '0..1', 'BY_SonstigesRecht'),
	('AX_SportFreizeitUndErholungsflaeche', 'by', '0..1', 'BY_SportFreizeitUndErholungsflaeche'),
	('AX_StehendesGewaesser', 'by', '0..1', 'BY_StehendesGewaesser'),
	('AX_Strasse', 'by', '0..1', 'BY_Strasse'),
	('AX_Strassenachse', 'by', '0..1', 'BY_Strassenachse'),
	('AX_Strassenverkehr', 'by', '0..1', 'BY_Strassenverkehr'),
	('AX_Strassenverkehrsanlage', 'by', '0..1', 'BY_Strassenverkehrsanlage'),
	('AX_Strukturlinie3D', 'by', '0..1', 'BY_Strukturlinie3D'),
	('AX_Sumpf', 'by', '0..1', 'BY_Sumpf'),
	('AX_TagebauGrubeSteinbruch', 'by', '0..1', 'BY_TagebauGrubeSteinbruch'),
	('AX_Testgelaende', 'by', '0..1', 'BY_Testgelaende'),
	('AX_Transportanlage', 'by', '0..1', 'BY_Transportanlage'),
	('AX_Turm', 'by', '0..1', 'BY_Turm'),
	('AX_UnlandVegetationsloseFlaeche', 'by', '0..1', 'BY_UnlandVegetationsloseFlaeche'),
	('AX_Vegetationsmerkmal', 'by', '0..1', 'BY_Vegetationsmerkmal'),
	('AX_Verwaltungsgemeinschaft', 'by', '0..1', 'BY_Verwaltungsgemeinschaft'),
	('AX_VorratsbehaelterSpeicherbauwerk', 'by', '0..1', 'BY_VorratsbehaelterSpeicherbauwerk'),
	('AX_Wald', 'by', '0..1', 'BY_Wald'),
	('AX_Wasserlauf', 'by', '0..1', 'BY_Wasserlauf'),
	('AX_Wasserspiegelhoehe', 'by', '0..1', 'BY_Wasserspiegelhoehe'),
	('AX_WegPfadSteig', 'by', '0..1', 'BY_WegPfadSteig'),
	('AX_Wohnbauflaeche', 'by', '0..1', 'BY_Wohnbauflaeche'),
	('BY_AbgrenzungTechnisch', 'by', '0..1', 'BY_AbgrenzungTechnisch'),
	('BY_AnrainerStaaten', 'by', '0..1', 'BY_AnrainerStaaten'),
	('BY_Freizeitpunkt', 'by', '0..1', 'BY_Freizeitpunkt'),
	('BY_Freizeitwegachse', 'by', '0..1', 'BY_Freizeitwegachse'),
	('BY_Freizeitwegpunkt', 'by', '0..1', 'BY_Freizeitwegpunkt'),
	('BY_IndustrieUndGewerbe', 'by', '0..1', 'BY_IndustrieUndGewerbe'),
	('BY_Kartenrahmen', 'by', '0..1', 'BY_Kartenrahmen'),
	('BY_PtBesFunkPraegung', 'by', '0..1', 'BY_PtBesFunkPraegung'),
	('BY_SonstBauwerkVerkehr', 'by', '0..1', 'BY_SonstBauwerkVerkehr'),
	('BY_Strassennetzverbindung', 'by', '0..1', 'BY_Strassennetzverbindung'),
	('BY_Tankstelle', 'by', '0..1', 'BY_Tankstelle'),
	('BY_VerkehrInPlanung', 'by', '0..1', 'BY_VerkehrInPlanung'),
	('BY_WasserlaufUnsicher', 'by', '0..1', 'BY_WasserlaufUnsicher')
ON CONFLICT (object_type, tag_key) DO NOTHING;
