INSERT INTO openstreetmap_schema.object_types (object_type, is_abstract) VALUES
    ('AA_Objekt', true),
    ('AA_ObjektOhneRaumbezug', true),
    ('AA_NREO', true),
    ('AA_REO', true),
    ('AA_ZUSO', true),
    ('AA_PMO', true),
    ('AG_Objekt', true),
    ('AG_Punktobjekt', true),
    ('AG_Linienobjekt', true),
    ('AG_Flaechenobjekt', true),
    ('AA_Benutzergruppe', true),
    ('AA_Benutzer', true),
    ('AP_GPO', true),
    ('AP_PPO', true),
    ('AU_Punkthaufenobjekt', true),
    ('AP_LPO', true),
    ('AU_Linienobjekt', true),
    ('AP_FPO', true),
    ('AU_Flaechenobjekt', true),
    ('AP_TPO', true),
    ('AP_PTO', true),
    ('AU_Punktobjekt', true),
    ('AP_LTO', true),
    ('AU_KontinuierlichesLinienobjekt', true),
    ('AP_Darstellung', true),
    ('AP_KPO_3D', true),
    ('AU_Punktobjekt_3D', true),
    ('AA_Antrag', true),
    ('AA_Projektsteuerung', true),
    ('AA_Vorgang', true),
    ('AA_Meilenstein', true),
    ('AA_Aktivitaet', true),
    ('AA_Antragsgebiet', true),
    ('AD_PunktCoverage', true),
    ('AD_GitterCoverage', true),
    ('AD_ReferenzierbaresGitter', true),
    ('AD_Wertematrix', true),
    ('AA_PunktLinienThema', true),
    ('TA_PointComponent', true),
    ('TA_CurveComponent', true),
    ('TA_SurfaceComponent', true),
    ('TA_MultiSurfaceComponent', true),
    ('AU_ObjektMitUnabhaengigerGeometrie', true),
    ('AG_ObjektMitGemeinsamerGeometrie', true),
    ('AU_ObjektMitUnabhaengigerGeometrie_3D', true),
    ('AU_MehrfachFlaechenObjekt_3D', true),
    ('AU_GeometrieObjekt_3D', true),
    ('AU_KoerperObjekt_3D', true),
    ('AU_MehrfachLinienObjekt_3D', true),
    ('AU_TrianguliertesOberflaechenObjekt_3D', true),
    ('AU_UmringObjekt_3D', true),
    ('AU_PunkthaufenObjekt_3D', true)
ON CONFLICT (object_type) DO NOTHING;

INSERT INTO openstreetmap_schema.object_types_inheritance (object_type, extends_object_type) VALUES
    ('AA_REO', 'AA_Objekt'),
    ('AA_ZUSO', 'AA_Objekt'),
    ('AA_PMO', 'AA_Objekt'),
    ('AG_Objekt', 'AG_ObjektMitGemeinsamerGeometrie'),
    ('AG_Punktobjekt', 'AG_ObjektMitGemeinsamerGeometrie'),
    ('AG_Linienobjekt', 'AG_ObjektMitGemeinsamerGeometrie'),
    ('AG_Flaechenobjekt', 'AG_ObjektMitGemeinsamerGeometrie'),
    ('AA_Benutzergruppe', 'AA_NREO'),
    ('AA_Benutzer', 'AA_NREO'),
    ('AP_PPO', 'AP_GPO'),
    ('AP_PPO', 'AU_Punkthaufenobjekt'),
    ('AP_LPO', 'AP_GPO'),
    ('AP_LPO', 'AU_Linienobjekt'),
    ('AP_FPO', 'AP_GPO'),
    ('AP_FPO', 'AU_Flaechenobjekt'),
    ('AP_TPO', 'AP_GPO'),
    ('AP_PTO', 'AP_TPO'),
    ('AP_PTO', 'AU_Punktobjekt'),
    ('AP_LTO', 'AP_TPO'),
    ('AP_LTO', 'AU_KontinuierlichesLinienobjekt'),
    ('AP_Darstellung', 'AA_NREO'),
    ('AP_Darstellung', 'AP_GPO'),
    ('AP_KPO_3D', 'AP_GPO'),
    ('AP_KPO_3D', 'AU_Punktobjekt_3D'),
    ('AA_Antrag', 'AA_NREO'),
    ('AA_Projektsteuerung', 'AA_NREO'),
    ('AA_Vorgang', 'AA_NREO'),
    ('AA_Meilenstein', 'AA_NREO'),
    ('AA_Aktivitaet', 'AA_NREO'),
    ('AA_Antragsgebiet', 'AU_Flaechenobjekt'),
    ('AD_PunktCoverage', 'AA_PMO'),
    ('AD_GitterCoverage', 'AA_PMO'),
    ('TA_PointComponent', 'AG_ObjektMitGemeinsamerGeometrie'),
    ('TA_CurveComponent', 'AG_ObjektMitGemeinsamerGeometrie'),
    ('TA_SurfaceComponent', 'AG_ObjektMitGemeinsamerGeometrie'),
    ('TA_MultiSurfaceComponent', 'AG_ObjektMitGemeinsamerGeometrie'),
    ('AU_ObjektMitUnabhaengigerGeometrie', 'AA_REO'),
    ('AG_ObjektMitGemeinsamerGeometrie', 'AA_REO'),
    ('AU_Punktobjekt', 'AU_ObjektMitUnabhaengigerGeometrie'),
    ('AU_ObjektMitUnabhaengigerGeometrie_3D', 'AA_REO'),
    ('AU_MehrfachFlaechenObjekt_3D', 'AA_REO'),
    ('AU_GeometrieObjekt_3D', 'AU_ObjektMitUnabhaengigerGeometrie_3D'),
    ('AU_KoerperObjekt_3D', 'AU_ObjektMitUnabhaengigerGeometrie_3D'),
    ('AU_MehrfachLinienObjekt_3D', 'AU_ObjektMitUnabhaengigerGeometrie_3D'),
    ('AU_TrianguliertesOberflaechenObjekt_3D', 'AU_ObjektMitUnabhaengigerGeometrie_3D'),
    ('AU_UmringObjekt_3D', 'AU_ObjektMitUnabhaengigerGeometrie_3D'),
    ('AU_Punktobjekt_3D', 'AU_ObjektMitUnabhaengigerGeometrie_3D'),
    ('AU_PunkthaufenObjekt_3D', 'AU_ObjektMitUnabhaengigerGeometrie_3D')
ON CONFLICT (object_type, extends_object_type) DO NOTHING;

INSERT INTO openstreetmap_schema.datatypes (datatype_id, datatype_type) VALUES
    ('AA_Fachdatenverbindung', 'COMPLEX'),
    ('CharacterString', 'PRIMITIVE'),
    ('AA_UUID', 'COMPLEX'),
    ('AA_Lebenszeitintervall', 'COMPLEX'),
    ('AA_Modellart', 'COMPLEX'),
    ('AA_Anlassart', 'DICTIONARY'),
    ('URI', 'PRIMITIVE'),
    ('AA_Fachdatenobjekt', 'COMPLEX'),
    ('DateTime', 'PRIMITIVE'),
    ('AA_AdVStandardModell', 'DICTIONARY'),
    ('AA_WeitereModellart', 'DICTIONARY'),
    ('GM_Envelope', 'PRIMITIVE'),
    ('AG_Geometrie', 'COMPLEX'),
    ('GM_PointRef', 'PRIMITIVE'),
    ('GM_CompositeCurve', 'PRIMITIVE'),
    ('AA_Flaechengeometrie', 'COMPLEX'),
    ('AA_Auftrag', 'COMPLEX'),
    ('AA_Empfaenger', 'COMPLEX'),
    ('AA_NAS_Ausgabeform', 'DICTIONARY'),
    ('AA_Benutzungsauftrag', 'COMPLEX'),
    ('AA_Anlassart_Benutzungsauftrag', 'DICTIONARY'),
    ('SC_CRS', 'PRIMITIVE'),
    ('Query', 'PRIMITIVE'),
    ('AA_Fortfuehrungsauftrag', 'COMPLEX'),
    ('AA_Koordinatenreferenzsystemangaben', 'COMPLEX'),
    ('Transaction', 'COMPLEX'),
    ('AA_Ergebnis', 'COMPLEX'),
    ('Boolean', 'PRIMITIVE'),
    ('AA_Bestandsdatenauszug', 'COMPLEX'),
    ('AA_Objektliste', 'COMPLEX'),
    ('FeatureCollection', 'COMPLEX'),
    ('SC_CRS', 'COMPLEX'),
    ('Integer', 'PRIMITIVE'),
    ('AA_Fortfuehrungsergebnis', 'COMPLEX'),
    ('AA_Themendefinition', 'COMPLEX'),
    ('AA_Art_Themendefinition', 'DICTIONARY'),
    ('AA_Themendimension', 'DICTIONARY'),
    ('DCP', 'COMPLEX'),
    ('HTTP', 'COMPLEX'),
    ('SMTP', 'COMPLEX'),
    ('DataContents', 'COMPLEX'),
    ('AC_FeatureCatalogue', 'COMPLEX'),
    ('Operation', 'DICTIONARY'),
    ('ExceptionFortfuehrung', 'COMPLEX'),
    ('GetCapabilities', 'COMPLEX'),
    ('ServiceMetadata', 'COMPLEX'),
    ('Filter_Capabilities', 'COMPLEX'),
    ('NAS_Filter_Capabilities', 'DICTIONARY'),
    ('Angle', 'COMPLEX'),
    ('Real', 'COMPLEX'),
    ('AP_HorizontaleAusrichtung', 'DICTIONARY'),
    ('AP_VertikaleAusrichtung', 'DICTIONARY'),
    ('AP_DateiTyp_3D', 'DICTIONARY'),
    ('AP_TransformationsMatrix_3D', 'COMPLEX'),
    ('AA_Antragsart', 'COMPLEX'),
    ('AA_Projektsteuerungsart', 'COMPLEX'),
    ('AA_Gebuehrenangaben', 'COMPLEX'),
    ('AA_Gebuehrenparameter', 'COMPLEX'),
    ('AA_Projektsteuerungskatalog', 'COMPLEX'),
    ('AA_Vorgangsart', 'COMPLEX'),
    ('AA_BesondereMeilensteinkategorie', 'COMPLEX'),
    ('AA_VorgangInProzess', 'COMPLEX'),
    ('AA_Dokumentationsbedarf', 'DICTIONARY'),
    ('AA_Aktivitaetsart', 'COMPLEX'),
    ('AA_ProzesszuordnungAktivitaet', 'DICTIONARY'),
    ('AA_AktivitaetInVorgang', 'COMPLEX'),
    ('AA_DurchfuehrungAktivitaet', 'DICTIONARY'),
    ('GM_MultiPoint', 'PRIMITIVE'),
    ('Sequence<Record>', 'PRIMITIVE'),
    ('CV_GridEnvelope', 'PRIMITIVE'),
    ('DirectPosition', 'PRIMITIVE'),
    ('Sequence<vector>', 'PRIMITIVE'),
    ('Sequence<CharacterString>', 'PRIMITIVE'),
    ('Sequence<Record>', 'PRIMITIVE'),
    ('CV_SequenceRule', 'PRIMITIVE'),
    ('CV_GridCoordinate', 'PRIMITIVE'),
    ('AA_Liniengeometrie', 'COMPLEX'),
    ('GM_Curve', 'PRIMITIVE'),
    ('GM_PolyhedralSurface', 'PRIMITIVE'),
    ('GM_MultiSurface', 'PRIMITIVE'),
    ('TS_Face', 'COMPLEX'),
    ('AU_Geometrie', 'COMPLEX'),
    ('GM_Point', 'PRIMITIVE'),
    ('GM_MultiCurve', 'PRIMITIVE'),
    ('AU_Objekt', 'COMPLEX'),
    ('AA_Punktgeometrie', 'COMPLEX'),
    ('AA_MehrfachFlaechenGeometrie_3D', 'COMPLEX'),
    ('AU_Geometrie_3D', 'COMPLEX'),
    ('GM_Solid', 'COMPLEX'),
    ('AA_MehrfachLinienGeometrie_3D', 'COMPLEX'),
    ('GM_TriangulatedSurface', 'PRIMITIVE'),
    ('GM_SurfaceBoundary', 'PRIMITIVE'),
    ('AA_Punktgeometrie_3D', 'COMPLEX'),
    ('GM_OrientableSurface', 'PRIMITIVE')
ON CONFLICT (datatype_id) DO NOTHING;

INSERT INTO openstreetmap_schema.datatypes_inheritance (datatype_id, extends_datatype_id) VALUES
    ('AA_Benutzungsauftrag', 'AA_Auftrag'),
    ('AA_Fortfuehrungsauftrag', 'AA_Auftrag'),
    ('AA_Bestandsdatenauszug', 'AA_Ergebnis'),
    ('AA_Bestandsdatenauszug', 'AA_Objektliste'),
    ('AA_Fortfuehrungsergebnis', 'AA_Ergebnis')
ON CONFLICT (datatype_id, extends_datatype_id) DO NOTHING;

INSERT INTO openstreetmap_schema.datatypes_complex (datatype_id, tag_key, multiplicity, tag_datatype_id) VALUES
    ('AA_UUID', 'UID_UUID', '1', 'CharacterString'),
    ('AA_UUID', 'UIT_UUIDundZeit', '1', 'CharacterString'),
    ('AA_Fachdatenverbindung', 'ART_art', '1', 'URI'),
    ('AA_Fachdatenverbindung', 'FDO_fachdatenobjekt', '1', 'AA_Fachdatenobjekt'),
    ('AA_Fachdatenobjekt', 'NAM_name', '1', 'CharacterString'),
    ('AA_Fachdatenobjekt', 'URI_uri', '1', 'URI'),
    ('AA_Lebenszeitintervall', 'BEG_beginnt', '1', 'DateTime'),
    ('AA_Lebenszeitintervall', 'END_endet', '0..1', 'DateTime'),
    ('AA_Modellart', 'STM_advStandardModell', '1', 'AA_AdVStandardModell'),
    ('AA_Modellart', 'SOM_sonstigesModell', '1', 'AA_WeitereModellart'),
    ('AA_Auftrag', 'EMP_empfaenger', '1', 'AA_Empfaenger'),
    ('AA_Auftrag', 'AGF_ausgabeform', '1', 'AA_NAS_Ausgabeform'),
    ('AA_Benutzungsauftrag', 'ART_art', '1', 'AA_Anlassart_Benutzungsauftrag'),
    ('AA_Benutzungsauftrag', 'CRS_koordinatenreferenzsystem', '0..1', 'SC_CRS'),
    ('AA_Benutzungsauftrag', 'ANF_anforderungsmerkmale', '1.*', 'Query'),
    ('AA_Fortfuehrungsauftrag', 'KOA_koordinatenangaben', '0.*', 'AA_Koordinatenreferenzsystemangaben'),
    ('AA_Fortfuehrungsauftrag', 'TAC_geaenderteObjekte', '1', 'Transaction'),
    ('AA_Ergebnis', 'ERL_erlaeuterung', '0..1', 'CharacterString'),
    ('AA_Ergebnis', 'ERF_erfolgreich', '1', 'Boolean'),
    ('AA_Objektliste', 'KOA_koordinatenangaben', '0..*', 'AA_Koordinatenreferenzsystemangaben'),
    ('AA_Objektliste', 'EFC_enthaelt', '0..1', 'FeatureCollection'),
    ('AA_Koordinatenreferenzsystemangaben', 'CRS_crs', '1', 'SC_CRS'),
    ('AA_Koordinatenreferenzsystemangaben', 'NKS_anzahlDerNachkommastellen', '1', 'Integer'),
    ('AA_Koordinatenreferenzsystemangaben', 'STD_standard', '1', 'Boolean'),
    ('AA_Themendefinition', 'NAM_name', '1', 'CharacterString'),
    ('AA_Themendefinition', 'ART_art', '1', 'AA_Art_Themendefinition'),
    ('AA_Themendefinition', 'OAR_objektart', '1..*', 'CharacterString'),
    ('AA_Themendefinition', 'MAR_modellart', '1', 'AA_Modellart'),
    ('AA_Themendefinition', 'DIM_dimension', '1', 'AA_Themendimension'),
    ('AA_Empfaenger', 'DIR_direkt', '1', 'Boolean'),
    ('AA_Empfaenger', 'EMA_email', '1', 'URI'),
    ('AA_Empfaenger', 'HTT_http', '1', 'URI'),
    ('AA_Empfaenger', 'MAN_manuell', '1', 'CharacterString'),
    ('DCP', 'HTTP', '1', 'HTTP'),
    ('DCP', 'email', '1', 'SMTP'),
    ('DCP', 'manuell', '1', 'CharacterString'),
    ('DataContents', 'beginnDerHistorie', '0..1', 'DateTime'),
    ('DataContents', 'featureCatalogue', '1', 'AC_FeatureCatalogue'),
    ('DataContents', 'defaultSRS', '1', 'URI'),
    ('DataContents', 'otherSRS', '0..*', 'URI'),
    ('DataContents', 'operations', '0..*', 'Operation'),
    ('ExceptionFortfuehrung', 'bereitsGesperrteObjekte', '0..*', 'AA_UUID'),
    ('ExceptionFortfuehrung', 'nichtMehrAktuelleObjekte', '0..*', 'AA_UUID'),
    ('GetCapabilities', 'service', '1', 'CharacterString'),
    ('GetCapabilities', 'PKN_profilkennung', '0..1', 'CharacterString'),
    ('ServiceMetadata', 'contents', '0..1', 'DataContents'),
    ('ServiceMetadata', 'filterCapabilities', '0..1', 'Filter_Capabilities'),
    ('ServiceMetadata', 'extendedFilterCapabilities', '0..*', 'NAS_Filter_Capabilities'),
    ('AP_TransformationsMatrix_3D', 'parameter', '1..*', 'Real'),
    ('AA_Antragsart', 'NAM_name', '1', 'CharacterString'),
    ('AA_Projektsteuerungsart', 'NAM_name', '1', 'CharacterString'),
    ('AA_Projektsteuerungsart', 'DEF_definition', '0..1', 'CharacterString'),
    ('AA_Projektsteuerungsart', 'EFA_erlaubterFortfuehrungsanlass', '0..*', 'AA_Anlassart'),
    ('AA_Projektsteuerungsart', 'GEB_gebietPflicht', '0..1', 'Boolean'),
    ('AA_Projektsteuerungsart', 'GEP_gebuehren', '0..*', 'AA_Gebuehrenangaben'),
    ('AA_Gebuehrenangaben', 'PMA_parameterArt', '1', 'AA_Gebuehrenparameter'),
    ('AA_Gebuehrenangaben', 'PMW_parameterWert', '1', 'CharacterString'),
    ('AA_Vorgangsart', 'NAM_name', '1', 'CharacterString'),
    ('AA_Vorgangsart', 'DEF_definition', '0..1', 'CharacterString'),
    ('AA_Vorgangsart', 'ZBN_zulaessigeBenutzergruppe', '0..*', 'CharacterString'),
    ('AA_Vorgangsart', 'SYN_synchronisiert', '1', 'Boolean'),
    ('AA_VorgangInProzess', 'DOK_dokumentation', '0..1', 'AA_Dokumentationsbedarf'),
    ('AA_VorgangInProzess', 'OPT_optional', '0..1', 'Boolean'),
    ('AA_VorgangInProzess', 'ERL_erlaeuterung', '0..1', 'CharacterString'),
    ('AA_Aktivitaetsart', 'NAM_name', '1', 'CharacterString'),
    ('AA_Aktivitaetsart', 'DEF_definition', '0..1', 'CharacterString'),
    ('AA_Aktivitaetsart', 'RHF_reihenfolge', '0..1', 'Integer'),
    ('AA_Aktivitaetsart', 'ZUO_zuordnung', '1', 'AA_ProzesszuordnungAktivitaet'),
    ('AA_AktivitaetInVorgang', 'ERL_erlaeuterung', '0..1', 'CharacterString'),
    ('AA_AktivitaetInVorgang', 'DFU_durchfuehrung', '0..1', 'AA_DurchfuehrungAktivitaet'),
    ('AA_Liniengeometrie', 'LIN_linie', '1', 'GM_Curve'),
    ('AA_Liniengeometrie', 'ZLI_zusammengesetzteLinie', '1', 'GM_CompositeCurve'),
    ('AA_Flaechengeometrie', 'FLA_flaeche', '1', 'GM_PolyhedralSurface'),
    ('AA_Flaechengeometrie', 'FLG_getrennteFlaechen', '1', 'GM_MultiSurface'),
    ('AU_Geometrie', 'PGE_punkt', '1', 'GM_Point'),
    ('AU_Geometrie', 'LGE_zusammengesetzteLinie', '1', 'AA_Liniengeometrie'),
    ('AU_Geometrie', 'LIN_linie', '1', 'GM_MultiCurve'),
    ('AU_Geometrie', 'FGE_flaeche', '1', 'AA_Flaechengeometrie'),
    ('AU_Objekt', 'UPO_position', '1', 'AU_Geometrie'),
    ('AA_Punktgeometrie', 'PKT_punkt', '1', 'GM_Point'),
    ('AA_Punktgeometrie', 'PHA_punkthaufen', '1', 'GM_MultiPoint'),
    ('AA_MehrfachFlaechenGeometrie_3D', 'mehrfachFlaeche', '1', 'GM_MultiSurface'),
    ('AA_MehrfachFlaechenGeometrie_3D', 'flaeche', '1', 'GM_OrientableSurface'),
    ('AA_MehrfachLinienGeometrie_3D', 'linie', '1', 'GM_Curve'),
    ('AA_MehrfachLinienGeometrie_3D', 'mehrfachLinie', '1', 'GM_MultiCurve'),
    ('AA_Punktgeometrie_3D', 'punkt', '1', 'GM_Point'),
    ('AA_Punktgeometrie_3D', 'punkthaufen', '1', 'GM_MultiPoint'),
    ('AU_Geometrie_3D', 'koerper', '1', 'GM_Solid'),
    ('AU_Geometrie_3D', 'mehrfachLinie', '1', 'AA_MehrfachLinienGeometrie_3D'),
    ('AU_Geometrie_3D', 'mehrfachFlaeche', '1', 'AA_MehrfachFlaechenGeometrie_3D'),
    ('AU_Geometrie_3D', 'mehrfachPunkt', '1', 'AA_Punktgeometrie_3D'),
    ('AU_Geometrie_3D', 'umring', '1', 'GM_SurfaceBoundary'),
    ('AU_Geometrie_3D', 'tin', '1', 'GM_TriangulatedSurface')
ON CONFLICT (datatype_id, tag_key) DO NOTHING;

INSERT INTO openstreetmap_schema.datatypes_dictionary (datatype_id, dictionary_key, dictionary_description) VALUES
    ('AA_AdVStandardModell', 'DLKM', 'LiegenschaftskatasterModell'),
    ('AA_AdVStandardModell', 'DKKM500', 'KatasterkartenModell500'),
    ('AA_AdVStandardModell', 'DKKM1000', 'KatasterkartenModell1000'),
    ('AA_AdVStandardModell', 'DKKM2000', 'KatasterkartenModell2000'),
    ('AA_AdVStandardModell', 'DKKM5000', 'KatasterkartenModell5000'),
    ('AA_AdVStandardModell', 'Basis-DLM', 'BasisLandschaftsModell'),
    ('AA_AdVStandardModell', 'DLM50', 'LandschaftsModell50'),
    ('AA_AdVStandardModell', 'DLM250', 'LandschaftsModell250'),
    ('AA_AdVStandardModell', 'DLM1000', 'LandschaftsModell1000'),
    ('AA_AdVStandardModell', 'DTK10', 'TopographischeKarte10'),
    ('AA_AdVStandardModell', 'DTK25', 'TopographischeKarte25'),
    ('AA_AdVStandardModell', 'DTK50', 'TopographischeKarte50'),
    ('AA_AdVStandardModell', 'DTK100', 'TopographischeKarte100'),
    ('AA_AdVStandardModell', 'DTK250', 'TopographischeKarte250'),
    ('AA_AdVStandardModell', 'DTK1000', 'TopographischeKarte1000'),
    ('AA_AdVStandardModell', 'DFGM', 'Festpunktmodell'),
    ('AA_AdVStandardModell', 'DHM', 'DigitalesHoehenmodell'),
    ('AA_AdVStandardModell', 'LoD1', 'LevelOfDetail1'),
    ('AA_AdVStandardModell', 'LoD2', 'LevelOfDetail2'),
    ('AA_AdVStandardModell', 'LoD3', 'LevelOfDetail3'),
    ('AA_AdVStandardModell', 'GeoBasis-DE', 'LandbedeckungLandnutzung'),
    ('AA_AdVStandardModell', 'GVM', 'GeometrischesVerbesserungsModell'),
    ('AA_AdVStandardModell', 'BRM', 'Bodenrichtwertemodell'),
    ('AA_WeitereModellart', 'DTK10A', 'DigitaleTopographischeKarte10AKG'),
    ('AA_WeitereModellart', 'DTK25A', 'DigitaleTopographischeKarte25AKG'),
    ('AA_WeitereModellart', 'DTK50A', 'DigitaleTopographischeKarte50AKG'),
    ('AA_WeitereModellart', 'DTK100A', 'DigitaleTopographischeKarte100AKG'),
    ('AA_WeitereModellart', 'TFIS25', 'TopographischesFreizeitInformationsSystem25'),
    ('AA_WeitereModellart', 'TFIS50', 'TopographischesFreizeitInformationsSystem50'),
    ('AA_NAS_Ausgabeform', 'application/xml', 'application/xml'),
    ('AA_NAS_Ausgabeform', 'application/zip', 'application/zip'),
    ('AA_NAS_Ausgabeform', 'application/gzip', 'application/gzip'),
    ('AA_Anlassart_Benutzungsauftrag', '0010', 'Bestandsdatenauszug'),
    ('AA_Art_Themendefinition', '1000', 'alleObjekte'),
    ('AA_Themendimension', '1000', 'Punkt-Linien-Thema (Dimension 1)'),
    ('AA_Themendimension', '1000', 'Topologiethema (Dimension 2)'),
    ('Operation', 'Insert', 'Insert'),
    ('Operation', 'Replace', 'Replace'),
    ('Operation', 'Delete', 'Delete'),
    ('Operation', 'Query', 'Query'),
    ('Operation', 'Lock', 'Lock'),
    ('Operation', 'Unlock', 'Unlock'),
    ('Operation', 'Reserve', 'Reserve'),
    ('NAS_Filter_Capabilities', 'transparentXlinks', 'transparentXlinks'),
    ('NAS_Filter_Capabilities', 'multiplePropertyValues', 'multiplePropertyValues'),
    ('NAS_Filter_Capabilities', 'PropertyName', 'PropertyName'),
    ('NAS_Filter_Capabilities', 'XlinkPropertyPath_leafOnly', 'XlinkPropertyPath_leafOnly'),
    ('NAS_Filter_Capabilities', 'PropertyIsOfType', 'PropertyIsOfType'),
    ('AP_HorizontaleAusrichtung', 'linksbündig', 'linksbündig'),
    ('AP_HorizontaleAusrichtung', 'rechtsbündig', 'rechtsbündig'),
    ('AP_HorizontaleAusrichtung', 'zentrisch', 'zentrisch'),
    ('AP_VertikaleAusrichtung', 'Basis', 'Basis'),
    ('AP_VertikaleAusrichtung', 'Mitte', 'Mitte'),
    ('AP_VertikaleAusrichtung', 'oben', 'oben'),
    ('AP_DateiTyp_3D', '1000', 'CityGML'),
    ('AP_DateiTyp_3D', '2000', 'VRML'),
    ('AP_DateiTyp_3D', '3000', 'kml'),
    ('AP_DateiTyp_3D', '4000', 'X3D'),
    ('AP_DateiTyp_3D', '5000', 'COLLADA'),
    ('AP_DateiTyp_3D', '9990', 'unbekannt'),
    ('AA_Anlassart', '200100', 'Eintragen eines Gebäudes'),
    ('AA_Anlassart', '000000', 'Ersteinrichtung'),
    ('AA_Anlassart', '200300', 'Löschen eines Gebäudes'),
    ('AA_Anlassart', '300501', 'Veränderung aufgrund der Kartenanpassung'),
    ('AA_Anlassart', '300500', 'Veränderung aufgrund der Homogenisierung'),
    ('AA_Anlassart', '200200', 'Veränderung der Gebäudeeigenschaften'),
    ('AA_Anlassart', '300900', 'Veränderung der Geometrie durch Implizitbehandlung'),
    ('AA_Anlassart', '300300', 'Veränderung der tatsächlichen Nutzung'),
    ('AA_Anlassart', '300200', 'Veränderung von Bauwerken, Einrichtungen und sonstigen Angaben'),
    ('AA_Anlassart', '200000', 'Veränderung von Gebäudedaten'),
    ('AA_Dokumentationsbedarf', '1000', 'Ja'),
    ('AA_Dokumentationsbedarf', '2000', 'Nein'),
    ('AA_Dokumentationsbedarf', '3000', 'Verminderte Dokumentation'),
    ('AA_ProzesszuordnungAktivitaet', '1000', 'Erhebung'),
    ('AA_ProzesszuordnungAktivitaet', '2000', 'Qualifizierung'),
    ('AA_ProzesszuordnungAktivitaet', '3000', 'Prozesskommunikation'),
    ('AA_DurchfuehrungAktivitaet', '1000', 'erforderlich'),
    ('AA_DurchfuehrungAktivitaet', '2000', 'nicht möglich'),
    ('AA_DurchfuehrungAktivitaet', '3000', 'optional')
ON CONFLICT (datatype_id, dictionary_key) DO NOTHING;

INSERT INTO openstreetmap_schema.tags (object_type, tag_key, multiplicity, tag_datatype_id) VALUES
    -- AA_Objekt
    ('AA_Objekt', 'FDV_zeigtAufExternes', '0..*', 'AA_Fachdatenverbindung'),
    ('AA_Objekt', 'QID_quellobjektID', '0..1', 'CharacterString'),
    ('AA_Objekt', 'OID_identifikator', '1', 'AA_UUID'),
    ('AA_Objekt', 'LZI_lebenszeitintervall', '1', 'AA_Lebenszeitintervall'),
    ('AA_Objekt', 'MAT_modellart', '1..*', 'AA_Modellart'),
    ('AA_Objekt', 'ANL_anlass', '0..2', 'AA_Anlassart'),
    ('AA_PMO', 'NAM_name', '0..1', 'CharacterString'),
    ('AA_PMO', 'BES_beschreibung', '0..1', 'CharacterString'),
    ('AA_PMO', 'MBB_ausdehnung', '1', 'GM_Envelope'),
    ('AG_Objekt', 'GPO_position', '1', 'AG_Geometrie'),
    ('AG_Punktobjekt', 'GPO_position', '1', 'GM_PointRef'),
    ('AG_Linienobjekt', 'GPO_position', '1', 'GM_CompositeCurve'),
    ('AG_Flaechenobjekt', 'GPO_position', '1', 'AA_Flaechengeometrie'),
    ('AP_GPO', 'SNR_signaturnummer', '0..1', 'CharacterString'),
    ('AP_GPO', 'DPR_darstellungsprioritaet', '0..1', 'Integer'),
    ('AP_GPO', 'ART_art', '0..1', 'CharacterString'),
    ('AP_PPO', 'DWI_drehwinkel', '0..1', 'Angle'),
    ('AP_PPO', 'SKA_skalierung', '0..1', 'Real'),
    ('AP_TPO', 'SIT_schriftinhalt', '0..1', 'CharacterString'),
    ('AP_TPO', 'FSP_fontSperrung', '1', 'Real'),
    ('AP_TPO', 'SKA_skalierung', '1', 'Real'),
    ('AP_TPO', 'FHA_horizontaleAusrichtung', '1', 'AP_HorizontaleAusrichtung'),
    ('AP_TPO', 'FVA_vertikaleAusrichtung', '1', 'AP_VertikaleAusrichtung'),
    ('AP_PTO', 'DWI_drehwinkel', '0..1', 'Angle'),
    ('AP_Darstellung', 'PNR_positionierungsregel', '0..1', 'CharacterString'),
    ('AP_KPO_3D', 'dateiTyp', '1', 'AP_DateiTyp_3D'),
    ('AP_KPO_3D', 'referenzZumFremdobjekt', '1', 'URI'),
    ('AP_KPO_3D', 'transformationsMatrix', '0..1', 'AP_TransformationsMatrix_3D'),
    ('AA_Antrag', 'KNZ_kennzeichen', '1', 'CharacterString'),
    ('AA_Antrag', 'ANU_antragUnterbrochen', '1', 'Boolean'),
    ('AA_Antrag', 'ERL_erlaeuterungZumStatus', '0..1', 'CharacterString'),
    ('AA_Vorgang', 'ERL_erlaeuterung', '0..1', 'CharacterString'),
    ('AA_Meilenstein', 'BGO_begonnen', '0..1', 'Boolean'),
    ('AA_Meilenstein', 'ABG_abgeschlossen', '0..1', 'Boolean'),
    ('AA_Meilenstein', 'ERF_erfolgreich', '0..1', 'Boolean'),
    ('AA_Meilenstein', 'WAN_wannAbgeschlossen', '0..1', 'DateTime'),
    ('AA_Meilenstein', 'KAT_kategorie', '0..1', 'AA_BesondereMeilensteinkategorie'),
    ('AA_Meilenstein', 'BEM_bemerkung', '0..1', 'CharacterString'),
    ('AA_Aktivitaet', 'ERL_erlaeuterung', '0..1', 'CharacterString'),
    ('AD_PunktCoverage', 'GEO_geometrie', '1', 'GM_MultiPoint'),
    ('AD_PunktCoverage', 'VAL_werte', '1', 'Sequence<Record>'),
    ('AD_ReferenzierbaresGitter', 'ANZ_anzahlZeilenSpalten', '1', 'CV_GridEnvelope'),
    ('AD_ReferenzierbaresGitter', 'URS_ursprung', '1', 'DirectPosition'),
    ('AD_ReferenzierbaresGitter', 'OFS_offsetVektoren', '1', 'Sequence<vector>'),
    ('AD_ReferenzierbaresGitter', 'ACH_achsenNamen', '1', 'Sequence<CharacterString>'),
    ('AD_Wertematrix', 'VAL_werte', '1', 'Sequence<Record>'),
    ('AD_Wertematrix', 'FLG_werteReihenfolge', '0..1', 'CV_SequenceRule'),
    ('AD_Wertematrix', 'STP_startPunkt', '0..1', 'CV_GridCoordinate'),
    ('AA_PunktLinienThema', 'NAM_name', '1', 'CharacterString'),
    ('TA_MultiSurfaceComponent', 'masche', '1..*', 'TS_Face'),
    ('AU_Punktobjekt', 'UPO_position', '1', 'GM_Point'),
    ('AU_Linienobjekt', 'UPO_position', '1', 'GM_MultiCurve'),
    ('AU_KontinuierlichesLinienobjekt', 'UPO_position', '1', 'AA_Liniengeometrie'),
    ('AU_Flaechenobjekt', 'UPO_position', '1', 'AA_Flaechengeometrie'),
    ('AU_Punkthaufenobjekt', 'UPO_position', '1', 'AA_Punktgeometrie'),
    ('AU_MehrfachFlaechenObjekt_3D', 'position', '1', 'AA_MehrfachFlaechenGeometrie_3D'),
    ('AU_GeometrieObjekt_3D', 'position', '1', 'AU_Geometrie_3D'),
    ('AU_KoerperObjekt_3D', 'position', '1', 'GM_Solid'),
    ('AU_MehrfachLinienObjekt_3D', 'position', '1', 'AA_MehrfachLinienGeometrie_3D'),
    ('AU_TrianguliertesOberflaechenObjekt_3D', 'position', '1', 'GM_TriangulatedSurface'),
    ('AU_UmringObjekt_3D', 'position', '1', 'GM_SurfaceBoundary'),
    ('AU_Punktobjekt_3D', 'position', '1', 'GM_Point'),
    ('AU_PunkthaufenObjekt_3D', 'position', '1', 'AA_Punktgeometrie_3D')
ON CONFLICT (object_type, tag_key) DO NOTHING;


